status,filepath,size_bytes,n_trees,tree_names
OK,/exp/uboone/data/users/jburridg/Nuance/NUANCE/NUANCE_event_files/output/root/PoT_Nuance_event_files/11th_test_run/events_1534.root,41999,4,h100;h3;h1;h50
OK,/exp/uboone/data/users/jburridg/Nuance/NUANCE/NUANCE_event_files/output/root/PoT_Nuance_event_files/11th_test_run/events_2069.root,42552,4,h100;h3;h1;h50
OK,/exp/uboone/data/users/jburridg/Nuance/NUANCE/NUANCE_event_files/output/root/PoT_Nuance_event_files/11th_test_run/events_2643.root,42464,4,h100;h3;h1;h50
OK,/exp/uboone/data/users/jburridg/Nuance/NUANCE/NUANCE_event_files/output/root/PoT_Nuance_event_files/11th_test_run/events_1571.root,43865,4,h100;h3;h1;h50
OK,/exp/uboone/data/users/jburridg/Nuance/NUANCE/NUANCE_event_files/output/root/PoT_Nuance_event_files/11th_test_run/events_1576.root,44255,4,h100;h3;h1;h50
OK,/exp/uboone/data/users/jburridg/Nuance/NUANCE/NUANCE_event_files/output/root/PoT_Nuance_event_files/11th_test_run/events_2307.root,42582,4,h100;h3;h1;h50
OK,/exp/uboone/data/users/jburridg/Nuance/NUANCE/NUANCE_event_files/output/root/PoT_Nuance_event_files/11th_test_run/events_1528.root,42392,4,h100;h3;h1;h50
OK,/exp/uboone/data/users/jburridg/Nuance/NUANCE/NUANCE_event_files/output/root/PoT_Nuance_event_files/11th_test_run/events_1683.root,45668,4,h100;h3;h1;h50
OK,/exp/uboone/data/users/jburridg/Nuance/NUANCE/NUANCE_event_files/output/root/PoT_Nuance_event_files/11th_test_run/events_2833.root,41364,4,h100;h3;h1;h50
OK,/exp/uboone/data/users/jburridg/Nuance/NUANCE/NUANCE_event_files/output/root/PoT_Nuance_event_files/11th_test_run/events_1584.root,42896,4,h100;h3;h1;h50
OK,/exp/uboone/data/users/jburridg/Nuance/NUANCE/NUANCE_event_files/output/root/PoT_Nuance_event_files/11th_test_run/events_2186.root,45278,4,h100;h3;h1;h50
OK,/exp/uboone/data/users/jburridg/Nuance/NUANCE/NUANCE_event_files/output/root/PoT_Nuance_event_files/11th_test_run/events_2920.root,39564,4,h100;h3;h1;h50
OK,/exp/uboone/data/users/jburridg/Nuance/NUANCE/NUANCE_event_files/output/root/PoT_Nuance_event_files/11th_test_run/events_2461.root,41875,4,h100;h3;h1;h50
OK,/exp/uboone/data/users/jburridg/Nuance/NUANCE/NUANCE_event_files/output/root/PoT_Nuance_event_files/11th_test_run/events_1752.root,42652,4,h100;h3;h1;h50
OK,/exp/uboone/data/users/jburridg/Nuance/NUANCE/NUANCE_event_files/output/root/PoT_Nuance_event_files/11th_test_run/events_1848.root,44027,4,h100;h3;h1;h50
OK,/exp/uboone/data/users/jburridg/Nuance/NUANCE/NUANCE_event_files/output/root/PoT_Nuance_event_files/11th_test_run/events_2711.root,40799,4,h100;h3;h1;h50
OK,/exp/uboone/data/users/jburridg/Nuance/NUANCE/NUANCE_event_files/output/root/PoT_Nuance_event_files/11th_test_run/events_1959.root,44053,4,h100;h3;h1;h50
OK,/exp/uboone/data/users/jburridg/Nuance/NUANCE/NUANCE_event_files/output/root/PoT_Nuance_event_files/11th_test_run/events_2955.root,41306,4,h100;h3;h1;h50
OK,/exp/uboone/data/users/jburridg/Nuance/NUANCE/NUANCE_event_files/output/root/PoT_Nuance_event_files/11th_test_run/events_1569.root,41733,4,h100;h3;h1;h50
OK,/exp/uboone/data/users/jburridg/Nuance/NUANCE/NUANCE_event_files/output/root/PoT_Nuance_event_files/11th_test_run/events_2618.root,42502,4,h100;h3;h1;h50
OK,/exp/uboone/data/users/jburridg/Nuance/NUANCE/NUANCE_event_files/output/root/PoT_Nuance_event_files/11th_test_run/events_2609.root,43390,4,h100;h3;h1;h50
OK,/exp/uboone/data/users/jburridg/Nuance/NUANCE/NUANCE_event_files/output/root/PoT_Nuance_event_files/11th_test_run/events_2528.root,44682,4,h100;h3;h1;h50
OK,/exp/uboone/data/users/jburridg/Nuance/NUANCE/NUANCE_event_files/output/root/PoT_Nuance_event_files/11th_test_run/events_2878.root,43017,4,h100;h3;h1;h50
OK,/exp/uboone/data/users/jburridg/Nuance/NUANCE/NUANCE_event_files/output/root/PoT_Nuance_event_files/11th_test_run/events_2548.root,45582,4,h100;h3;h1;h50
OK,/exp/uboone/data/users/jburridg/Nuance/NUANCE/NUANCE_event_files/output/root/PoT_Nuance_event_files/11th_test_run/events_2339.root,43214,4,h100;h3;h1;h50
OK,/exp/uboone/data/users/jburridg/Nuance/NUANCE/NUANCE_event_files/output/root/PoT_Nuance_event_files/11th_test_run/events_1960.root,43315,4,h100;h3;h1;h50
OK,/exp/uboone/data/users/jburridg/Nuance/NUANCE/NUANCE_event_files/output/root/PoT_Nuance_event_files/11th_test_run/events_2074.root,45253,4,h100;h3;h1;h50
OK,/exp/uboone/data/users/jburridg/Nuance/NUANCE/NUANCE_event_files/output/root/PoT_Nuance_event_files/11th_test_run/events_2883.root,41383,4,h100;h3;h1;h50
OK,/exp/uboone/data/users/jburridg/Nuance/NUANCE/NUANCE_event_files/output/root/PoT_Nuance_event_files/11th_test_run/events_1723.root,49650,4,h100;h3;h1;h50
OK,/exp/uboone/data/users/jburridg/Nuance/NUANCE/NUANCE_event_files/output/root/PoT_Nuance_event_files/11th_test_run/events_2625.root,42875,4,h100;h3;h1;h50
OK,/exp/uboone/data/users/jburridg/Nuance/NUANCE/NUANCE_event_files/output/root/PoT_Nuance_event_files/11th_test_run/events_1772.root,44023,4,h100;h3;h1;h50
OK,/exp/uboone/data/users/jburridg/Nuance/NUANCE/NUANCE_event_files/output/root/PoT_Nuance_event_files/11th_test_run/events_2855.root,44449,4,h100;h3;h1;h50
OK,/exp/uboone/data/users/jburridg/Nuance/NUANCE/NUANCE_event_files/output/root/PoT_Nuance_event_files/11th_test_run/events_1693.root,43627,4,h100;h3;h1;h50
OK,/exp/uboone/data/users/jburridg/Nuance/NUANCE/NUANCE_event_files/output/root/PoT_Nuance_event_files/11th_test_run/events_1778.root,42757,4,h100;h3;h1;h50
OK,/exp/uboone/data/users/jburridg/Nuance/NUANCE/NUANCE_event_files/output/root/PoT_Nuance_event_files/11th_test_run/events_2933.root,41374,4,h100;h3;h1;h50
OK,/exp/uboone/data/users/jburridg/Nuance/NUANCE/NUANCE_event_files/output/root/PoT_Nuance_event_files/11th_test_run/events_2688.root,39736,4,h100;h3;h1;h50
OK,/exp/uboone/data/users/jburridg/Nuance/NUANCE/NUANCE_event_files/output/root/PoT_Nuance_event_files/11th_test_run/events_2798.root,42461,4,h100;h3;h1;h50
OK,/exp/uboone/data/users/jburridg/Nuance/NUANCE/NUANCE_event_files/output/root/PoT_Nuance_event_files/11th_test_run/events_1556.root,45108,4,h100;h3;h1;h50
OK,/exp/uboone/data/users/jburridg/Nuance/NUANCE/NUANCE_event_files/output/root/PoT_Nuance_event_files/11th_test_run/events_2166.root,42566,4,h100;h3;h1;h50
OK,/exp/uboone/data/users/jburridg/Nuance/NUANCE/NUANCE_event_files/output/root/PoT_Nuance_event_files/11th_test_run/events_2549.root,40391,4,h100;h3;h1;h50
OK,/exp/uboone/data/users/jburridg/Nuance/NUANCE/NUANCE_event_files/output/root/PoT_Nuance_event_files/11th_test_run/events_2808.root,42151,4,h100;h3;h1;h50
OK,/exp/uboone/data/users/jburridg/Nuance/NUANCE/NUANCE_event_files/output/root/PoT_Nuance_event_files/11th_test_run/events_1568.root,43903,4,h100;h3;h1;h50
OK,/exp/uboone/data/users/jburridg/Nuance/NUANCE/NUANCE_event_files/output/root/PoT_Nuance_event_files/11th_test_run/events_2916.root,44362,4,h100;h3;h1;h50
OK,/exp/uboone/data/users/jburridg/Nuance/NUANCE/NUANCE_event_files/output/root/PoT_Nuance_event_files/11th_test_run/events_1585.root,40703,4,h100;h3;h1;h50
OK,/exp/uboone/data/users/jburridg/Nuance/NUANCE/NUANCE_event_files/output/root/PoT_Nuance_event_files/11th_test_run/events_2746.root,42719,4,h100;h3;h1;h50
OK,/exp/uboone/data/users/jburridg/Nuance/NUANCE/NUANCE_event_files/output/root/PoT_Nuance_event_files/11th_test_run/events_1730.root,43660,4,h100;h3;h1;h50
OK,/exp/uboone/data/users/jburridg/Nuance/NUANCE/NUANCE_event_files/output/root/PoT_Nuance_event_files/11th_test_run/events_2861.root,43481,4,h100;h3;h1;h50
OK,/exp/uboone/data/users/jburridg/Nuance/NUANCE/NUANCE_event_files/output/root/PoT_Nuance_event_files/11th_test_run/events_2456.root,43901,4,h100;h3;h1;h50
OK,/exp/uboone/data/users/jburridg/Nuance/NUANCE/NUANCE_event_files/output/root/PoT_Nuance_event_files/11th_test_run/events_1807.root,45376,4,h100;h3;h1;h50
OK,/exp/uboone/data/users/jburridg/Nuance/NUANCE/NUANCE_event_files/output/root/PoT_Nuance_event_files/11th_test_run/events_1657.root,42540,4,h100;h3;h1;h50
OK,/exp/uboone/data/users/jburridg/Nuance/NUANCE/NUANCE_event_files/output/root/PoT_Nuance_event_files/11th_test_run/events_1505.root,43834,4,h100;h3;h1;h50
OK,/exp/uboone/data/users/jburridg/Nuance/NUANCE/NUANCE_event_files/output/root/PoT_Nuance_event_files/11th_test_run/events_1549.root,42781,4,h100;h3;h1;h50
OK,/exp/uboone/data/users/jburridg/Nuance/NUANCE/NUANCE_event_files/output/root/PoT_Nuance_event_files/11th_test_run/events_2450.root,42555,4,h100;h3;h1;h50
OK,/exp/uboone/data/users/jburridg/Nuance/NUANCE/NUANCE_event_files/output/root/PoT_Nuance_event_files/11th_test_run/events_2784.root,41058,4,h100;h3;h1;h50
OK,/exp/uboone/data/users/jburridg/Nuance/NUANCE/NUANCE_event_files/output/root/PoT_Nuance_event_files/11th_test_run/events_2824.root,43931,4,h100;h3;h1;h50
OK,/exp/uboone/data/users/jburridg/Nuance/NUANCE/NUANCE_event_files/output/root/PoT_Nuance_event_files/11th_test_run/events_2022.root,46159,4,h100;h3;h1;h50
OK,/exp/uboone/data/users/jburridg/Nuance/NUANCE/NUANCE_event_files/output/root/PoT_Nuance_event_files/11th_test_run/events_1933.root,43489,4,h100;h3;h1;h50
OK,/exp/uboone/data/users/jburridg/Nuance/NUANCE/NUANCE_event_files/output/root/PoT_Nuance_event_files/11th_test_run/events_2552.root,39950,4,h100;h3;h1;h50
OK,/exp/uboone/data/users/jburridg/Nuance/NUANCE/NUANCE_event_files/output/root/PoT_Nuance_event_files/11th_test_run/events_1952.root,44508,4,h100;h3;h1;h50
OK,/exp/uboone/data/users/jburridg/Nuance/NUANCE/NUANCE_event_files/output/root/PoT_Nuance_event_files/11th_test_run/events_1574.root,42521,4,h100;h3;h1;h50
OK,/exp/uboone/data/users/jburridg/Nuance/NUANCE/NUANCE_event_files/output/root/PoT_Nuance_event_files/11th_test_run/events_1966.root,43831,4,h100;h3;h1;h50
OK,/exp/uboone/data/users/jburridg/Nuance/NUANCE/NUANCE_event_files/output/root/PoT_Nuance_event_files/11th_test_run/events_2943.root,39735,4,h100;h3;h1;h50
OK,/exp/uboone/data/users/jburridg/Nuance/NUANCE/NUANCE_event_files/output/root/PoT_Nuance_event_files/11th_test_run/events_2327.root,45957,4,h100;h3;h1;h50
OK,/exp/uboone/data/users/jburridg/Nuance/NUANCE/NUANCE_event_files/output/root/PoT_Nuance_event_files/11th_test_run/events_2054.root,43221,4,h100;h3;h1;h50
OK,/exp/uboone/data/users/jburridg/Nuance/NUANCE/NUANCE_event_files/output/root/PoT_Nuance_event_files/11th_test_run/events_1989.root,43500,4,h100;h3;h1;h50
OK,/exp/uboone/data/users/jburridg/Nuance/NUANCE/NUANCE_event_files/output/root/PoT_Nuance_event_files/11th_test_run/events_2372.root,44796,4,h100;h3;h1;h50
OK,/exp/uboone/data/users/jburridg/Nuance/NUANCE/NUANCE_event_files/output/root/PoT_Nuance_event_files/11th_test_run/events_2328.root,45251,4,h100;h3;h1;h50
OK,/exp/uboone/data/users/jburridg/Nuance/NUANCE/NUANCE_event_files/output/root/PoT_Nuance_event_files/11th_test_run/events_1664.root,43417,4,h100;h3;h1;h50
OK,/exp/uboone/data/users/jburridg/Nuance/NUANCE/NUANCE_event_files/output/root/PoT_Nuance_event_files/11th_test_run/events_2872.root,41631,4,h100;h3;h1;h50
OK,/exp/uboone/data/users/jburridg/Nuance/NUANCE/NUANCE_event_files/output/root/PoT_Nuance_event_files/11th_test_run/events_2266.root,45437,4,h100;h3;h1;h50
OK,/exp/uboone/data/users/jburridg/Nuance/NUANCE/NUANCE_event_files/output/root/PoT_Nuance_event_files/11th_test_run/events_2027.root,42138,4,h100;h3;h1;h50
OK,/exp/uboone/data/users/jburridg/Nuance/NUANCE/NUANCE_event_files/output/root/PoT_Nuance_event_files/11th_test_run/events_2874.root,44190,4,h100;h3;h1;h50
OK,/exp/uboone/data/users/jburridg/Nuance/NUANCE/NUANCE_event_files/output/root/PoT_Nuance_event_files/11th_test_run/events_2531.root,41646,4,h100;h3;h1;h50
OK,/exp/uboone/data/users/jburridg/Nuance/NUANCE/NUANCE_event_files/output/root/PoT_Nuance_event_files/11th_test_run/events_2666.root,42516,4,h100;h3;h1;h50
OK,/exp/uboone/data/users/jburridg/Nuance/NUANCE/NUANCE_event_files/output/root/PoT_Nuance_event_files/11th_test_run/events_2245.root,42471,4,h100;h3;h1;h50
OK,/exp/uboone/data/users/jburridg/Nuance/NUANCE/NUANCE_event_files/output/root/PoT_Nuance_event_files/11th_test_run/events_2326.root,42443,4,h100;h3;h1;h50
OK,/exp/uboone/data/users/jburridg/Nuance/NUANCE/NUANCE_event_files/output/root/PoT_Nuance_event_files/11th_test_run/events_2513.root,44013,4,h100;h3;h1;h50
OK,/exp/uboone/data/users/jburridg/Nuance/NUANCE/NUANCE_event_files/output/root/PoT_Nuance_event_files/11th_test_run/events_1779.root,42417,4,h100;h3;h1;h50
OK,/exp/uboone/data/users/jburridg/Nuance/NUANCE/NUANCE_event_files/output/root/PoT_Nuance_event_files/11th_test_run/events_2481.root,43557,4,h100;h3;h1;h50
OK,/exp/uboone/data/users/jburridg/Nuance/NUANCE/NUANCE_event_files/output/root/PoT_Nuance_event_files/11th_test_run/events_2851.root,44105,4,h100;h3;h1;h50
OK,/exp/uboone/data/users/jburridg/Nuance/NUANCE/NUANCE_event_files/output/root/PoT_Nuance_event_files/11th_test_run/events_2585.root,40493,4,h100;h3;h1;h50
OK,/exp/uboone/data/users/jburridg/Nuance/NUANCE/NUANCE_event_files/output/root/PoT_Nuance_event_files/11th_test_run/events_1979.root,39556,4,h100;h3;h1;h50
OK,/exp/uboone/data/users/jburridg/Nuance/NUANCE/NUANCE_event_files/output/root/PoT_Nuance_event_files/11th_test_run/events_2249.root,42398,4,h100;h3;h1;h50
OK,/exp/uboone/data/users/jburridg/Nuance/NUANCE/NUANCE_event_files/output/root/PoT_Nuance_event_files/11th_test_run/events_1888.root,41429,4,h100;h3;h1;h50
OK,/exp/uboone/data/users/jburridg/Nuance/NUANCE/NUANCE_event_files/output/root/PoT_Nuance_event_files/11th_test_run/events_2802.root,43916,4,h100;h3;h1;h50
OK,/exp/uboone/data/users/jburridg/Nuance/NUANCE/NUANCE_event_files/output/root/PoT_Nuance_event_files/11th_test_run/events_2141.root,44451,4,h100;h3;h1;h50
OK,/exp/uboone/data/users/jburridg/Nuance/NUANCE/NUANCE_event_files/output/root/PoT_Nuance_event_files/11th_test_run/events_2223.root,43414,4,h100;h3;h1;h50
OK,/exp/uboone/data/users/jburridg/Nuance/NUANCE/NUANCE_event_files/output/root/PoT_Nuance_event_files/11th_test_run/events_2214.root,42021,4,h100;h3;h1;h50
OK,/exp/uboone/data/users/jburridg/Nuance/NUANCE/NUANCE_event_files/output/root/PoT_Nuance_event_files/11th_test_run/events_2100.root,41986,4,h100;h3;h1;h50
OK,/exp/uboone/data/users/jburridg/Nuance/NUANCE/NUANCE_event_files/output/root/PoT_Nuance_event_files/11th_test_run/events_2044.root,44405,4,h100;h3;h1;h50
OK,/exp/uboone/data/users/jburridg/Nuance/NUANCE/NUANCE_event_files/output/root/PoT_Nuance_event_files/11th_test_run/events_1661.root,43906,4,h100;h3;h1;h50
OK,/exp/uboone/data/users/jburridg/Nuance/NUANCE/NUANCE_event_files/output/root/PoT_Nuance_event_files/11th_test_run/events_2732.root,42079,4,h100;h3;h1;h50
OK,/exp/uboone/data/users/jburridg/Nuance/NUANCE/NUANCE_event_files/output/root/PoT_Nuance_event_files/11th_test_run/events_2255.root,42462,4,h100;h3;h1;h50
OK,/exp/uboone/data/users/jburridg/Nuance/NUANCE/NUANCE_event_files/output/root/PoT_Nuance_event_files/11th_test_run/events_2093.root,39909,4,h100;h3;h1;h50
OK,/exp/uboone/data/users/jburridg/Nuance/NUANCE/NUANCE_event_files/output/root/PoT_Nuance_event_files/11th_test_run/events_2680.root,42336,4,h100;h3;h1;h50
OK,/exp/uboone/data/users/jburridg/Nuance/NUANCE/NUANCE_event_files/output/root/PoT_Nuance_event_files/11th_test_run/events_1920.root,42491,4,h100;h3;h1;h50
OK,/exp/uboone/data/users/jburridg/Nuance/NUANCE/NUANCE_event_files/output/root/PoT_Nuance_event_files/11th_test_run/events_1855.root,40499,4,h100;h3;h1;h50
OK,/exp/uboone/data/users/jburridg/Nuance/NUANCE/NUANCE_event_files/output/root/PoT_Nuance_event_files/11th_test_run/events_2210.root,43184,4,h100;h3;h1;h50
OK,/exp/uboone/data/users/jburridg/Nuance/NUANCE/NUANCE_event_files/output/root/PoT_Nuance_event_files/11th_test_run/events_1970.root,44183,4,h100;h3;h1;h50
OK,/exp/uboone/data/users/jburridg/Nuance/NUANCE/NUANCE_event_files/output/root/PoT_Nuance_event_files/11th_test_run/events_2704.root,42752,4,h100;h3;h1;h50
OK,/exp/uboone/data/users/jburridg/Nuance/NUANCE/NUANCE_event_files/output/root/PoT_Nuance_event_files/11th_test_run/events_2737.root,40993,4,h100;h3;h1;h50
OK,/exp/uboone/data/users/jburridg/Nuance/NUANCE/NUANCE_event_files/output/root/PoT_Nuance_event_files/11th_test_run/events_1930.root,42662,4,h100;h3;h1;h50
OK,/exp/uboone/data/users/jburridg/Nuance/NUANCE/NUANCE_event_files/output/root/PoT_Nuance_event_files/11th_test_run/events_1656.root,43602,4,h100;h3;h1;h50
OK,/exp/uboone/data/users/jburridg/Nuance/NUANCE/NUANCE_event_files/output/root/PoT_Nuance_event_files/11th_test_run/events_1820.root,43413,4,h100;h3;h1;h50
OK,/exp/uboone/data/users/jburridg/Nuance/NUANCE/NUANCE_event_files/output/root/PoT_Nuance_event_files/11th_test_run/events_2096.root,41866,4,h100;h3;h1;h50
OK,/exp/uboone/data/users/jburridg/Nuance/NUANCE/NUANCE_event_files/output/root/PoT_Nuance_event_files/11th_test_run/events_2236.root,45533,4,h100;h3;h1;h50
OK,/exp/uboone/data/users/jburridg/Nuance/NUANCE/NUANCE_event_files/output/root/PoT_Nuance_event_files/11th_test_run/events_2837.root,42100,4,h100;h3;h1;h50
OK,/exp/uboone/data/users/jburridg/Nuance/NUANCE/NUANCE_event_files/output/root/PoT_Nuance_event_files/11th_test_run/events_2629.root,42305,4,h100;h3;h1;h50
OK,/exp/uboone/data/users/jburridg/Nuance/NUANCE/NUANCE_event_files/output/root/PoT_Nuance_event_files/11th_test_run/events_1734.root,45064,4,h100;h3;h1;h50
OK,/exp/uboone/data/users/jburridg/Nuance/NUANCE/NUANCE_event_files/output/root/PoT_Nuance_event_files/11th_test_run/events_2661.root,42654,4,h100;h3;h1;h50
OK,/exp/uboone/data/users/jburridg/Nuance/NUANCE/NUANCE_event_files/output/root/PoT_Nuance_event_files/11th_test_run/events_2212.root,41776,4,h100;h3;h1;h50
OK,/exp/uboone/data/users/jburridg/Nuance/NUANCE/NUANCE_event_files/output/root/PoT_Nuance_event_files/11th_test_run/events_2042.root,42183,4,h100;h3;h1;h50
OK,/exp/uboone/data/users/jburridg/Nuance/NUANCE/NUANCE_event_files/output/root/PoT_Nuance_event_files/11th_test_run/events_1870.root,41924,4,h100;h3;h1;h50
OK,/exp/uboone/data/users/jburridg/Nuance/NUANCE/NUANCE_event_files/output/root/PoT_Nuance_event_files/11th_test_run/events_2329.root,41430,4,h100;h3;h1;h50
OK,/exp/uboone/data/users/jburridg/Nuance/NUANCE/NUANCE_event_files/output/root/PoT_Nuance_event_files/11th_test_run/events_1816.root,42727,4,h100;h3;h1;h50
OK,/exp/uboone/data/users/jburridg/Nuance/NUANCE/NUANCE_event_files/output/root/PoT_Nuance_event_files/11th_test_run/events_1854.root,41280,4,h100;h3;h1;h50
OK,/exp/uboone/data/users/jburridg/Nuance/NUANCE/NUANCE_event_files/output/root/PoT_Nuance_event_files/11th_test_run/events_2170.root,45351,4,h100;h3;h1;h50
OK,/exp/uboone/data/users/jburridg/Nuance/NUANCE/NUANCE_event_files/output/root/PoT_Nuance_event_files/11th_test_run/events_1517.root,42359,4,h100;h3;h1;h50
OK,/exp/uboone/data/users/jburridg/Nuance/NUANCE/NUANCE_event_files/output/root/PoT_Nuance_event_files/11th_test_run/events_1872.root,43860,4,h100;h3;h1;h50
OK,/exp/uboone/data/users/jburridg/Nuance/NUANCE/NUANCE_event_files/output/root/PoT_Nuance_event_files/11th_test_run/events_2446.root,42346,4,h100;h3;h1;h50
OK,/exp/uboone/data/users/jburridg/Nuance/NUANCE/NUANCE_event_files/output/root/PoT_Nuance_event_files/11th_test_run/events_2211.root,43593,4,h100;h3;h1;h50
OK,/exp/uboone/data/users/jburridg/Nuance/NUANCE/NUANCE_event_files/output/root/PoT_Nuance_event_files/11th_test_run/events_2353.root,42921,4,h100;h3;h1;h50
OK,/exp/uboone/data/users/jburridg/Nuance/NUANCE/NUANCE_event_files/output/root/PoT_Nuance_event_files/11th_test_run/events_2489.root,44260,4,h100;h3;h1;h50
OK,/exp/uboone/data/users/jburridg/Nuance/NUANCE/NUANCE_event_files/output/root/PoT_Nuance_event_files/11th_test_run/events_2442.root,43627,4,h100;h3;h1;h50
OK,/exp/uboone/data/users/jburridg/Nuance/NUANCE/NUANCE_event_files/output/root/PoT_Nuance_event_files/11th_test_run/events_2659.root,43345,4,h100;h3;h1;h50
OK,/exp/uboone/data/users/jburridg/Nuance/NUANCE/NUANCE_event_files/output/root/PoT_Nuance_event_files/11th_test_run/events_1948.root,41667,4,h100;h3;h1;h50
OK,/exp/uboone/data/users/jburridg/Nuance/NUANCE/NUANCE_event_files/output/root/PoT_Nuance_event_files/11th_test_run/events_2672.root,41754,4,h100;h3;h1;h50
OK,/exp/uboone/data/users/jburridg/Nuance/NUANCE/NUANCE_event_files/output/root/PoT_Nuance_event_files/11th_test_run/events_2619.root,42686,4,h100;h3;h1;h50
OK,/exp/uboone/data/users/jburridg/Nuance/NUANCE/NUANCE_event_files/output/root/PoT_Nuance_event_files/11th_test_run/events_2218.root,40606,4,h100;h3;h1;h50
OK,/exp/uboone/data/users/jburridg/Nuance/NUANCE/NUANCE_event_files/output/root/PoT_Nuance_event_files/11th_test_run/events_2785.root,42308,4,h100;h3;h1;h50
OK,/exp/uboone/data/users/jburridg/Nuance/NUANCE/NUANCE_event_files/output/root/PoT_Nuance_event_files/11th_test_run/events_1795.root,43116,4,h100;h3;h1;h50
OK,/exp/uboone/data/users/jburridg/Nuance/NUANCE/NUANCE_event_files/output/root/PoT_Nuance_event_files/11th_test_run/events_2253.root,45219,4,h100;h3;h1;h50
OK,/exp/uboone/data/users/jburridg/Nuance/NUANCE/NUANCE_event_files/output/root/PoT_Nuance_event_files/11th_test_run/events_2152.root,42547,4,h100;h3;h1;h50
OK,/exp/uboone/data/users/jburridg/Nuance/NUANCE/NUANCE_event_files/output/root/PoT_Nuance_event_files/11th_test_run/events_2126.root,45346,4,h100;h3;h1;h50
OK,/exp/uboone/data/users/jburridg/Nuance/NUANCE/NUANCE_event_files/output/root/PoT_Nuance_event_files/11th_test_run/events_2334.root,41664,4,h100;h3;h1;h50
OK,/exp/uboone/data/users/jburridg/Nuance/NUANCE/NUANCE_event_files/output/root/PoT_Nuance_event_files/11th_test_run/events_2479.root,40808,4,h100;h3;h1;h50
OK,/exp/uboone/data/users/jburridg/Nuance/NUANCE/NUANCE_event_files/output/root/PoT_Nuance_event_files/11th_test_run/events_2305.root,40009,4,h100;h3;h1;h50
OK,/exp/uboone/data/users/jburridg/Nuance/NUANCE/NUANCE_event_files/output/root/PoT_Nuance_event_files/11th_test_run/events_2932.root,45584,4,h100;h3;h1;h50
OK,/exp/uboone/data/users/jburridg/Nuance/NUANCE/NUANCE_event_files/output/root/PoT_Nuance_event_files/11th_test_run/events_1748.root,43672,4,h100;h3;h1;h50
OK,/exp/uboone/data/users/jburridg/Nuance/NUANCE/NUANCE_event_files/output/root/PoT_Nuance_event_files/11th_test_run/events_1617.root,41709,4,h100;h3;h1;h50
OK,/exp/uboone/data/users/jburridg/Nuance/NUANCE/NUANCE_event_files/output/root/PoT_Nuance_event_files/11th_test_run/events_2385.root,41331,4,h100;h3;h1;h50
OK,/exp/uboone/data/users/jburridg/Nuance/NUANCE/NUANCE_event_files/output/root/PoT_Nuance_event_files/11th_test_run/events_2492.root,42109,4,h100;h3;h1;h50
OK,/exp/uboone/data/users/jburridg/Nuance/NUANCE/NUANCE_event_files/output/root/PoT_Nuance_event_files/11th_test_run/events_2517.root,42734,4,h100;h3;h1;h50
OK,/exp/uboone/data/users/jburridg/Nuance/NUANCE/NUANCE_event_files/output/root/PoT_Nuance_event_files/11th_test_run/events_1924.root,44035,4,h100;h3;h1;h50
OK,/exp/uboone/data/users/jburridg/Nuance/NUANCE/NUANCE_event_files/output/root/PoT_Nuance_event_files/11th_test_run/events_2405.root,42184,4,h100;h3;h1;h50
OK,/exp/uboone/data/users/jburridg/Nuance/NUANCE/NUANCE_event_files/output/root/PoT_Nuance_event_files/11th_test_run/events_2025.root,40211,4,h100;h3;h1;h50
OK,/exp/uboone/data/users/jburridg/Nuance/NUANCE/NUANCE_event_files/output/root/PoT_Nuance_event_files/11th_test_run/events_2198.root,43072,4,h100;h3;h1;h50
OK,/exp/uboone/data/users/jburridg/Nuance/NUANCE/NUANCE_event_files/output/root/PoT_Nuance_event_files/11th_test_run/events_2325.root,44715,4,h100;h3;h1;h50
OK,/exp/uboone/data/users/jburridg/Nuance/NUANCE/NUANCE_event_files/output/root/PoT_Nuance_event_files/11th_test_run/events_1977.root,46096,4,h100;h3;h1;h50
OK,/exp/uboone/data/users/jburridg/Nuance/NUANCE/NUANCE_event_files/output/root/PoT_Nuance_event_files/11th_test_run/events_1750.root,41988,4,h100;h3;h1;h50
OK,/exp/uboone/data/users/jburridg/Nuance/NUANCE/NUANCE_event_files/output/root/PoT_Nuance_event_files/11th_test_run/events_1956.root,42610,4,h100;h3;h1;h50
OK,/exp/uboone/data/users/jburridg/Nuance/NUANCE/NUANCE_event_files/output/root/PoT_Nuance_event_files/11th_test_run/events_2638.root,42960,4,h100;h3;h1;h50
OK,/exp/uboone/data/users/jburridg/Nuance/NUANCE/NUANCE_event_files/output/root/PoT_Nuance_event_files/11th_test_run/events_2232.root,45831,4,h100;h3;h1;h50
OK,/exp/uboone/data/users/jburridg/Nuance/NUANCE/NUANCE_event_files/output/root/PoT_Nuance_event_files/11th_test_run/events_2947.root,41873,4,h100;h3;h1;h50
OK,/exp/uboone/data/users/jburridg/Nuance/NUANCE/NUANCE_event_files/output/root/PoT_Nuance_event_files/11th_test_run/events_1676.root,44975,4,h100;h3;h1;h50
OK,/exp/uboone/data/users/jburridg/Nuance/NUANCE/NUANCE_event_files/output/root/PoT_Nuance_event_files/11th_test_run/events_1668.root,45018,4,h100;h3;h1;h50
OK,/exp/uboone/data/users/jburridg/Nuance/NUANCE/NUANCE_event_files/output/root/PoT_Nuance_event_files/11th_test_run/events_2929.root,43527,4,h100;h3;h1;h50
OK,/exp/uboone/data/users/jburridg/Nuance/NUANCE/NUANCE_event_files/output/root/PoT_Nuance_event_files/11th_test_run/events_1901.root,42495,4,h100;h3;h1;h50
OK,/exp/uboone/data/users/jburridg/Nuance/NUANCE/NUANCE_event_files/output/root/PoT_Nuance_event_files/11th_test_run/events_2879.root,42959,4,h100;h3;h1;h50
OK,/exp/uboone/data/users/jburridg/Nuance/NUANCE/NUANCE_event_files/output/root/PoT_Nuance_event_files/11th_test_run/events_2809.root,41531,4,h100;h3;h1;h50
OK,/exp/uboone/data/users/jburridg/Nuance/NUANCE/NUANCE_event_files/output/root/PoT_Nuance_event_files/11th_test_run/events_2900.root,44763,4,h100;h3;h1;h50
OK,/exp/uboone/data/users/jburridg/Nuance/NUANCE/NUANCE_event_files/output/root/PoT_Nuance_event_files/11th_test_run/events_2669.root,45865,4,h100;h3;h1;h50
OK,/exp/uboone/data/users/jburridg/Nuance/NUANCE/NUANCE_event_files/output/root/PoT_Nuance_event_files/11th_test_run/events_2946.root,41865,4,h100;h3;h1;h50
OK,/exp/uboone/data/users/jburridg/Nuance/NUANCE/NUANCE_event_files/output/root/PoT_Nuance_event_files/11th_test_run/events_2477.root,45872,4,h100;h3;h1;h50
OK,/exp/uboone/data/users/jburridg/Nuance/NUANCE/NUANCE_event_files/output/root/PoT_Nuance_event_files/11th_test_run/events_2309.root,43444,4,h100;h3;h1;h50
OK,/exp/uboone/data/users/jburridg/Nuance/NUANCE/NUANCE_event_files/output/root/PoT_Nuance_event_files/11th_test_run/events_1526.root,43012,4,h100;h3;h1;h50
OK,/exp/uboone/data/users/jburridg/Nuance/NUANCE/NUANCE_event_files/output/root/PoT_Nuance_event_files/11th_test_run/events_1740.root,43286,4,h100;h3;h1;h50
OK,/exp/uboone/data/users/jburridg/Nuance/NUANCE/NUANCE_event_files/output/root/PoT_Nuance_event_files/11th_test_run/events_2352.root,42518,4,h100;h3;h1;h50
OK,/exp/uboone/data/users/jburridg/Nuance/NUANCE/NUANCE_event_files/output/root/PoT_Nuance_event_files/11th_test_run/events_2682.root,42174,4,h100;h3;h1;h50
OK,/exp/uboone/data/users/jburridg/Nuance/NUANCE/NUANCE_event_files/output/root/PoT_Nuance_event_files/11th_test_run/events_2696.root,43978,4,h100;h3;h1;h50
OK,/exp/uboone/data/users/jburridg/Nuance/NUANCE/NUANCE_event_files/output/root/PoT_Nuance_event_files/11th_test_run/events_2075.root,40048,4,h100;h3;h1;h50
OK,/exp/uboone/data/users/jburridg/Nuance/NUANCE/NUANCE_event_files/output/root/PoT_Nuance_event_files/11th_test_run/events_1572.root,44220,4,h100;h3;h1;h50
OK,/exp/uboone/data/users/jburridg/Nuance/NUANCE/NUANCE_event_files/output/root/PoT_Nuance_event_files/11th_test_run/events_2897.root,42799,4,h100;h3;h1;h50
OK,/exp/uboone/data/users/jburridg/Nuance/NUANCE/NUANCE_event_files/output/root/PoT_Nuance_event_files/11th_test_run/events_2665.root,43326,4,h100;h3;h1;h50
OK,/exp/uboone/data/users/jburridg/Nuance/NUANCE/NUANCE_event_files/output/root/PoT_Nuance_event_files/11th_test_run/events_1773.root,43508,4,h100;h3;h1;h50
OK,/exp/uboone/data/users/jburridg/Nuance/NUANCE/NUANCE_event_files/output/root/PoT_Nuance_event_files/11th_test_run/events_2698.root,47686,4,h100;h3;h1;h50
OK,/exp/uboone/data/users/jburridg/Nuance/NUANCE/NUANCE_event_files/output/root/PoT_Nuance_event_files/11th_test_run/events_1696.root,45054,4,h100;h3;h1;h50
OK,/exp/uboone/data/users/jburridg/Nuance/NUANCE/NUANCE_event_files/output/root/PoT_Nuance_event_files/11th_test_run/events_1839.root,42756,4,h100;h3;h1;h50
OK,/exp/uboone/data/users/jburridg/Nuance/NUANCE/NUANCE_event_files/output/root/PoT_Nuance_event_files/11th_test_run/events_1957.root,43638,4,h100;h3;h1;h50
OK,/exp/uboone/data/users/jburridg/Nuance/NUANCE/NUANCE_event_files/output/root/PoT_Nuance_event_files/11th_test_run/events_2546.root,45143,4,h100;h3;h1;h50
OK,/exp/uboone/data/users/jburridg/Nuance/NUANCE/NUANCE_event_files/output/root/PoT_Nuance_event_files/11th_test_run/events_2525.root,44521,4,h100;h3;h1;h50
OK,/exp/uboone/data/users/jburridg/Nuance/NUANCE/NUANCE_event_files/output/root/PoT_Nuance_event_files/11th_test_run/events_2117.root,43920,4,h100;h3;h1;h50
OK,/exp/uboone/data/users/jburridg/Nuance/NUANCE/NUANCE_event_files/output/root/PoT_Nuance_event_files/11th_test_run/events_2671.root,42357,4,h100;h3;h1;h50
OK,/exp/uboone/data/users/jburridg/Nuance/NUANCE/NUANCE_event_files/output/root/PoT_Nuance_event_files/11th_test_run/events_2721.root,43133,4,h100;h3;h1;h50
OK,/exp/uboone/data/users/jburridg/Nuance/NUANCE/NUANCE_event_files/output/root/PoT_Nuance_event_files/11th_test_run/events_2264.root,44947,4,h100;h3;h1;h50
OK,/exp/uboone/data/users/jburridg/Nuance/NUANCE/NUANCE_event_files/output/root/PoT_Nuance_event_files/11th_test_run/events_2061.root,44176,4,h100;h3;h1;h50
OK,/exp/uboone/data/users/jburridg/Nuance/NUANCE/NUANCE_event_files/output/root/PoT_Nuance_event_files/11th_test_run/events_2792.root,44198,4,h100;h3;h1;h50
OK,/exp/uboone/data/users/jburridg/Nuance/NUANCE/NUANCE_event_files/output/root/PoT_Nuance_event_files/11th_test_run/events_1841.root,43243,4,h100;h3;h1;h50
OK,/exp/uboone/data/users/jburridg/Nuance/NUANCE/NUANCE_event_files/output/root/PoT_Nuance_event_files/11th_test_run/events_2094.root,44292,4,h100;h3;h1;h50
OK,/exp/uboone/data/users/jburridg/Nuance/NUANCE/NUANCE_event_files/output/root/PoT_Nuance_event_files/11th_test_run/events_2911.root,41552,4,h100;h3;h1;h50
OK,/exp/uboone/data/users/jburridg/Nuance/NUANCE/NUANCE_event_files/output/root/PoT_Nuance_event_files/11th_test_run/events_1613.root,39756,4,h100;h3;h1;h50
OK,/exp/uboone/data/users/jburridg/Nuance/NUANCE/NUANCE_event_files/output/root/PoT_Nuance_event_files/11th_test_run/events_1753.root,43300,4,h100;h3;h1;h50
OK,/exp/uboone/data/users/jburridg/Nuance/NUANCE/NUANCE_event_files/output/root/PoT_Nuance_event_files/11th_test_run/events_1739.root,43189,4,h100;h3;h1;h50
OK,/exp/uboone/data/users/jburridg/Nuance/NUANCE/NUANCE_event_files/output/root/PoT_Nuance_event_files/11th_test_run/events_1692.root,43561,4,h100;h3;h1;h50
OK,/exp/uboone/data/users/jburridg/Nuance/NUANCE/NUANCE_event_files/output/root/PoT_Nuance_event_files/11th_test_run/events_2838.root,44888,4,h100;h3;h1;h50
OK,/exp/uboone/data/users/jburridg/Nuance/NUANCE/NUANCE_event_files/output/root/PoT_Nuance_event_files/11th_test_run/events_2926.root,43379,4,h100;h3;h1;h50
OK,/exp/uboone/data/users/jburridg/Nuance/NUANCE/NUANCE_event_files/output/root/PoT_Nuance_event_files/11th_test_run/events_2814.root,43636,4,h100;h3;h1;h50
OK,/exp/uboone/data/users/jburridg/Nuance/NUANCE/NUANCE_event_files/output/root/PoT_Nuance_event_files/11th_test_run/events_2598.root,45263,4,h100;h3;h1;h50
OK,/exp/uboone/data/users/jburridg/Nuance/NUANCE/NUANCE_event_files/output/root/PoT_Nuance_event_files/11th_test_run/events_2749.root,42963,4,h100;h3;h1;h50
OK,/exp/uboone/data/users/jburridg/Nuance/NUANCE/NUANCE_event_files/output/root/PoT_Nuance_event_files/11th_test_run/events_2480.root,43565,4,h100;h3;h1;h50
OK,/exp/uboone/data/users/jburridg/Nuance/NUANCE/NUANCE_event_files/output/root/PoT_Nuance_event_files/11th_test_run/events_2000.root,41373,4,h100;h3;h1;h50
OK,/exp/uboone/data/users/jburridg/Nuance/NUANCE/NUANCE_event_files/output/root/PoT_Nuance_event_files/11th_test_run/events_2240.root,45246,4,h100;h3;h1;h50
OK,/exp/uboone/data/users/jburridg/Nuance/NUANCE/NUANCE_event_files/output/root/PoT_Nuance_event_files/11th_test_run/events_2107.root,42977,4,h100;h3;h1;h50
OK,/exp/uboone/data/users/jburridg/Nuance/NUANCE/NUANCE_event_files/output/root/PoT_Nuance_event_files/11th_test_run/events_1701.root,43627,4,h100;h3;h1;h50
OK,/exp/uboone/data/users/jburridg/Nuance/NUANCE/NUANCE_event_files/output/root/PoT_Nuance_event_files/11th_test_run/events_1889.root,46013,4,h100;h3;h1;h50
OK,/exp/uboone/data/users/jburridg/Nuance/NUANCE/NUANCE_event_files/output/root/PoT_Nuance_event_files/11th_test_run/events_1714.root,41673,4,h100;h3;h1;h50
OK,/exp/uboone/data/users/jburridg/Nuance/NUANCE/NUANCE_event_files/output/root/PoT_Nuance_event_files/11th_test_run/events_2912.root,41736,4,h100;h3;h1;h50
OK,/exp/uboone/data/users/jburridg/Nuance/NUANCE/NUANCE_event_files/output/root/PoT_Nuance_event_files/11th_test_run/events_2005.root,40478,4,h100;h3;h1;h50
OK,/exp/uboone/data/users/jburridg/Nuance/NUANCE/NUANCE_event_files/output/root/PoT_Nuance_event_files/11th_test_run/events_1761.root,43870,4,h100;h3;h1;h50
OK,/exp/uboone/data/users/jburridg/Nuance/NUANCE/NUANCE_event_files/output/root/PoT_Nuance_event_files/11th_test_run/events_2574.root,44679,4,h100;h3;h1;h50
OK,/exp/uboone/data/users/jburridg/Nuance/NUANCE/NUANCE_event_files/output/root/PoT_Nuance_event_files/11th_test_run/events_2082.root,44808,4,h100;h3;h1;h50
OK,/exp/uboone/data/users/jburridg/Nuance/NUANCE/NUANCE_event_files/output/root/PoT_Nuance_event_files/11th_test_run/events_1775.root,46226,4,h100;h3;h1;h50
OK,/exp/uboone/data/users/jburridg/Nuance/NUANCE/NUANCE_event_files/output/root/PoT_Nuance_event_files/11th_test_run/events_2003.root,41496,4,h100;h3;h1;h50
OK,/exp/uboone/data/users/jburridg/Nuance/NUANCE/NUANCE_event_files/output/root/PoT_Nuance_event_files/11th_test_run/events_2314.root,42487,4,h100;h3;h1;h50
OK,/exp/uboone/data/users/jburridg/Nuance/NUANCE/NUANCE_event_files/output/root/PoT_Nuance_event_files/11th_test_run/events_2641.root,43554,4,h100;h3;h1;h50
OK,/exp/uboone/data/users/jburridg/Nuance/NUANCE/NUANCE_event_files/output/root/PoT_Nuance_event_files/11th_test_run/events_2160.root,41999,4,h100;h3;h1;h50
OK,/exp/uboone/data/users/jburridg/Nuance/NUANCE/NUANCE_event_files/output/root/PoT_Nuance_event_files/11th_test_run/events_1781.root,40877,4,h100;h3;h1;h50
OK,/exp/uboone/data/users/jburridg/Nuance/NUANCE/NUANCE_event_files/output/root/PoT_Nuance_event_files/11th_test_run/events_2463.root,45389,4,h100;h3;h1;h50
OK,/exp/uboone/data/users/jburridg/Nuance/NUANCE/NUANCE_event_files/output/root/PoT_Nuance_event_files/11th_test_run/events_2736.root,43567,4,h100;h3;h1;h50
OK,/exp/uboone/data/users/jburridg/Nuance/NUANCE/NUANCE_event_files/output/root/PoT_Nuance_event_files/11th_test_run/events_1793.root,41198,4,h100;h3;h1;h50
OK,/exp/uboone/data/users/jburridg/Nuance/NUANCE/NUANCE_event_files/output/root/PoT_Nuance_event_files/11th_test_run/events_1876.root,44628,4,h100;h3;h1;h50
OK,/exp/uboone/data/users/jburridg/Nuance/NUANCE/NUANCE_event_files/output/root/PoT_Nuance_event_files/11th_test_run/events_1972.root,42084,4,h100;h3;h1;h50
OK,/exp/uboone/data/users/jburridg/Nuance/NUANCE/NUANCE_event_files/output/root/PoT_Nuance_event_files/11th_test_run/events_1645.root,43838,4,h100;h3;h1;h50
OK,/exp/uboone/data/users/jburridg/Nuance/NUANCE/NUANCE_event_files/output/root/PoT_Nuance_event_files/11th_test_run/events_1566.root,42338,4,h100;h3;h1;h50
OK,/exp/uboone/data/users/jburridg/Nuance/NUANCE/NUANCE_event_files/output/root/PoT_Nuance_event_files/11th_test_run/events_2099.root,43265,4,h100;h3;h1;h50
OK,/exp/uboone/data/users/jburridg/Nuance/NUANCE/NUANCE_event_files/output/root/PoT_Nuance_event_files/11th_test_run/events_2431.root,44907,4,h100;h3;h1;h50
OK,/exp/uboone/data/users/jburridg/Nuance/NUANCE/NUANCE_event_files/output/root/PoT_Nuance_event_files/11th_test_run/events_2589.root,48017,4,h100;h3;h1;h50
OK,/exp/uboone/data/users/jburridg/Nuance/NUANCE/NUANCE_event_files/output/root/PoT_Nuance_event_files/11th_test_run/events_1685.root,43122,4,h100;h3;h1;h50
OK,/exp/uboone/data/users/jburridg/Nuance/NUANCE/NUANCE_event_files/output/root/PoT_Nuance_event_files/11th_test_run/events_2225.root,44887,4,h100;h3;h1;h50
OK,/exp/uboone/data/users/jburridg/Nuance/NUANCE/NUANCE_event_files/output/root/PoT_Nuance_event_files/11th_test_run/events_1547.root,42934,4,h100;h3;h1;h50
OK,/exp/uboone/data/users/jburridg/Nuance/NUANCE/NUANCE_event_files/output/root/PoT_Nuance_event_files/11th_test_run/events_1738.root,44136,4,h100;h3;h1;h50
OK,/exp/uboone/data/users/jburridg/Nuance/NUANCE/NUANCE_event_files/output/root/PoT_Nuance_event_files/11th_test_run/events_2655.root,45249,4,h100;h3;h1;h50
OK,/exp/uboone/data/users/jburridg/Nuance/NUANCE/NUANCE_event_files/output/root/PoT_Nuance_event_files/11th_test_run/events_2181.root,42980,4,h100;h3;h1;h50
OK,/exp/uboone/data/users/jburridg/Nuance/NUANCE/NUANCE_event_files/output/root/PoT_Nuance_event_files/11th_test_run/events_1785.root,40220,4,h100;h3;h1;h50
OK,/exp/uboone/data/users/jburridg/Nuance/NUANCE/NUANCE_event_files/output/root/PoT_Nuance_event_files/11th_test_run/events_2910.root,42128,4,h100;h3;h1;h50
OK,/exp/uboone/data/users/jburridg/Nuance/NUANCE/NUANCE_event_files/output/root/PoT_Nuance_event_files/11th_test_run/events_1821.root,43383,4,h100;h3;h1;h50
OK,/exp/uboone/data/users/jburridg/Nuance/NUANCE/NUANCE_event_files/output/root/PoT_Nuance_event_files/11th_test_run/events_2774.root,42037,4,h100;h3;h1;h50
OK,/exp/uboone/data/users/jburridg/Nuance/NUANCE/NUANCE_event_files/output/root/PoT_Nuance_event_files/11th_test_run/events_1583.root,41991,4,h100;h3;h1;h50
OK,/exp/uboone/data/users/jburridg/Nuance/NUANCE/NUANCE_event_files/output/root/PoT_Nuance_event_files/11th_test_run/events_2644.root,45525,4,h100;h3;h1;h50
OK,/exp/uboone/data/users/jburridg/Nuance/NUANCE/NUANCE_event_files/output/root/PoT_Nuance_event_files/11th_test_run/events_2301.root,43258,4,h100;h3;h1;h50
OK,/exp/uboone/data/users/jburridg/Nuance/NUANCE/NUANCE_event_files/output/root/PoT_Nuance_event_files/11th_test_run/events_2697.root,43070,4,h100;h3;h1;h50
OK,/exp/uboone/data/users/jburridg/Nuance/NUANCE/NUANCE_event_files/output/root/PoT_Nuance_event_files/11th_test_run/events_2391.root,44495,4,h100;h3;h1;h50
OK,/exp/uboone/data/users/jburridg/Nuance/NUANCE/NUANCE_event_files/output/root/PoT_Nuance_event_files/11th_test_run/events_2108.root,44171,4,h100;h3;h1;h50
OK,/exp/uboone/data/users/jburridg/Nuance/NUANCE/NUANCE_event_files/output/root/PoT_Nuance_event_files/11th_test_run/events_1674.root,44392,4,h100;h3;h1;h50
OK,/exp/uboone/data/users/jburridg/Nuance/NUANCE/NUANCE_event_files/output/root/PoT_Nuance_event_files/11th_test_run/events_2047.root,43254,4,h100;h3;h1;h50
OK,/exp/uboone/data/users/jburridg/Nuance/NUANCE/NUANCE_event_files/output/root/PoT_Nuance_event_files/11th_test_run/events_2794.root,41551,4,h100;h3;h1;h50
OK,/exp/uboone/data/users/jburridg/Nuance/NUANCE/NUANCE_event_files/output/root/PoT_Nuance_event_files/11th_test_run/events_2002.root,43598,4,h100;h3;h1;h50
OK,/exp/uboone/data/users/jburridg/Nuance/NUANCE/NUANCE_event_files/output/root/PoT_Nuance_event_files/11th_test_run/events_2825.root,43660,4,h100;h3;h1;h50
OK,/exp/uboone/data/users/jburridg/Nuance/NUANCE/NUANCE_event_files/output/root/PoT_Nuance_event_files/11th_test_run/events_2840.root,41530,4,h100;h3;h1;h50
OK,/exp/uboone/data/users/jburridg/Nuance/NUANCE/NUANCE_event_files/output/root/PoT_Nuance_event_files/11th_test_run/events_1597.root,44851,4,h100;h3;h1;h50
OK,/exp/uboone/data/users/jburridg/Nuance/NUANCE/NUANCE_event_files/output/root/PoT_Nuance_event_files/11th_test_run/events_2237.root,44132,4,h100;h3;h1;h50
OK,/exp/uboone/data/users/jburridg/Nuance/NUANCE/NUANCE_event_files/output/root/PoT_Nuance_event_files/11th_test_run/events_2639.root,42813,4,h100;h3;h1;h50
OK,/exp/uboone/data/users/jburridg/Nuance/NUANCE/NUANCE_event_files/output/root/PoT_Nuance_event_files/11th_test_run/events_1866.root,39624,4,h100;h3;h1;h50
OK,/exp/uboone/data/users/jburridg/Nuance/NUANCE/NUANCE_event_files/output/root/PoT_Nuance_event_files/11th_test_run/events_1506.root,41962,4,h100;h3;h1;h50
OK,/exp/uboone/data/users/jburridg/Nuance/NUANCE/NUANCE_event_files/output/root/PoT_Nuance_event_files/11th_test_run/events_2523.root,44744,4,h100;h3;h1;h50
OK,/exp/uboone/data/users/jburridg/Nuance/NUANCE/NUANCE_event_files/output/root/PoT_Nuance_event_files/11th_test_run/events_2134.root,44520,4,h100;h3;h1;h50
OK,/exp/uboone/data/users/jburridg/Nuance/NUANCE/NUANCE_event_files/output/root/PoT_Nuance_event_files/11th_test_run/events_2065.root,43084,4,h100;h3;h1;h50
OK,/exp/uboone/data/users/jburridg/Nuance/NUANCE/NUANCE_event_files/output/root/PoT_Nuance_event_files/11th_test_run/events_1862.root,43424,4,h100;h3;h1;h50
OK,/exp/uboone/data/users/jburridg/Nuance/NUANCE/NUANCE_event_files/output/root/PoT_Nuance_event_files/11th_test_run/events_2755.root,43252,4,h100;h3;h1;h50
OK,/exp/uboone/data/users/jburridg/Nuance/NUANCE/NUANCE_event_files/output/root/PoT_Nuance_event_files/11th_test_run/events_2709.root,41776,4,h100;h3;h1;h50
OK,/exp/uboone/data/users/jburridg/Nuance/NUANCE/NUANCE_event_files/output/root/PoT_Nuance_event_files/11th_test_run/events_2710.root,42061,4,h100;h3;h1;h50
OK,/exp/uboone/data/users/jburridg/Nuance/NUANCE/NUANCE_event_files/output/root/PoT_Nuance_event_files/11th_test_run/events_2846.root,41341,4,h100;h3;h1;h50
OK,/exp/uboone/data/users/jburridg/Nuance/NUANCE/NUANCE_event_files/output/root/PoT_Nuance_event_files/11th_test_run/events_2524.root,41429,4,h100;h3;h1;h50
OK,/exp/uboone/data/users/jburridg/Nuance/NUANCE/NUANCE_event_files/output/root/PoT_Nuance_event_files/11th_test_run/events_2359.root,42664,4,h100;h3;h1;h50
OK,/exp/uboone/data/users/jburridg/Nuance/NUANCE/NUANCE_event_files/output/root/PoT_Nuance_event_files/11th_test_run/events_1766.root,42569,4,h100;h3;h1;h50
OK,/exp/uboone/data/users/jburridg/Nuance/NUANCE/NUANCE_event_files/output/root/PoT_Nuance_event_files/11th_test_run/events_2752.root,41965,4,h100;h3;h1;h50
OK,/exp/uboone/data/users/jburridg/Nuance/NUANCE/NUANCE_event_files/output/root/PoT_Nuance_event_files/11th_test_run/events_2306.root,41220,4,h100;h3;h1;h50
OK,/exp/uboone/data/users/jburridg/Nuance/NUANCE/NUANCE_event_files/output/root/PoT_Nuance_event_files/11th_test_run/events_1783.root,41693,4,h100;h3;h1;h50
OK,/exp/uboone/data/users/jburridg/Nuance/NUANCE/NUANCE_event_files/output/root/PoT_Nuance_event_files/11th_test_run/events_2231.root,42118,4,h100;h3;h1;h50
OK,/exp/uboone/data/users/jburridg/Nuance/NUANCE/NUANCE_event_files/output/root/PoT_Nuance_event_files/11th_test_run/events_2863.root,43074,4,h100;h3;h1;h50
OK,/exp/uboone/data/users/jburridg/Nuance/NUANCE/NUANCE_event_files/output/root/PoT_Nuance_event_files/11th_test_run/events_2059.root,42987,4,h100;h3;h1;h50
OK,/exp/uboone/data/users/jburridg/Nuance/NUANCE/NUANCE_event_files/output/root/PoT_Nuance_event_files/11th_test_run/events_1749.root,39326,4,h100;h3;h1;h50
OK,/exp/uboone/data/users/jburridg/Nuance/NUANCE/NUANCE_event_files/output/root/PoT_Nuance_event_files/11th_test_run/events_1570.root,43811,4,h100;h3;h1;h50
OK,/exp/uboone/data/users/jburridg/Nuance/NUANCE/NUANCE_event_files/output/root/PoT_Nuance_event_files/11th_test_run/events_1913.root,42174,4,h100;h3;h1;h50
OK,/exp/uboone/data/users/jburridg/Nuance/NUANCE/NUANCE_event_files/output/root/PoT_Nuance_event_files/11th_test_run/events_1621.root,42005,4,h100;h3;h1;h50
OK,/exp/uboone/data/users/jburridg/Nuance/NUANCE/NUANCE_event_files/output/root/PoT_Nuance_event_files/11th_test_run/events_1651.root,42476,4,h100;h3;h1;h50
OK,/exp/uboone/data/users/jburridg/Nuance/NUANCE/NUANCE_event_files/output/root/PoT_Nuance_event_files/11th_test_run/events_2626.root,40804,4,h100;h3;h1;h50
OK,/exp/uboone/data/users/jburridg/Nuance/NUANCE/NUANCE_event_files/output/root/PoT_Nuance_event_files/11th_test_run/events_2772.root,42868,4,h100;h3;h1;h50
OK,/exp/uboone/data/users/jburridg/Nuance/NUANCE/NUANCE_event_files/output/root/PoT_Nuance_event_files/11th_test_run/events_2841.root,41884,4,h100;h3;h1;h50
OK,/exp/uboone/data/users/jburridg/Nuance/NUANCE/NUANCE_event_files/output/root/PoT_Nuance_event_files/11th_test_run/events_2495.root,44188,4,h100;h3;h1;h50
OK,/exp/uboone/data/users/jburridg/Nuance/NUANCE/NUANCE_event_files/output/root/PoT_Nuance_event_files/11th_test_run/events_2179.root,43439,4,h100;h3;h1;h50
OK,/exp/uboone/data/users/jburridg/Nuance/NUANCE/NUANCE_event_files/output/root/PoT_Nuance_event_files/11th_test_run/events_1939.root,40681,4,h100;h3;h1;h50
OK,/exp/uboone/data/users/jburridg/Nuance/NUANCE/NUANCE_event_files/output/root/PoT_Nuance_event_files/11th_test_run/events_2202.root,44310,4,h100;h3;h1;h50
OK,/exp/uboone/data/users/jburridg/Nuance/NUANCE/NUANCE_event_files/output/root/PoT_Nuance_event_files/11th_test_run/events_2267.root,44384,4,h100;h3;h1;h50
OK,/exp/uboone/data/users/jburridg/Nuance/NUANCE/NUANCE_event_files/output/root/PoT_Nuance_event_files/11th_test_run/events_2046.root,41601,4,h100;h3;h1;h50
OK,/exp/uboone/data/users/jburridg/Nuance/NUANCE/NUANCE_event_files/output/root/PoT_Nuance_event_files/11th_test_run/events_1982.root,45499,4,h100;h3;h1;h50
OK,/exp/uboone/data/users/jburridg/Nuance/NUANCE/NUANCE_event_files/output/root/PoT_Nuance_event_files/11th_test_run/events_2518.root,43169,4,h100;h3;h1;h50
OK,/exp/uboone/data/users/jburridg/Nuance/NUANCE/NUANCE_event_files/output/root/PoT_Nuance_event_files/11th_test_run/events_2004.root,43532,4,h100;h3;h1;h50
OK,/exp/uboone/data/users/jburridg/Nuance/NUANCE/NUANCE_event_files/output/root/PoT_Nuance_event_files/11th_test_run/events_2258.root,42804,4,h100;h3;h1;h50
OK,/exp/uboone/data/users/jburridg/Nuance/NUANCE/NUANCE_event_files/output/root/PoT_Nuance_event_files/11th_test_run/events_2114.root,42498,4,h100;h3;h1;h50
OK,/exp/uboone/data/users/jburridg/Nuance/NUANCE/NUANCE_event_files/output/root/PoT_Nuance_event_files/11th_test_run/events_2342.root,41344,4,h100;h3;h1;h50
OK,/exp/uboone/data/users/jburridg/Nuance/NUANCE/NUANCE_event_files/output/root/PoT_Nuance_event_files/11th_test_run/events_1887.root,43996,4,h100;h3;h1;h50
OK,/exp/uboone/data/users/jburridg/Nuance/NUANCE/NUANCE_event_files/output/root/PoT_Nuance_event_files/11th_test_run/events_2415.root,43297,4,h100;h3;h1;h50
OK,/exp/uboone/data/users/jburridg/Nuance/NUANCE/NUANCE_event_files/output/root/PoT_Nuance_event_files/11th_test_run/events_2862.root,43474,4,h100;h3;h1;h50
OK,/exp/uboone/data/users/jburridg/Nuance/NUANCE/NUANCE_event_files/output/root/PoT_Nuance_event_files/11th_test_run/events_1922.root,44181,4,h100;h3;h1;h50
OK,/exp/uboone/data/users/jburridg/Nuance/NUANCE/NUANCE_event_files/output/root/PoT_Nuance_event_files/11th_test_run/events_2844.root,43776,4,h100;h3;h1;h50
OK,/exp/uboone/data/users/jburridg/Nuance/NUANCE/NUANCE_event_files/output/root/PoT_Nuance_event_files/11th_test_run/events_2165.root,44029,4,h100;h3;h1;h50
OK,/exp/uboone/data/users/jburridg/Nuance/NUANCE/NUANCE_event_files/output/root/PoT_Nuance_event_files/11th_test_run/events_2332.root,41160,4,h100;h3;h1;h50
OK,/exp/uboone/data/users/jburridg/Nuance/NUANCE/NUANCE_event_files/output/root/PoT_Nuance_event_files/11th_test_run/events_2408.root,41082,4,h100;h3;h1;h50
OK,/exp/uboone/data/users/jburridg/Nuance/NUANCE/NUANCE_event_files/output/root/PoT_Nuance_event_files/11th_test_run/events_2908.root,42351,4,h100;h3;h1;h50
OK,/exp/uboone/data/users/jburridg/Nuance/NUANCE/NUANCE_event_files/output/root/PoT_Nuance_event_files/11th_test_run/events_1725.root,42244,4,h100;h3;h1;h50
OK,/exp/uboone/data/users/jburridg/Nuance/NUANCE/NUANCE_event_files/output/root/PoT_Nuance_event_files/11th_test_run/events_1702.root,41034,4,h100;h3;h1;h50
OK,/exp/uboone/data/users/jburridg/Nuance/NUANCE/NUANCE_event_files/output/root/PoT_Nuance_event_files/11th_test_run/events_1575.root,42691,4,h100;h3;h1;h50
OK,/exp/uboone/data/users/jburridg/Nuance/NUANCE/NUANCE_event_files/output/root/PoT_Nuance_event_files/11th_test_run/events_2351.root,42533,4,h100;h3;h1;h50
OK,/exp/uboone/data/users/jburridg/Nuance/NUANCE/NUANCE_event_files/output/root/PoT_Nuance_event_files/11th_test_run/events_1831.root,44283,4,h100;h3;h1;h50
OK,/exp/uboone/data/users/jburridg/Nuance/NUANCE/NUANCE_event_files/output/root/PoT_Nuance_event_files/11th_test_run/events_2493.root,42256,4,h100;h3;h1;h50
OK,/exp/uboone/data/users/jburridg/Nuance/NUANCE/NUANCE_event_files/output/root/PoT_Nuance_event_files/11th_test_run/events_2945.root,44087,4,h100;h3;h1;h50
OK,/exp/uboone/data/users/jburridg/Nuance/NUANCE/NUANCE_event_files/output/root/PoT_Nuance_event_files/11th_test_run/events_1964.root,41258,4,h100;h3;h1;h50
OK,/exp/uboone/data/users/jburridg/Nuance/NUANCE/NUANCE_event_files/output/root/PoT_Nuance_event_files/11th_test_run/events_2877.root,45150,4,h100;h3;h1;h50
OK,/exp/uboone/data/users/jburridg/Nuance/NUANCE/NUANCE_event_files/output/root/PoT_Nuance_event_files/11th_test_run/events_2068.root,43966,4,h100;h3;h1;h50
OK,/exp/uboone/data/users/jburridg/Nuance/NUANCE/NUANCE_event_files/output/root/PoT_Nuance_event_files/11th_test_run/events_1906.root,43375,4,h100;h3;h1;h50
OK,/exp/uboone/data/users/jburridg/Nuance/NUANCE/NUANCE_event_files/output/root/PoT_Nuance_event_files/11th_test_run/events_2722.root,42457,4,h100;h3;h1;h50
OK,/exp/uboone/data/users/jburridg/Nuance/NUANCE/NUANCE_event_files/output/root/PoT_Nuance_event_files/11th_test_run/events_1994.root,44276,4,h100;h3;h1;h50
OK,/exp/uboone/data/users/jburridg/Nuance/NUANCE/NUANCE_event_files/output/root/PoT_Nuance_event_files/11th_test_run/events_2337.root,42634,4,h100;h3;h1;h50
OK,/exp/uboone/data/users/jburridg/Nuance/NUANCE/NUANCE_event_files/output/root/PoT_Nuance_event_files/11th_test_run/events_2311.root,43376,4,h100;h3;h1;h50
OK,/exp/uboone/data/users/jburridg/Nuance/NUANCE/NUANCE_event_files/output/root/PoT_Nuance_event_files/11th_test_run/events_2847.root,41908,4,h100;h3;h1;h50
OK,/exp/uboone/data/users/jburridg/Nuance/NUANCE/NUANCE_event_files/output/root/PoT_Nuance_event_files/11th_test_run/events_2392.root,43586,4,h100;h3;h1;h50
OK,/exp/uboone/data/users/jburridg/Nuance/NUANCE/NUANCE_event_files/output/root/PoT_Nuance_event_files/11th_test_run/events_2750.root,43316,4,h100;h3;h1;h50
OK,/exp/uboone/data/users/jburridg/Nuance/NUANCE/NUANCE_event_files/output/root/PoT_Nuance_event_files/11th_test_run/events_2581.root,45361,4,h100;h3;h1;h50
OK,/exp/uboone/data/users/jburridg/Nuance/NUANCE/NUANCE_event_files/output/root/PoT_Nuance_event_files/11th_test_run/events_2592.root,42681,4,h100;h3;h1;h50
OK,/exp/uboone/data/users/jburridg/Nuance/NUANCE/NUANCE_event_files/output/root/PoT_Nuance_event_files/11th_test_run/events_2417.root,44171,4,h100;h3;h1;h50
OK,/exp/uboone/data/users/jburridg/Nuance/NUANCE/NUANCE_event_files/output/root/PoT_Nuance_event_files/11th_test_run/events_1726.root,43758,4,h100;h3;h1;h50
OK,/exp/uboone/data/users/jburridg/Nuance/NUANCE/NUANCE_event_files/output/root/PoT_Nuance_event_files/11th_test_run/events_2286.root,41517,4,h100;h3;h1;h50
OK,/exp/uboone/data/users/jburridg/Nuance/NUANCE/NUANCE_event_files/output/root/PoT_Nuance_event_files/11th_test_run/events_2185.root,42428,4,h100;h3;h1;h50
OK,/exp/uboone/data/users/jburridg/Nuance/NUANCE/NUANCE_event_files/output/root/PoT_Nuance_event_files/11th_test_run/events_2377.root,43263,4,h100;h3;h1;h50
OK,/exp/uboone/data/users/jburridg/Nuance/NUANCE/NUANCE_event_files/output/root/PoT_Nuance_event_files/11th_test_run/events_2901.root,44210,4,h100;h3;h1;h50
OK,/exp/uboone/data/users/jburridg/Nuance/NUANCE/NUANCE_event_files/output/root/PoT_Nuance_event_files/11th_test_run/events_2714.root,41327,4,h100;h3;h1;h50
OK,/exp/uboone/data/users/jburridg/Nuance/NUANCE/NUANCE_event_files/output/root/PoT_Nuance_event_files/11th_test_run/events_1639.root,44859,4,h100;h3;h1;h50
OK,/exp/uboone/data/users/jburridg/Nuance/NUANCE/NUANCE_event_files/output/root/PoT_Nuance_event_files/11th_test_run/events_1744.root,43205,4,h100;h3;h1;h50
OK,/exp/uboone/data/users/jburridg/Nuance/NUANCE/NUANCE_event_files/output/root/PoT_Nuance_event_files/11th_test_run/events_2169.root,41609,4,h100;h3;h1;h50
OK,/exp/uboone/data/users/jburridg/Nuance/NUANCE/NUANCE_event_files/output/root/PoT_Nuance_event_files/11th_test_run/events_2468.root,41386,4,h100;h3;h1;h50
OK,/exp/uboone/data/users/jburridg/Nuance/NUANCE/NUANCE_event_files/output/root/PoT_Nuance_event_files/11th_test_run/events_1915.root,42270,4,h100;h3;h1;h50
OK,/exp/uboone/data/users/jburridg/Nuance/NUANCE/NUANCE_event_files/output/root/PoT_Nuance_event_files/11th_test_run/events_1530.root,45579,4,h100;h3;h1;h50
OK,/exp/uboone/data/users/jburridg/Nuance/NUANCE/NUANCE_event_files/output/root/PoT_Nuance_event_files/11th_test_run/events_2767.root,42227,4,h100;h3;h1;h50
OK,/exp/uboone/data/users/jburridg/Nuance/NUANCE/NUANCE_event_files/output/root/PoT_Nuance_event_files/11th_test_run/events_1908.root,45032,4,h100;h3;h1;h50
OK,/exp/uboone/data/users/jburridg/Nuance/NUANCE/NUANCE_event_files/output/root/PoT_Nuance_event_files/11th_test_run/events_2949.root,45780,4,h100;h3;h1;h50
OK,/exp/uboone/data/users/jburridg/Nuance/NUANCE/NUANCE_event_files/output/root/PoT_Nuance_event_files/11th_test_run/events_2393.root,43978,4,h100;h3;h1;h50
OK,/exp/uboone/data/users/jburridg/Nuance/NUANCE/NUANCE_event_files/output/root/PoT_Nuance_event_files/11th_test_run/events_2424.root,43657,4,h100;h3;h1;h50
OK,/exp/uboone/data/users/jburridg/Nuance/NUANCE/NUANCE_event_files/output/root/PoT_Nuance_event_files/11th_test_run/events_1940.root,42036,4,h100;h3;h1;h50
OK,/exp/uboone/data/users/jburridg/Nuance/NUANCE/NUANCE_event_files/output/root/PoT_Nuance_event_files/11th_test_run/events_1914.root,42682,4,h100;h3;h1;h50
OK,/exp/uboone/data/users/jburridg/Nuance/NUANCE/NUANCE_event_files/output/root/PoT_Nuance_event_files/11th_test_run/events_2498.root,42182,4,h100;h3;h1;h50
OK,/exp/uboone/data/users/jburridg/Nuance/NUANCE/NUANCE_event_files/output/root/PoT_Nuance_event_files/11th_test_run/events_1727.root,45331,4,h100;h3;h1;h50
OK,/exp/uboone/data/users/jburridg/Nuance/NUANCE/NUANCE_event_files/output/root/PoT_Nuance_event_files/11th_test_run/events_2383.root,43347,4,h100;h3;h1;h50
OK,/exp/uboone/data/users/jburridg/Nuance/NUANCE/NUANCE_event_files/output/root/PoT_Nuance_event_files/11th_test_run/events_2768.root,45950,4,h100;h3;h1;h50
OK,/exp/uboone/data/users/jburridg/Nuance/NUANCE/NUANCE_event_files/output/root/PoT_Nuance_event_files/11th_test_run/events_2127.root,42548,4,h100;h3;h1;h50
OK,/exp/uboone/data/users/jburridg/Nuance/NUANCE/NUANCE_event_files/output/root/PoT_Nuance_event_files/11th_test_run/events_1550.root,41275,4,h100;h3;h1;h50
OK,/exp/uboone/data/users/jburridg/Nuance/NUANCE/NUANCE_event_files/output/root/PoT_Nuance_event_files/11th_test_run/events_2898.root,41033,4,h100;h3;h1;h50
OK,/exp/uboone/data/users/jburridg/Nuance/NUANCE/NUANCE_event_files/output/root/PoT_Nuance_event_files/11th_test_run/events_2344.root,42620,4,h100;h3;h1;h50
OK,/exp/uboone/data/users/jburridg/Nuance/NUANCE/NUANCE_event_files/output/root/PoT_Nuance_event_files/11th_test_run/events_2782.root,46367,4,h100;h3;h1;h50
OK,/exp/uboone/data/users/jburridg/Nuance/NUANCE/NUANCE_event_files/output/root/PoT_Nuance_event_files/11th_test_run/events_1931.root,40444,4,h100;h3;h1;h50
OK,/exp/uboone/data/users/jburridg/Nuance/NUANCE/NUANCE_event_files/output/root/PoT_Nuance_event_files/11th_test_run/events_1509.root,40422,4,h100;h3;h1;h50
OK,/exp/uboone/data/users/jburridg/Nuance/NUANCE/NUANCE_event_files/output/root/PoT_Nuance_event_files/11th_test_run/events_2632.root,42258,4,h100;h3;h1;h50
OK,/exp/uboone/data/users/jburridg/Nuance/NUANCE/NUANCE_event_files/output/root/PoT_Nuance_event_files/11th_test_run/events_1542.root,43695,4,h100;h3;h1;h50
OK,/exp/uboone/data/users/jburridg/Nuance/NUANCE/NUANCE_event_files/output/root/PoT_Nuance_event_files/11th_test_run/events_2436.root,42294,4,h100;h3;h1;h50
OK,/exp/uboone/data/users/jburridg/Nuance/NUANCE/NUANCE_event_files/output/root/PoT_Nuance_event_files/11th_test_run/events_2733.root,43340,4,h100;h3;h1;h50
OK,/exp/uboone/data/users/jburridg/Nuance/NUANCE/NUANCE_event_files/output/root/PoT_Nuance_event_files/11th_test_run/events_2685.root,46358,4,h100;h3;h1;h50
OK,/exp/uboone/data/users/jburridg/Nuance/NUANCE/NUANCE_event_files/output/root/PoT_Nuance_event_files/11th_test_run/events_2950.root,41535,4,h100;h3;h1;h50
OK,/exp/uboone/data/users/jburridg/Nuance/NUANCE/NUANCE_event_files/output/root/PoT_Nuance_event_files/11th_test_run/events_2124.root,43105,4,h100;h3;h1;h50
OK,/exp/uboone/data/users/jburridg/Nuance/NUANCE/NUANCE_event_files/output/root/PoT_Nuance_event_files/11th_test_run/events_1898.root,41972,4,h100;h3;h1;h50
OK,/exp/uboone/data/users/jburridg/Nuance/NUANCE/NUANCE_event_files/output/root/PoT_Nuance_event_files/11th_test_run/events_2817.root,42552,4,h100;h3;h1;h50
OK,/exp/uboone/data/users/jburridg/Nuance/NUANCE/NUANCE_event_files/output/root/PoT_Nuance_event_files/11th_test_run/events_1899.root,44930,4,h100;h3;h1;h50
OK,/exp/uboone/data/users/jburridg/Nuance/NUANCE/NUANCE_event_files/output/root/PoT_Nuance_event_files/11th_test_run/events_2407.root,41259,4,h100;h3;h1;h50
OK,/exp/uboone/data/users/jburridg/Nuance/NUANCE/NUANCE_event_files/output/root/PoT_Nuance_event_files/11th_test_run/events_2621.root,42153,4,h100;h3;h1;h50
OK,/exp/uboone/data/users/jburridg/Nuance/NUANCE/NUANCE_event_files/output/root/PoT_Nuance_event_files/11th_test_run/events_2729.root,42021,4,h100;h3;h1;h50
OK,/exp/uboone/data/users/jburridg/Nuance/NUANCE/NUANCE_event_files/output/root/PoT_Nuance_event_files/11th_test_run/events_1647.root,43204,4,h100;h3;h1;h50
OK,/exp/uboone/data/users/jburridg/Nuance/NUANCE/NUANCE_event_files/output/root/PoT_Nuance_event_files/11th_test_run/events_2122.root,44709,4,h100;h3;h1;h50
OK,/exp/uboone/data/users/jburridg/Nuance/NUANCE/NUANCE_event_files/output/root/PoT_Nuance_event_files/11th_test_run/events_2652.root,41474,4,h100;h3;h1;h50
OK,/exp/uboone/data/users/jburridg/Nuance/NUANCE/NUANCE_event_files/output/root/PoT_Nuance_event_files/11th_test_run/events_2448.root,44297,4,h100;h3;h1;h50
OK,/exp/uboone/data/users/jburridg/Nuance/NUANCE/NUANCE_event_files/output/root/PoT_Nuance_event_files/11th_test_run/events_2324.root,42630,4,h100;h3;h1;h50
OK,/exp/uboone/data/users/jburridg/Nuance/NUANCE/NUANCE_event_files/output/root/PoT_Nuance_event_files/11th_test_run/events_2362.root,43220,4,h100;h3;h1;h50
OK,/exp/uboone/data/users/jburridg/Nuance/NUANCE/NUANCE_event_files/output/root/PoT_Nuance_event_files/11th_test_run/events_1555.root,42242,4,h100;h3;h1;h50
OK,/exp/uboone/data/users/jburridg/Nuance/NUANCE/NUANCE_event_files/output/root/PoT_Nuance_event_files/11th_test_run/events_2954.root,42208,4,h100;h3;h1;h50
OK,/exp/uboone/data/users/jburridg/Nuance/NUANCE/NUANCE_event_files/output/root/PoT_Nuance_event_files/11th_test_run/events_2578.root,43795,4,h100;h3;h1;h50
OK,/exp/uboone/data/users/jburridg/Nuance/NUANCE/NUANCE_event_files/output/root/PoT_Nuance_event_files/11th_test_run/events_2693.root,44341,4,h100;h3;h1;h50
OK,/exp/uboone/data/users/jburridg/Nuance/NUANCE/NUANCE_event_files/output/root/PoT_Nuance_event_files/11th_test_run/events_1801.root,43171,4,h100;h3;h1;h50
OK,/exp/uboone/data/users/jburridg/Nuance/NUANCE/NUANCE_event_files/output/root/PoT_Nuance_event_files/11th_test_run/events_1763.root,41816,4,h100;h3;h1;h50
OK,/exp/uboone/data/users/jburridg/Nuance/NUANCE/NUANCE_event_files/output/root/PoT_Nuance_event_files/11th_test_run/events_2608.root,45855,4,h100;h3;h1;h50
OK,/exp/uboone/data/users/jburridg/Nuance/NUANCE/NUANCE_event_files/output/root/PoT_Nuance_event_files/11th_test_run/events_2527.root,40020,4,h100;h3;h1;h50
OK,/exp/uboone/data/users/jburridg/Nuance/NUANCE/NUANCE_event_files/output/root/PoT_Nuance_event_files/11th_test_run/events_2410.root,44706,4,h100;h3;h1;h50
OK,/exp/uboone/data/users/jburridg/Nuance/NUANCE/NUANCE_event_files/output/root/PoT_Nuance_event_files/11th_test_run/events_1698.root,43138,4,h100;h3;h1;h50
OK,/exp/uboone/data/users/jburridg/Nuance/NUANCE/NUANCE_event_files/output/root/PoT_Nuance_event_files/11th_test_run/events_1533.root,41767,4,h100;h3;h1;h50
OK,/exp/uboone/data/users/jburridg/Nuance/NUANCE/NUANCE_event_files/output/root/PoT_Nuance_event_files/11th_test_run/events_1951.root,42172,4,h100;h3;h1;h50
OK,/exp/uboone/data/users/jburridg/Nuance/NUANCE/NUANCE_event_files/output/root/PoT_Nuance_event_files/11th_test_run/events_2612.root,44356,4,h100;h3;h1;h50
OK,/exp/uboone/data/users/jburridg/Nuance/NUANCE/NUANCE_event_files/output/root/PoT_Nuance_event_files/11th_test_run/events_2018.root,43531,4,h100;h3;h1;h50
OK,/exp/uboone/data/users/jburridg/Nuance/NUANCE/NUANCE_event_files/output/root/PoT_Nuance_event_files/11th_test_run/events_2297.root,42719,4,h100;h3;h1;h50
OK,/exp/uboone/data/users/jburridg/Nuance/NUANCE/NUANCE_event_files/output/root/PoT_Nuance_event_files/11th_test_run/events_2616.root,44586,4,h100;h3;h1;h50
OK,/exp/uboone/data/users/jburridg/Nuance/NUANCE/NUANCE_event_files/output/root/PoT_Nuance_event_files/11th_test_run/events_2216.root,40980,4,h100;h3;h1;h50
OK,/exp/uboone/data/users/jburridg/Nuance/NUANCE/NUANCE_event_files/output/root/PoT_Nuance_event_files/11th_test_run/events_1838.root,44440,4,h100;h3;h1;h50
OK,/exp/uboone/data/users/jburridg/Nuance/NUANCE/NUANCE_event_files/output/root/PoT_Nuance_event_files/11th_test_run/events_2568.root,42477,4,h100;h3;h1;h50
OK,/exp/uboone/data/users/jburridg/Nuance/NUANCE/NUANCE_event_files/output/root/PoT_Nuance_event_files/11th_test_run/events_2601.root,44565,4,h100;h3;h1;h50
OK,/exp/uboone/data/users/jburridg/Nuance/NUANCE/NUANCE_event_files/output/root/PoT_Nuance_event_files/11th_test_run/events_2570.root,44077,4,h100;h3;h1;h50
OK,/exp/uboone/data/users/jburridg/Nuance/NUANCE/NUANCE_event_files/output/root/PoT_Nuance_event_files/11th_test_run/events_2343.root,46833,4,h100;h3;h1;h50
OK,/exp/uboone/data/users/jburridg/Nuance/NUANCE/NUANCE_event_files/output/root/PoT_Nuance_event_files/11th_test_run/events_2387.root,40320,4,h100;h3;h1;h50
OK,/exp/uboone/data/users/jburridg/Nuance/NUANCE/NUANCE_event_files/output/root/PoT_Nuance_event_files/11th_test_run/events_1662.root,43006,4,h100;h3;h1;h50
OK,/exp/uboone/data/users/jburridg/Nuance/NUANCE/NUANCE_event_files/output/root/PoT_Nuance_event_files/11th_test_run/events_2360.root,41995,4,h100;h3;h1;h50
OK,/exp/uboone/data/users/jburridg/Nuance/NUANCE/NUANCE_event_files/output/root/PoT_Nuance_event_files/11th_test_run/events_1539.root,44321,4,h100;h3;h1;h50
OK,/exp/uboone/data/users/jburridg/Nuance/NUANCE/NUANCE_event_files/output/root/PoT_Nuance_event_files/11th_test_run/events_2594.root,45738,4,h100;h3;h1;h50
OK,/exp/uboone/data/users/jburridg/Nuance/NUANCE/NUANCE_event_files/output/root/PoT_Nuance_event_files/11th_test_run/events_2439.root,42904,4,h100;h3;h1;h50
OK,/exp/uboone/data/users/jburridg/Nuance/NUANCE/NUANCE_event_files/output/root/PoT_Nuance_event_files/11th_test_run/events_2623.root,43269,4,h100;h3;h1;h50
OK,/exp/uboone/data/users/jburridg/Nuance/NUANCE/NUANCE_event_files/output/root/PoT_Nuance_event_files/11th_test_run/events_1618.root,43003,4,h100;h3;h1;h50
OK,/exp/uboone/data/users/jburridg/Nuance/NUANCE/NUANCE_event_files/output/root/PoT_Nuance_event_files/11th_test_run/events_1596.root,40814,4,h100;h3;h1;h50
OK,/exp/uboone/data/users/jburridg/Nuance/NUANCE/NUANCE_event_files/output/root/PoT_Nuance_event_files/11th_test_run/events_2556.root,46808,4,h100;h3;h1;h50
OK,/exp/uboone/data/users/jburridg/Nuance/NUANCE/NUANCE_event_files/output/root/PoT_Nuance_event_files/11th_test_run/events_2269.root,45805,4,h100;h3;h1;h50
OK,/exp/uboone/data/users/jburridg/Nuance/NUANCE/NUANCE_event_files/output/root/PoT_Nuance_event_files/11th_test_run/events_1941.root,44116,4,h100;h3;h1;h50
OK,/exp/uboone/data/users/jburridg/Nuance/NUANCE/NUANCE_event_files/output/root/PoT_Nuance_event_files/11th_test_run/events_2615.root,41108,4,h100;h3;h1;h50
OK,/exp/uboone/data/users/jburridg/Nuance/NUANCE/NUANCE_event_files/output/root/PoT_Nuance_event_files/11th_test_run/events_2370.root,41925,4,h100;h3;h1;h50
OK,/exp/uboone/data/users/jburridg/Nuance/NUANCE/NUANCE_event_files/output/root/PoT_Nuance_event_files/11th_test_run/events_2368.root,41841,4,h100;h3;h1;h50
OK,/exp/uboone/data/users/jburridg/Nuance/NUANCE/NUANCE_event_files/output/root/PoT_Nuance_event_files/11th_test_run/events_1653.root,42745,4,h100;h3;h1;h50
OK,/exp/uboone/data/users/jburridg/Nuance/NUANCE/NUANCE_event_files/output/root/PoT_Nuance_event_files/11th_test_run/events_2120.root,40347,4,h100;h3;h1;h50
OK,/exp/uboone/data/users/jburridg/Nuance/NUANCE/NUANCE_event_files/output/root/PoT_Nuance_event_files/11th_test_run/events_2504.root,41621,4,h100;h3;h1;h50
OK,/exp/uboone/data/users/jburridg/Nuance/NUANCE/NUANCE_event_files/output/root/PoT_Nuance_event_files/11th_test_run/events_2378.root,43601,4,h100;h3;h1;h50
OK,/exp/uboone/data/users/jburridg/Nuance/NUANCE/NUANCE_event_files/output/root/PoT_Nuance_event_files/11th_test_run/events_2366.root,42872,4,h100;h3;h1;h50
OK,/exp/uboone/data/users/jburridg/Nuance/NUANCE/NUANCE_event_files/output/root/PoT_Nuance_event_files/11th_test_run/events_1769.root,43071,4,h100;h3;h1;h50
OK,/exp/uboone/data/users/jburridg/Nuance/NUANCE/NUANCE_event_files/output/root/PoT_Nuance_event_files/11th_test_run/events_2031.root,44169,4,h100;h3;h1;h50
OK,/exp/uboone/data/users/jburridg/Nuance/NUANCE/NUANCE_event_files/output/root/PoT_Nuance_event_files/11th_test_run/events_2657.root,40804,4,h100;h3;h1;h50
OK,/exp/uboone/data/users/jburridg/Nuance/NUANCE/NUANCE_event_files/output/root/PoT_Nuance_event_files/11th_test_run/events_1720.root,42009,4,h100;h3;h1;h50
OK,/exp/uboone/data/users/jburridg/Nuance/NUANCE/NUANCE_event_files/output/root/PoT_Nuance_event_files/11th_test_run/events_2591.root,43021,4,h100;h3;h1;h50
OK,/exp/uboone/data/users/jburridg/Nuance/NUANCE/NUANCE_event_files/output/root/PoT_Nuance_event_files/11th_test_run/events_2723.root,43920,4,h100;h3;h1;h50
OK,/exp/uboone/data/users/jburridg/Nuance/NUANCE/NUANCE_event_files/output/root/PoT_Nuance_event_files/11th_test_run/events_1627.root,41230,4,h100;h3;h1;h50
OK,/exp/uboone/data/users/jburridg/Nuance/NUANCE/NUANCE_event_files/output/root/PoT_Nuance_event_files/11th_test_run/events_2821.root,45877,4,h100;h3;h1;h50
OK,/exp/uboone/data/users/jburridg/Nuance/NUANCE/NUANCE_event_files/output/root/PoT_Nuance_event_files/11th_test_run/events_2502.root,43506,4,h100;h3;h1;h50
OK,/exp/uboone/data/users/jburridg/Nuance/NUANCE/NUANCE_event_files/output/root/PoT_Nuance_event_files/11th_test_run/events_1822.root,43428,4,h100;h3;h1;h50
OK,/exp/uboone/data/users/jburridg/Nuance/NUANCE/NUANCE_event_files/output/root/PoT_Nuance_event_files/11th_test_run/events_2356.root,44234,4,h100;h3;h1;h50
OK,/exp/uboone/data/users/jburridg/Nuance/NUANCE/NUANCE_event_files/output/root/PoT_Nuance_event_files/11th_test_run/events_2174.root,43745,4,h100;h3;h1;h50
OK,/exp/uboone/data/users/jburridg/Nuance/NUANCE/NUANCE_event_files/output/root/PoT_Nuance_event_files/11th_test_run/events_2957.root,43995,4,h100;h3;h1;h50
OK,/exp/uboone/data/users/jburridg/Nuance/NUANCE/NUANCE_event_files/output/root/PoT_Nuance_event_files/11th_test_run/events_1799.root,45240,4,h100;h3;h1;h50
OK,/exp/uboone/data/users/jburridg/Nuance/NUANCE/NUANCE_event_files/output/root/PoT_Nuance_event_files/11th_test_run/events_1919.root,41736,4,h100;h3;h1;h50
OK,/exp/uboone/data/users/jburridg/Nuance/NUANCE/NUANCE_event_files/output/root/PoT_Nuance_event_files/11th_test_run/events_2899.root,44057,4,h100;h3;h1;h50
OK,/exp/uboone/data/users/jburridg/Nuance/NUANCE/NUANCE_event_files/output/root/PoT_Nuance_event_files/11th_test_run/events_2719.root,45130,4,h100;h3;h1;h50
OK,/exp/uboone/data/users/jburridg/Nuance/NUANCE/NUANCE_event_files/output/root/PoT_Nuance_event_files/11th_test_run/events_2881.root,44104,4,h100;h3;h1;h50
OK,/exp/uboone/data/users/jburridg/Nuance/NUANCE/NUANCE_event_files/output/root/PoT_Nuance_event_files/11th_test_run/events_1837.root,41748,4,h100;h3;h1;h50
OK,/exp/uboone/data/users/jburridg/Nuance/NUANCE/NUANCE_event_files/output/root/PoT_Nuance_event_files/11th_test_run/events_2398.root,45554,4,h100;h3;h1;h50
OK,/exp/uboone/data/users/jburridg/Nuance/NUANCE/NUANCE_event_files/output/root/PoT_Nuance_event_files/11th_test_run/events_2702.root,43916,4,h100;h3;h1;h50
OK,/exp/uboone/data/users/jburridg/Nuance/NUANCE/NUANCE_event_files/output/root/PoT_Nuance_event_files/11th_test_run/events_2256.root,42697,4,h100;h3;h1;h50
OK,/exp/uboone/data/users/jburridg/Nuance/NUANCE/NUANCE_event_files/output/root/PoT_Nuance_event_files/11th_test_run/events_1632.root,42234,4,h100;h3;h1;h50
OK,/exp/uboone/data/users/jburridg/Nuance/NUANCE/NUANCE_event_files/output/root/PoT_Nuance_event_files/11th_test_run/events_2319.root,41411,4,h100;h3;h1;h50
OK,/exp/uboone/data/users/jburridg/Nuance/NUANCE/NUANCE_event_files/output/root/PoT_Nuance_event_files/11th_test_run/events_2345.root,42527,4,h100;h3;h1;h50
OK,/exp/uboone/data/users/jburridg/Nuance/NUANCE/NUANCE_event_files/output/root/PoT_Nuance_event_files/11th_test_run/events_2389.root,43376,4,h100;h3;h1;h50
OK,/exp/uboone/data/users/jburridg/Nuance/NUANCE/NUANCE_event_files/output/root/PoT_Nuance_event_files/11th_test_run/events_2363.root,42920,4,h100;h3;h1;h50
OK,/exp/uboone/data/users/jburridg/Nuance/NUANCE/NUANCE_event_files/output/root/PoT_Nuance_event_files/11th_test_run/events_1980.root,42902,4,h100;h3;h1;h50
OK,/exp/uboone/data/users/jburridg/Nuance/NUANCE/NUANCE_event_files/output/root/PoT_Nuance_event_files/11th_test_run/events_1655.root,42620,4,h100;h3;h1;h50
OK,/exp/uboone/data/users/jburridg/Nuance/NUANCE/NUANCE_event_files/output/root/PoT_Nuance_event_files/11th_test_run/events_1809.root,43696,4,h100;h3;h1;h50
OK,/exp/uboone/data/users/jburridg/Nuance/NUANCE/NUANCE_event_files/output/root/PoT_Nuance_event_files/11th_test_run/events_2197.root,42689,4,h100;h3;h1;h50
OK,/exp/uboone/data/users/jburridg/Nuance/NUANCE/NUANCE_event_files/output/root/PoT_Nuance_event_files/11th_test_run/events_1629.root,45358,4,h100;h3;h1;h50
OK,/exp/uboone/data/users/jburridg/Nuance/NUANCE/NUANCE_event_files/output/root/PoT_Nuance_event_files/11th_test_run/events_2469.root,40715,4,h100;h3;h1;h50
OK,/exp/uboone/data/users/jburridg/Nuance/NUANCE/NUANCE_event_files/output/root/PoT_Nuance_event_files/11th_test_run/events_2927.root,42258,4,h100;h3;h1;h50
OK,/exp/uboone/data/users/jburridg/Nuance/NUANCE/NUANCE_event_files/output/root/PoT_Nuance_event_files/11th_test_run/events_1518.root,43785,4,h100;h3;h1;h50
OK,/exp/uboone/data/users/jburridg/Nuance/NUANCE/NUANCE_event_files/output/root/PoT_Nuance_event_files/11th_test_run/events_2168.root,42192,4,h100;h3;h1;h50
OK,/exp/uboone/data/users/jburridg/Nuance/NUANCE/NUANCE_event_files/output/root/PoT_Nuance_event_files/11th_test_run/events_1830.root,40052,4,h100;h3;h1;h50
OK,/exp/uboone/data/users/jburridg/Nuance/NUANCE/NUANCE_event_files/output/root/PoT_Nuance_event_files/11th_test_run/events_1737.root,43387,4,h100;h3;h1;h50
OK,/exp/uboone/data/users/jburridg/Nuance/NUANCE/NUANCE_event_files/output/root/PoT_Nuance_event_files/11th_test_run/events_1861.root,44664,4,h100;h3;h1;h50
OK,/exp/uboone/data/users/jburridg/Nuance/NUANCE/NUANCE_event_files/output/root/PoT_Nuance_event_files/11th_test_run/events_2055.root,42788,4,h100;h3;h1;h50
OK,/exp/uboone/data/users/jburridg/Nuance/NUANCE/NUANCE_event_files/output/root/PoT_Nuance_event_files/11th_test_run/events_2786.root,43562,4,h100;h3;h1;h50
OK,/exp/uboone/data/users/jburridg/Nuance/NUANCE/NUANCE_event_files/output/root/PoT_Nuance_event_files/11th_test_run/events_2444.root,45386,4,h100;h3;h1;h50
OK,/exp/uboone/data/users/jburridg/Nuance/NUANCE/NUANCE_event_files/output/root/PoT_Nuance_event_files/11th_test_run/events_2747.root,44905,4,h100;h3;h1;h50
OK,/exp/uboone/data/users/jburridg/Nuance/NUANCE/NUANCE_event_files/output/root/PoT_Nuance_event_files/11th_test_run/events_1709.root,41912,4,h100;h3;h1;h50
OK,/exp/uboone/data/users/jburridg/Nuance/NUANCE/NUANCE_event_files/output/root/PoT_Nuance_event_files/11th_test_run/events_1968.root,40201,4,h100;h3;h1;h50
OK,/exp/uboone/data/users/jburridg/Nuance/NUANCE/NUANCE_event_files/output/root/PoT_Nuance_event_files/11th_test_run/events_2135.root,43106,4,h100;h3;h1;h50
OK,/exp/uboone/data/users/jburridg/Nuance/NUANCE/NUANCE_event_files/output/root/PoT_Nuance_event_files/11th_test_run/events_2396.root,42825,4,h100;h3;h1;h50
OK,/exp/uboone/data/users/jburridg/Nuance/NUANCE/NUANCE_event_files/output/root/PoT_Nuance_event_files/11th_test_run/events_2088.root,45262,4,h100;h3;h1;h50
OK,/exp/uboone/data/users/jburridg/Nuance/NUANCE/NUANCE_event_files/output/root/PoT_Nuance_event_files/11th_test_run/events_2104.root,41448,4,h100;h3;h1;h50
OK,/exp/uboone/data/users/jburridg/Nuance/NUANCE/NUANCE_event_files/output/root/PoT_Nuance_event_files/11th_test_run/events_1992.root,42183,4,h100;h3;h1;h50
OK,/exp/uboone/data/users/jburridg/Nuance/NUANCE/NUANCE_event_files/output/root/PoT_Nuance_event_files/11th_test_run/events_2268.root,43758,4,h100;h3;h1;h50
OK,/exp/uboone/data/users/jburridg/Nuance/NUANCE/NUANCE_event_files/output/root/PoT_Nuance_event_files/11th_test_run/events_2622.root,45699,4,h100;h3;h1;h50
OK,/exp/uboone/data/users/jburridg/Nuance/NUANCE/NUANCE_event_files/output/root/PoT_Nuance_event_files/11th_test_run/events_2467.root,42226,4,h100;h3;h1;h50
OK,/exp/uboone/data/users/jburridg/Nuance/NUANCE/NUANCE_event_files/output/root/PoT_Nuance_event_files/11th_test_run/events_1974.root,40433,4,h100;h3;h1;h50
OK,/exp/uboone/data/users/jburridg/Nuance/NUANCE/NUANCE_event_files/output/root/PoT_Nuance_event_files/11th_test_run/events_2836.root,45829,4,h100;h3;h1;h50
OK,/exp/uboone/data/users/jburridg/Nuance/NUANCE/NUANCE_event_files/output/root/PoT_Nuance_event_files/11th_test_run/events_2690.root,44827,4,h100;h3;h1;h50
OK,/exp/uboone/data/users/jburridg/Nuance/NUANCE/NUANCE_event_files/output/root/PoT_Nuance_event_files/11th_test_run/events_2834.root,43882,4,h100;h3;h1;h50
OK,/exp/uboone/data/users/jburridg/Nuance/NUANCE/NUANCE_event_files/output/root/PoT_Nuance_event_files/11th_test_run/events_2419.root,43567,4,h100;h3;h1;h50
OK,/exp/uboone/data/users/jburridg/Nuance/NUANCE/NUANCE_event_files/output/root/PoT_Nuance_event_files/11th_test_run/events_2754.root,46022,4,h100;h3;h1;h50
OK,/exp/uboone/data/users/jburridg/Nuance/NUANCE/NUANCE_event_files/output/root/PoT_Nuance_event_files/11th_test_run/events_2595.root,42506,4,h100;h3;h1;h50
OK,/exp/uboone/data/users/jburridg/Nuance/NUANCE/NUANCE_event_files/output/root/PoT_Nuance_event_files/11th_test_run/events_1768.root,42643,4,h100;h3;h1;h50
OK,/exp/uboone/data/users/jburridg/Nuance/NUANCE/NUANCE_event_files/output/root/PoT_Nuance_event_files/11th_test_run/events_2242.root,42177,4,h100;h3;h1;h50
OK,/exp/uboone/data/users/jburridg/Nuance/NUANCE/NUANCE_event_files/output/root/PoT_Nuance_event_files/11th_test_run/events_2395.root,43816,4,h100;h3;h1;h50
OK,/exp/uboone/data/users/jburridg/Nuance/NUANCE/NUANCE_event_files/output/root/PoT_Nuance_event_files/11th_test_run/events_1630.root,43257,4,h100;h3;h1;h50
OK,/exp/uboone/data/users/jburridg/Nuance/NUANCE/NUANCE_event_files/output/root/PoT_Nuance_event_files/11th_test_run/events_1995.root,41987,4,h100;h3;h1;h50
OK,/exp/uboone/data/users/jburridg/Nuance/NUANCE/NUANCE_event_files/output/root/PoT_Nuance_event_files/11th_test_run/events_2830.root,42723,4,h100;h3;h1;h50
OK,/exp/uboone/data/users/jburridg/Nuance/NUANCE/NUANCE_event_files/output/root/PoT_Nuance_event_files/11th_test_run/events_1985.root,44447,4,h100;h3;h1;h50
OK,/exp/uboone/data/users/jburridg/Nuance/NUANCE/NUANCE_event_files/output/root/PoT_Nuance_event_files/11th_test_run/events_1764.root,42203,4,h100;h3;h1;h50
OK,/exp/uboone/data/users/jburridg/Nuance/NUANCE/NUANCE_event_files/output/root/PoT_Nuance_event_files/11th_test_run/events_2532.root,45349,4,h100;h3;h1;h50
OK,/exp/uboone/data/users/jburridg/Nuance/NUANCE/NUANCE_event_files/output/root/PoT_Nuance_event_files/11th_test_run/events_2177.root,45501,4,h100;h3;h1;h50
OK,/exp/uboone/data/users/jburridg/Nuance/NUANCE/NUANCE_event_files/output/root/PoT_Nuance_event_files/11th_test_run/events_1990.root,44622,4,h100;h3;h1;h50
OK,/exp/uboone/data/users/jburridg/Nuance/NUANCE/NUANCE_event_files/output/root/PoT_Nuance_event_files/11th_test_run/events_2274.root,43328,4,h100;h3;h1;h50
OK,/exp/uboone/data/users/jburridg/Nuance/NUANCE/NUANCE_event_files/output/root/PoT_Nuance_event_files/11th_test_run/events_1973.root,45967,4,h100;h3;h1;h50
OK,/exp/uboone/data/users/jburridg/Nuance/NUANCE/NUANCE_event_files/output/root/PoT_Nuance_event_files/11th_test_run/events_2953.root,43041,4,h100;h3;h1;h50
OK,/exp/uboone/data/users/jburridg/Nuance/NUANCE/NUANCE_event_files/output/root/PoT_Nuance_event_files/11th_test_run/events_1735.root,43711,4,h100;h3;h1;h50
OK,/exp/uboone/data/users/jburridg/Nuance/NUANCE/NUANCE_event_files/output/root/PoT_Nuance_event_files/11th_test_run/events_2501.root,43841,4,h100;h3;h1;h50
OK,/exp/uboone/data/users/jburridg/Nuance/NUANCE/NUANCE_event_files/output/root/PoT_Nuance_event_files/11th_test_run/events_1835.root,44753,4,h100;h3;h1;h50
OK,/exp/uboone/data/users/jburridg/Nuance/NUANCE/NUANCE_event_files/output/root/PoT_Nuance_event_files/11th_test_run/events_1707.root,43157,4,h100;h3;h1;h50
OK,/exp/uboone/data/users/jburridg/Nuance/NUANCE/NUANCE_event_files/output/root/PoT_Nuance_event_files/11th_test_run/events_2276.root,44071,4,h100;h3;h1;h50
OK,/exp/uboone/data/users/jburridg/Nuance/NUANCE/NUANCE_event_files/output/root/PoT_Nuance_event_files/11th_test_run/events_2271.root,40345,4,h100;h3;h1;h50
OK,/exp/uboone/data/users/jburridg/Nuance/NUANCE/NUANCE_event_files/output/root/PoT_Nuance_event_files/11th_test_run/events_2918.root,42358,4,h100;h3;h1;h50
OK,/exp/uboone/data/users/jburridg/Nuance/NUANCE/NUANCE_event_files/output/root/PoT_Nuance_event_files/11th_test_run/events_1540.root,43202,4,h100;h3;h1;h50
OK,/exp/uboone/data/users/jburridg/Nuance/NUANCE/NUANCE_event_files/output/root/PoT_Nuance_event_files/11th_test_run/events_1860.root,43251,4,h100;h3;h1;h50
OK,/exp/uboone/data/users/jburridg/Nuance/NUANCE/NUANCE_event_files/output/root/PoT_Nuance_event_files/11th_test_run/events_1925.root,42395,4,h100;h3;h1;h50
OK,/exp/uboone/data/users/jburridg/Nuance/NUANCE/NUANCE_event_files/output/root/PoT_Nuance_event_files/11th_test_run/events_1958.root,42016,4,h100;h3;h1;h50
OK,/exp/uboone/data/users/jburridg/Nuance/NUANCE/NUANCE_event_files/output/root/PoT_Nuance_event_files/11th_test_run/events_1828.root,45021,4,h100;h3;h1;h50
OK,/exp/uboone/data/users/jburridg/Nuance/NUANCE/NUANCE_event_files/output/root/PoT_Nuance_event_files/11th_test_run/events_2462.root,43805,4,h100;h3;h1;h50
OK,/exp/uboone/data/users/jburridg/Nuance/NUANCE/NUANCE_event_files/output/root/PoT_Nuance_event_files/11th_test_run/events_2028.root,42845,4,h100;h3;h1;h50
OK,/exp/uboone/data/users/jburridg/Nuance/NUANCE/NUANCE_event_files/output/root/PoT_Nuance_event_files/11th_test_run/events_1710.root,41743,4,h100;h3;h1;h50
OK,/exp/uboone/data/users/jburridg/Nuance/NUANCE/NUANCE_event_files/output/root/PoT_Nuance_event_files/11th_test_run/events_1815.root,42696,4,h100;h3;h1;h50
OK,/exp/uboone/data/users/jburridg/Nuance/NUANCE/NUANCE_event_files/output/root/PoT_Nuance_event_files/11th_test_run/events_2924.root,42612,4,h100;h3;h1;h50
OK,/exp/uboone/data/users/jburridg/Nuance/NUANCE/NUANCE_event_files/output/root/PoT_Nuance_event_files/11th_test_run/events_2051.root,43034,4,h100;h3;h1;h50
OK,/exp/uboone/data/users/jburridg/Nuance/NUANCE/NUANCE_event_files/output/root/PoT_Nuance_event_files/11th_test_run/events_2831.root,42526,4,h100;h3;h1;h50
OK,/exp/uboone/data/users/jburridg/Nuance/NUANCE/NUANCE_event_files/output/root/PoT_Nuance_event_files/11th_test_run/events_2553.root,41182,4,h100;h3;h1;h50
OK,/exp/uboone/data/users/jburridg/Nuance/NUANCE/NUANCE_event_files/output/root/PoT_Nuance_event_files/11th_test_run/events_2020.root,42277,4,h100;h3;h1;h50
OK,/exp/uboone/data/users/jburridg/Nuance/NUANCE/NUANCE_event_files/output/root/PoT_Nuance_event_files/11th_test_run/events_1965.root,42688,4,h100;h3;h1;h50
OK,/exp/uboone/data/users/jburridg/Nuance/NUANCE/NUANCE_event_files/output/root/PoT_Nuance_event_files/11th_test_run/events_2029.root,43936,4,h100;h3;h1;h50
OK,/exp/uboone/data/users/jburridg/Nuance/NUANCE/NUANCE_event_files/output/root/PoT_Nuance_event_files/11th_test_run/events_2483.root,44435,4,h100;h3;h1;h50
OK,/exp/uboone/data/users/jburridg/Nuance/NUANCE/NUANCE_event_files/output/root/PoT_Nuance_event_files/11th_test_run/events_2073.root,39989,4,h100;h3;h1;h50
OK,/exp/uboone/data/users/jburridg/Nuance/NUANCE/NUANCE_event_files/output/root/PoT_Nuance_event_files/11th_test_run/events_2512.root,42536,4,h100;h3;h1;h50
OK,/exp/uboone/data/users/jburridg/Nuance/NUANCE/NUANCE_event_files/output/root/PoT_Nuance_event_files/11th_test_run/events_2008.root,39783,4,h100;h3;h1;h50
OK,/exp/uboone/data/users/jburridg/Nuance/NUANCE/NUANCE_event_files/output/root/PoT_Nuance_event_files/11th_test_run/events_1654.root,43556,4,h100;h3;h1;h50
OK,/exp/uboone/data/users/jburridg/Nuance/NUANCE/NUANCE_event_files/output/root/PoT_Nuance_event_files/11th_test_run/events_1842.root,41715,4,h100;h3;h1;h50
OK,/exp/uboone/data/users/jburridg/Nuance/NUANCE/NUANCE_event_files/output/root/PoT_Nuance_event_files/11th_test_run/events_2406.root,46423,4,h100;h3;h1;h50
OK,/exp/uboone/data/users/jburridg/Nuance/NUANCE/NUANCE_event_files/output/root/PoT_Nuance_event_files/11th_test_run/events_2662.root,43044,4,h100;h3;h1;h50
OK,/exp/uboone/data/users/jburridg/Nuance/NUANCE/NUANCE_event_files/output/root/PoT_Nuance_event_files/11th_test_run/events_1827.root,44027,4,h100;h3;h1;h50
OK,/exp/uboone/data/users/jburridg/Nuance/NUANCE/NUANCE_event_files/output/root/PoT_Nuance_event_files/11th_test_run/events_2565.root,43094,4,h100;h3;h1;h50
OK,/exp/uboone/data/users/jburridg/Nuance/NUANCE/NUANCE_event_files/output/root/PoT_Nuance_event_files/11th_test_run/events_1884.root,46030,4,h100;h3;h1;h50
OK,/exp/uboone/data/users/jburridg/Nuance/NUANCE/NUANCE_event_files/output/root/PoT_Nuance_event_files/11th_test_run/events_1623.root,41382,4,h100;h3;h1;h50
OK,/exp/uboone/data/users/jburridg/Nuance/NUANCE/NUANCE_event_files/output/root/PoT_Nuance_event_files/11th_test_run/events_1716.root,41424,4,h100;h3;h1;h50
OK,/exp/uboone/data/users/jburridg/Nuance/NUANCE/NUANCE_event_files/output/root/PoT_Nuance_event_files/11th_test_run/events_1546.root,42991,4,h100;h3;h1;h50
OK,/exp/uboone/data/users/jburridg/Nuance/NUANCE/NUANCE_event_files/output/root/PoT_Nuance_event_files/11th_test_run/events_2475.root,42582,4,h100;h3;h1;h50
OK,/exp/uboone/data/users/jburridg/Nuance/NUANCE/NUANCE_event_files/output/root/PoT_Nuance_event_files/11th_test_run/events_2292.root,44693,4,h100;h3;h1;h50
OK,/exp/uboone/data/users/jburridg/Nuance/NUANCE/NUANCE_event_files/output/root/PoT_Nuance_event_files/11th_test_run/events_2906.root,44164,4,h100;h3;h1;h50
OK,/exp/uboone/data/users/jburridg/Nuance/NUANCE/NUANCE_event_files/output/root/PoT_Nuance_event_files/11th_test_run/events_2447.root,40466,4,h100;h3;h1;h50
OK,/exp/uboone/data/users/jburridg/Nuance/NUANCE/NUANCE_event_files/output/root/PoT_Nuance_event_files/11th_test_run/events_2296.root,42200,4,h100;h3;h1;h50
OK,/exp/uboone/data/users/jburridg/Nuance/NUANCE/NUANCE_event_files/output/root/PoT_Nuance_event_files/11th_test_run/events_1682.root,42789,4,h100;h3;h1;h50
OK,/exp/uboone/data/users/jburridg/Nuance/NUANCE/NUANCE_event_files/output/root/PoT_Nuance_event_files/11th_test_run/events_2915.root,43457,4,h100;h3;h1;h50
OK,/exp/uboone/data/users/jburridg/Nuance/NUANCE/NUANCE_event_files/output/root/PoT_Nuance_event_files/11th_test_run/events_1582.root,41618,4,h100;h3;h1;h50
OK,/exp/uboone/data/users/jburridg/Nuance/NUANCE/NUANCE_event_files/output/root/PoT_Nuance_event_files/11th_test_run/events_2263.root,41871,4,h100;h3;h1;h50
OK,/exp/uboone/data/users/jburridg/Nuance/NUANCE/NUANCE_event_files/output/root/PoT_Nuance_event_files/11th_test_run/events_1554.root,41046,4,h100;h3;h1;h50
OK,/exp/uboone/data/users/jburridg/Nuance/NUANCE/NUANCE_event_files/output/root/PoT_Nuance_event_files/11th_test_run/events_2678.root,41568,4,h100;h3;h1;h50
OK,/exp/uboone/data/users/jburridg/Nuance/NUANCE/NUANCE_event_files/output/root/PoT_Nuance_event_files/11th_test_run/events_1934.root,42358,4,h100;h3;h1;h50
OK,/exp/uboone/data/users/jburridg/Nuance/NUANCE/NUANCE_event_files/output/root/PoT_Nuance_event_files/11th_test_run/events_2770.root,42963,4,h100;h3;h1;h50
OK,/exp/uboone/data/users/jburridg/Nuance/NUANCE/NUANCE_event_files/output/root/PoT_Nuance_event_files/11th_test_run/events_2409.root,42340,4,h100;h3;h1;h50
OK,/exp/uboone/data/users/jburridg/Nuance/NUANCE/NUANCE_event_files/output/root/PoT_Nuance_event_files/11th_test_run/events_2341.root,43072,4,h100;h3;h1;h50
OK,/exp/uboone/data/users/jburridg/Nuance/NUANCE/NUANCE_event_files/output/root/PoT_Nuance_event_files/11th_test_run/events_2228.root,44324,4,h100;h3;h1;h50
OK,/exp/uboone/data/users/jburridg/Nuance/NUANCE/NUANCE_event_files/output/root/PoT_Nuance_event_files/11th_test_run/events_1606.root,44516,4,h100;h3;h1;h50
OK,/exp/uboone/data/users/jburridg/Nuance/NUANCE/NUANCE_event_files/output/root/PoT_Nuance_event_files/11th_test_run/events_1943.root,42723,4,h100;h3;h1;h50
OK,/exp/uboone/data/users/jburridg/Nuance/NUANCE/NUANCE_event_files/output/root/PoT_Nuance_event_files/11th_test_run/events_2416.root,42796,4,h100;h3;h1;h50
OK,/exp/uboone/data/users/jburridg/Nuance/NUANCE/NUANCE_event_files/output/root/PoT_Nuance_event_files/11th_test_run/events_2773.root,42015,4,h100;h3;h1;h50
OK,/exp/uboone/data/users/jburridg/Nuance/NUANCE/NUANCE_event_files/output/root/PoT_Nuance_event_files/11th_test_run/events_1510.root,43835,4,h100;h3;h1;h50
OK,/exp/uboone/data/users/jburridg/Nuance/NUANCE/NUANCE_event_files/output/root/PoT_Nuance_event_files/11th_test_run/events_2670.root,40863,4,h100;h3;h1;h50
OK,/exp/uboone/data/users/jburridg/Nuance/NUANCE/NUANCE_event_files/output/root/PoT_Nuance_event_files/11th_test_run/events_2735.root,45035,4,h100;h3;h1;h50
OK,/exp/uboone/data/users/jburridg/Nuance/NUANCE/NUANCE_event_files/output/root/PoT_Nuance_event_files/11th_test_run/events_2778.root,43827,4,h100;h3;h1;h50
OK,/exp/uboone/data/users/jburridg/Nuance/NUANCE/NUANCE_event_files/output/root/PoT_Nuance_event_files/11th_test_run/events_2484.root,41899,4,h100;h3;h1;h50
OK,/exp/uboone/data/users/jburridg/Nuance/NUANCE/NUANCE_event_files/output/root/PoT_Nuance_event_files/11th_test_run/events_2534.root,44673,4,h100;h3;h1;h50
OK,/exp/uboone/data/users/jburridg/Nuance/NUANCE/NUANCE_event_files/output/root/PoT_Nuance_event_files/11th_test_run/events_2320.root,41116,4,h100;h3;h1;h50
OK,/exp/uboone/data/users/jburridg/Nuance/NUANCE/NUANCE_event_files/output/root/PoT_Nuance_event_files/11th_test_run/events_1971.root,44213,4,h100;h3;h1;h50
OK,/exp/uboone/data/users/jburridg/Nuance/NUANCE/NUANCE_event_files/output/root/PoT_Nuance_event_files/11th_test_run/events_1905.root,45970,4,h100;h3;h1;h50
OK,/exp/uboone/data/users/jburridg/Nuance/NUANCE/NUANCE_event_files/output/root/PoT_Nuance_event_files/11th_test_run/events_1511.root,44879,4,h100;h3;h1;h50
OK,/exp/uboone/data/users/jburridg/Nuance/NUANCE/NUANCE_event_files/output/root/PoT_Nuance_event_files/11th_test_run/events_2316.root,42334,4,h100;h3;h1;h50
OK,/exp/uboone/data/users/jburridg/Nuance/NUANCE/NUANCE_event_files/output/root/PoT_Nuance_event_files/11th_test_run/events_1609.root,42812,4,h100;h3;h1;h50
OK,/exp/uboone/data/users/jburridg/Nuance/NUANCE/NUANCE_event_files/output/root/PoT_Nuance_event_files/11th_test_run/events_1514.root,43443,4,h100;h3;h1;h50
OK,/exp/uboone/data/users/jburridg/Nuance/NUANCE/NUANCE_event_files/output/root/PoT_Nuance_event_files/11th_test_run/events_2547.root,41936,4,h100;h3;h1;h50
OK,/exp/uboone/data/users/jburridg/Nuance/NUANCE/NUANCE_event_files/output/root/PoT_Nuance_event_files/11th_test_run/events_1686.root,41579,4,h100;h3;h1;h50
OK,/exp/uboone/data/users/jburridg/Nuance/NUANCE/NUANCE_event_files/output/root/PoT_Nuance_event_files/11th_test_run/events_2184.root,44912,4,h100;h3;h1;h50
OK,/exp/uboone/data/users/jburridg/Nuance/NUANCE/NUANCE_event_files/output/root/PoT_Nuance_event_files/11th_test_run/events_1579.root,41973,4,h100;h3;h1;h50
OK,/exp/uboone/data/users/jburridg/Nuance/NUANCE/NUANCE_event_files/output/root/PoT_Nuance_event_files/11th_test_run/events_2858.root,42313,4,h100;h3;h1;h50
OK,/exp/uboone/data/users/jburridg/Nuance/NUANCE/NUANCE_event_files/output/root/PoT_Nuance_event_files/11th_test_run/events_2317.root,44049,4,h100;h3;h1;h50
OK,/exp/uboone/data/users/jburridg/Nuance/NUANCE/NUANCE_event_files/output/root/PoT_Nuance_event_files/11th_test_run/events_2930.root,40458,4,h100;h3;h1;h50
OK,/exp/uboone/data/users/jburridg/Nuance/NUANCE/NUANCE_event_files/output/root/PoT_Nuance_event_files/11th_test_run/events_2744.root,43039,4,h100;h3;h1;h50
OK,/exp/uboone/data/users/jburridg/Nuance/NUANCE/NUANCE_event_files/output/root/PoT_Nuance_event_files/11th_test_run/events_2958.root,40794,4,h100;h3;h1;h50
OK,/exp/uboone/data/users/jburridg/Nuance/NUANCE/NUANCE_event_files/output/root/PoT_Nuance_event_files/11th_test_run/events_2234.root,43237,4,h100;h3;h1;h50
OK,/exp/uboone/data/users/jburridg/Nuance/NUANCE/NUANCE_event_files/output/root/PoT_Nuance_event_files/11th_test_run/events_2658.root,42317,4,h100;h3;h1;h50
OK,/exp/uboone/data/users/jburridg/Nuance/NUANCE/NUANCE_event_files/output/root/PoT_Nuance_event_files/11th_test_run/events_1649.root,43639,4,h100;h3;h1;h50
OK,/exp/uboone/data/users/jburridg/Nuance/NUANCE/NUANCE_event_files/output/root/PoT_Nuance_event_files/11th_test_run/events_2539.root,44264,4,h100;h3;h1;h50
OK,/exp/uboone/data/users/jburridg/Nuance/NUANCE/NUANCE_event_files/output/root/PoT_Nuance_event_files/11th_test_run/events_2791.root,46015,4,h100;h3;h1;h50
OK,/exp/uboone/data/users/jburridg/Nuance/NUANCE/NUANCE_event_files/output/root/PoT_Nuance_event_files/11th_test_run/events_2299.root,47103,4,h100;h3;h1;h50
OK,/exp/uboone/data/users/jburridg/Nuance/NUANCE/NUANCE_event_files/output/root/PoT_Nuance_event_files/11th_test_run/events_2310.root,42982,4,h100;h3;h1;h50
OK,/exp/uboone/data/users/jburridg/Nuance/NUANCE/NUANCE_event_files/output/root/PoT_Nuance_event_files/11th_test_run/events_2201.root,43458,4,h100;h3;h1;h50
OK,/exp/uboone/data/users/jburridg/Nuance/NUANCE/NUANCE_event_files/output/root/PoT_Nuance_event_files/11th_test_run/events_1856.root,41861,4,h100;h3;h1;h50
OK,/exp/uboone/data/users/jburridg/Nuance/NUANCE/NUANCE_event_files/output/root/PoT_Nuance_event_files/11th_test_run/events_1909.root,42423,4,h100;h3;h1;h50
OK,/exp/uboone/data/users/jburridg/Nuance/NUANCE/NUANCE_event_files/output/root/PoT_Nuance_event_files/11th_test_run/events_2390.root,45037,4,h100;h3;h1;h50
OK,/exp/uboone/data/users/jburridg/Nuance/NUANCE/NUANCE_event_files/output/root/PoT_Nuance_event_files/11th_test_run/events_2511.root,43678,4,h100;h3;h1;h50
OK,/exp/uboone/data/users/jburridg/Nuance/NUANCE/NUANCE_event_files/output/root/PoT_Nuance_event_files/11th_test_run/events_2627.root,43193,4,h100;h3;h1;h50
OK,/exp/uboone/data/users/jburridg/Nuance/NUANCE/NUANCE_event_files/output/root/PoT_Nuance_event_files/11th_test_run/events_1805.root,43970,4,h100;h3;h1;h50
OK,/exp/uboone/data/users/jburridg/Nuance/NUANCE/NUANCE_event_files/output/root/PoT_Nuance_event_files/11th_test_run/events_2384.root,46396,4,h100;h3;h1;h50
OK,/exp/uboone/data/users/jburridg/Nuance/NUANCE/NUANCE_event_files/output/root/PoT_Nuance_event_files/11th_test_run/events_1558.root,43504,4,h100;h3;h1;h50
OK,/exp/uboone/data/users/jburridg/Nuance/NUANCE/NUANCE_event_files/output/root/PoT_Nuance_event_files/11th_test_run/events_2536.root,46120,4,h100;h3;h1;h50
OK,/exp/uboone/data/users/jburridg/Nuance/NUANCE/NUANCE_event_files/output/root/PoT_Nuance_event_files/11th_test_run/events_2371.root,43414,4,h100;h3;h1;h50
OK,/exp/uboone/data/users/jburridg/Nuance/NUANCE/NUANCE_event_files/output/root/PoT_Nuance_event_files/11th_test_run/events_2312.root,44939,4,h100;h3;h1;h50
OK,/exp/uboone/data/users/jburridg/Nuance/NUANCE/NUANCE_event_files/output/root/PoT_Nuance_event_files/11th_test_run/events_1936.root,47323,4,h100;h3;h1;h50
OK,/exp/uboone/data/users/jburridg/Nuance/NUANCE/NUANCE_event_files/output/root/PoT_Nuance_event_files/11th_test_run/events_2545.root,46453,4,h100;h3;h1;h50
OK,/exp/uboone/data/users/jburridg/Nuance/NUANCE/NUANCE_event_files/output/root/PoT_Nuance_event_files/11th_test_run/events_2052.root,45603,4,h100;h3;h1;h50
OK,/exp/uboone/data/users/jburridg/Nuance/NUANCE/NUANCE_event_files/output/root/PoT_Nuance_event_files/11th_test_run/events_2832.root,44099,4,h100;h3;h1;h50
OK,/exp/uboone/data/users/jburridg/Nuance/NUANCE/NUANCE_event_files/output/root/PoT_Nuance_event_files/11th_test_run/events_2807.root,42772,4,h100;h3;h1;h50
OK,/exp/uboone/data/users/jburridg/Nuance/NUANCE/NUANCE_event_files/output/root/PoT_Nuance_event_files/11th_test_run/events_2902.root,42075,4,h100;h3;h1;h50
OK,/exp/uboone/data/users/jburridg/Nuance/NUANCE/NUANCE_event_files/output/root/PoT_Nuance_event_files/11th_test_run/events_2917.root,44286,4,h100;h3;h1;h50
OK,/exp/uboone/data/users/jburridg/Nuance/NUANCE/NUANCE_event_files/output/root/PoT_Nuance_event_files/11th_test_run/events_2176.root,42837,4,h100;h3;h1;h50
OK,/exp/uboone/data/users/jburridg/Nuance/NUANCE/NUANCE_event_files/output/root/PoT_Nuance_event_files/11th_test_run/events_1813.root,42211,4,h100;h3;h1;h50
OK,/exp/uboone/data/users/jburridg/Nuance/NUANCE/NUANCE_event_files/output/root/PoT_Nuance_event_files/11th_test_run/events_2647.root,43506,4,h100;h3;h1;h50
OK,/exp/uboone/data/users/jburridg/Nuance/NUANCE/NUANCE_event_files/output/root/PoT_Nuance_event_files/11th_test_run/events_2507.root,42645,4,h100;h3;h1;h50
OK,/exp/uboone/data/users/jburridg/Nuance/NUANCE/NUANCE_event_files/output/root/PoT_Nuance_event_files/11th_test_run/events_2449.root,42488,4,h100;h3;h1;h50
OK,/exp/uboone/data/users/jburridg/Nuance/NUANCE/NUANCE_event_files/output/root/PoT_Nuance_event_files/11th_test_run/events_2819.root,41512,4,h100;h3;h1;h50
OK,/exp/uboone/data/users/jburridg/Nuance/NUANCE/NUANCE_event_files/output/root/PoT_Nuance_event_files/11th_test_run/events_2514.root,44483,4,h100;h3;h1;h50
OK,/exp/uboone/data/users/jburridg/Nuance/NUANCE/NUANCE_event_files/output/root/PoT_Nuance_event_files/11th_test_run/events_2041.root,43059,4,h100;h3;h1;h50
OK,/exp/uboone/data/users/jburridg/Nuance/NUANCE/NUANCE_event_files/output/root/PoT_Nuance_event_files/11th_test_run/events_1850.root,43936,4,h100;h3;h1;h50
OK,/exp/uboone/data/users/jburridg/Nuance/NUANCE/NUANCE_event_files/output/root/PoT_Nuance_event_files/11th_test_run/events_1590.root,40999,4,h100;h3;h1;h50
OK,/exp/uboone/data/users/jburridg/Nuance/NUANCE/NUANCE_event_files/output/root/PoT_Nuance_event_files/11th_test_run/events_1912.root,40447,4,h100;h3;h1;h50
OK,/exp/uboone/data/users/jburridg/Nuance/NUANCE/NUANCE_event_files/output/root/PoT_Nuance_event_files/11th_test_run/events_1927.root,43231,4,h100;h3;h1;h50
OK,/exp/uboone/data/users/jburridg/Nuance/NUANCE/NUANCE_event_files/output/root/PoT_Nuance_event_files/11th_test_run/events_2820.root,43340,4,h100;h3;h1;h50
OK,/exp/uboone/data/users/jburridg/Nuance/NUANCE/NUANCE_event_files/output/root/PoT_Nuance_event_files/11th_test_run/events_1573.root,41646,4,h100;h3;h1;h50
OK,/exp/uboone/data/users/jburridg/Nuance/NUANCE/NUANCE_event_files/output/root/PoT_Nuance_event_files/11th_test_run/events_2551.root,43627,4,h100;h3;h1;h50
OK,/exp/uboone/data/users/jburridg/Nuance/NUANCE/NUANCE_event_files/output/root/PoT_Nuance_event_files/11th_test_run/events_1843.root,39883,4,h100;h3;h1;h50
OK,/exp/uboone/data/users/jburridg/Nuance/NUANCE/NUANCE_event_files/output/root/PoT_Nuance_event_files/11th_test_run/events_2593.root,42938,4,h100;h3;h1;h50
OK,/exp/uboone/data/users/jburridg/Nuance/NUANCE/NUANCE_event_files/output/root/PoT_Nuance_event_files/11th_test_run/events_2584.root,43390,4,h100;h3;h1;h50
OK,/exp/uboone/data/users/jburridg/Nuance/NUANCE/NUANCE_event_files/output/root/PoT_Nuance_event_files/11th_test_run/events_1794.root,45255,4,h100;h3;h1;h50
OK,/exp/uboone/data/users/jburridg/Nuance/NUANCE/NUANCE_event_files/output/root/PoT_Nuance_event_files/11th_test_run/events_1945.root,43838,4,h100;h3;h1;h50
OK,/exp/uboone/data/users/jburridg/Nuance/NUANCE/NUANCE_event_files/output/root/PoT_Nuance_event_files/11th_test_run/events_2404.root,42222,4,h100;h3;h1;h50
OK,/exp/uboone/data/users/jburridg/Nuance/NUANCE/NUANCE_event_files/output/root/PoT_Nuance_event_files/11th_test_run/events_2302.root,41323,4,h100;h3;h1;h50
OK,/exp/uboone/data/users/jburridg/Nuance/NUANCE/NUANCE_event_files/output/root/PoT_Nuance_event_files/11th_test_run/events_1790.root,43098,4,h100;h3;h1;h50
OK,/exp/uboone/data/users/jburridg/Nuance/NUANCE/NUANCE_event_files/output/root/PoT_Nuance_event_files/11th_test_run/events_2727.root,45112,4,h100;h3;h1;h50
OK,/exp/uboone/data/users/jburridg/Nuance/NUANCE/NUANCE_event_files/output/root/PoT_Nuance_event_files/11th_test_run/events_2081.root,44456,4,h100;h3;h1;h50
OK,/exp/uboone/data/users/jburridg/Nuance/NUANCE/NUANCE_event_files/output/root/PoT_Nuance_event_files/11th_test_run/events_2780.root,44350,4,h100;h3;h1;h50
OK,/exp/uboone/data/users/jburridg/Nuance/NUANCE/NUANCE_event_files/output/root/PoT_Nuance_event_files/11th_test_run/events_2853.root,43043,4,h100;h3;h1;h50
OK,/exp/uboone/data/users/jburridg/Nuance/NUANCE/NUANCE_event_files/output/root/PoT_Nuance_event_files/11th_test_run/events_2250.root,44012,4,h100;h3;h1;h50
OK,/exp/uboone/data/users/jburridg/Nuance/NUANCE/NUANCE_event_files/output/root/PoT_Nuance_event_files/11th_test_run/events_2797.root,42301,4,h100;h3;h1;h50
OK,/exp/uboone/data/users/jburridg/Nuance/NUANCE/NUANCE_event_files/output/root/PoT_Nuance_event_files/11th_test_run/events_2640.root,42000,4,h100;h3;h1;h50
OK,/exp/uboone/data/users/jburridg/Nuance/NUANCE/NUANCE_event_files/output/root/PoT_Nuance_event_files/11th_test_run/events_1879.root,42076,4,h100;h3;h1;h50
OK,/exp/uboone/data/users/jburridg/Nuance/NUANCE/NUANCE_event_files/output/root/PoT_Nuance_event_files/11th_test_run/events_2921.root,41714,4,h100;h3;h1;h50
OK,/exp/uboone/data/users/jburridg/Nuance/NUANCE/NUANCE_event_files/output/root/PoT_Nuance_event_files/11th_test_run/events_1755.root,41320,4,h100;h3;h1;h50
OK,/exp/uboone/data/users/jburridg/Nuance/NUANCE/NUANCE_event_files/output/root/PoT_Nuance_event_files/11th_test_run/events_1935.root,43773,4,h100;h3;h1;h50
OK,/exp/uboone/data/users/jburridg/Nuance/NUANCE/NUANCE_event_files/output/root/PoT_Nuance_event_files/11th_test_run/events_2654.root,43793,4,h100;h3;h1;h50
OK,/exp/uboone/data/users/jburridg/Nuance/NUANCE/NUANCE_event_files/output/root/PoT_Nuance_event_files/11th_test_run/events_2205.root,45888,4,h100;h3;h1;h50
OK,/exp/uboone/data/users/jburridg/Nuance/NUANCE/NUANCE_event_files/output/root/PoT_Nuance_event_files/11th_test_run/events_1599.root,40294,4,h100;h3;h1;h50
OK,/exp/uboone/data/users/jburridg/Nuance/NUANCE/NUANCE_event_files/output/root/PoT_Nuance_event_files/11th_test_run/events_1580.root,46072,4,h100;h3;h1;h50
OK,/exp/uboone/data/users/jburridg/Nuance/NUANCE/NUANCE_event_files/output/root/PoT_Nuance_event_files/11th_test_run/events_2063.root,43928,4,h100;h3;h1;h50
OK,/exp/uboone/data/users/jburridg/Nuance/NUANCE/NUANCE_event_files/output/root/PoT_Nuance_event_files/11th_test_run/events_1967.root,40877,4,h100;h3;h1;h50
OK,/exp/uboone/data/users/jburridg/Nuance/NUANCE/NUANCE_event_files/output/root/PoT_Nuance_event_files/11th_test_run/events_2038.root,42532,4,h100;h3;h1;h50
OK,/exp/uboone/data/users/jburridg/Nuance/NUANCE/NUANCE_event_files/output/root/PoT_Nuance_event_files/11th_test_run/events_1611.root,45535,4,h100;h3;h1;h50
OK,/exp/uboone/data/users/jburridg/Nuance/NUANCE/NUANCE_event_files/output/root/PoT_Nuance_event_files/11th_test_run/events_1954.root,44765,4,h100;h3;h1;h50
OK,/exp/uboone/data/users/jburridg/Nuance/NUANCE/NUANCE_event_files/output/root/PoT_Nuance_event_files/11th_test_run/events_2699.root,41465,4,h100;h3;h1;h50
OK,/exp/uboone/data/users/jburridg/Nuance/NUANCE/NUANCE_event_files/output/root/PoT_Nuance_event_files/11th_test_run/events_2159.root,43304,4,h100;h3;h1;h50
OK,/exp/uboone/data/users/jburridg/Nuance/NUANCE/NUANCE_event_files/output/root/PoT_Nuance_event_files/11th_test_run/events_2196.root,40268,4,h100;h3;h1;h50
OK,/exp/uboone/data/users/jburridg/Nuance/NUANCE/NUANCE_event_files/output/root/PoT_Nuance_event_files/11th_test_run/events_1975.root,46154,4,h100;h3;h1;h50
OK,/exp/uboone/data/users/jburridg/Nuance/NUANCE/NUANCE_event_files/output/root/PoT_Nuance_event_files/11th_test_run/events_2422.root,44360,4,h100;h3;h1;h50
OK,/exp/uboone/data/users/jburridg/Nuance/NUANCE/NUANCE_event_files/output/root/PoT_Nuance_event_files/11th_test_run/events_2541.root,45782,4,h100;h3;h1;h50
OK,/exp/uboone/data/users/jburridg/Nuance/NUANCE/NUANCE_event_files/output/root/PoT_Nuance_event_files/11th_test_run/events_1595.root,42606,4,h100;h3;h1;h50
OK,/exp/uboone/data/users/jburridg/Nuance/NUANCE/NUANCE_event_files/output/root/PoT_Nuance_event_files/11th_test_run/events_2509.root,38962,4,h100;h3;h1;h50
OK,/exp/uboone/data/users/jburridg/Nuance/NUANCE/NUANCE_event_files/output/root/PoT_Nuance_event_files/11th_test_run/events_2557.root,41507,4,h100;h3;h1;h50
OK,/exp/uboone/data/users/jburridg/Nuance/NUANCE/NUANCE_event_files/output/root/PoT_Nuance_event_files/11th_test_run/events_1863.root,43028,4,h100;h3;h1;h50
OK,/exp/uboone/data/users/jburridg/Nuance/NUANCE/NUANCE_event_files/output/root/PoT_Nuance_event_files/11th_test_run/events_2873.root,43494,4,h100;h3;h1;h50
OK,/exp/uboone/data/users/jburridg/Nuance/NUANCE/NUANCE_event_files/output/root/PoT_Nuance_event_files/11th_test_run/events_2322.root,44117,4,h100;h3;h1;h50
OK,/exp/uboone/data/users/jburridg/Nuance/NUANCE/NUANCE_event_files/output/root/PoT_Nuance_event_files/11th_test_run/events_2175.root,46171,4,h100;h3;h1;h50
OK,/exp/uboone/data/users/jburridg/Nuance/NUANCE/NUANCE_event_files/output/root/PoT_Nuance_event_files/11th_test_run/events_2078.root,39536,4,h100;h3;h1;h50
OK,/exp/uboone/data/users/jburridg/Nuance/NUANCE/NUANCE_event_files/output/root/PoT_Nuance_event_files/11th_test_run/events_1598.root,40787,4,h100;h3;h1;h50
OK,/exp/uboone/data/users/jburridg/Nuance/NUANCE/NUANCE_event_files/output/root/PoT_Nuance_event_files/11th_test_run/events_1955.root,44756,4,h100;h3;h1;h50
OK,/exp/uboone/data/users/jburridg/Nuance/NUANCE/NUANCE_event_files/output/root/PoT_Nuance_event_files/11th_test_run/events_2843.root,42574,4,h100;h3;h1;h50
OK,/exp/uboone/data/users/jburridg/Nuance/NUANCE/NUANCE_event_files/output/root/PoT_Nuance_event_files/11th_test_run/events_1999.root,42596,4,h100;h3;h1;h50
OK,/exp/uboone/data/users/jburridg/Nuance/NUANCE/NUANCE_event_files/output/root/PoT_Nuance_event_files/11th_test_run/events_1733.root,41783,4,h100;h3;h1;h50
OK,/exp/uboone/data/users/jburridg/Nuance/NUANCE/NUANCE_event_files/output/root/PoT_Nuance_event_files/11th_test_run/events_2155.root,43659,4,h100;h3;h1;h50
OK,/exp/uboone/data/users/jburridg/Nuance/NUANCE/NUANCE_event_files/output/root/PoT_Nuance_event_files/11th_test_run/events_2800.root,44066,4,h100;h3;h1;h50
OK,/exp/uboone/data/users/jburridg/Nuance/NUANCE/NUANCE_event_files/output/root/PoT_Nuance_event_files/11th_test_run/events_2575.root,42629,4,h100;h3;h1;h50
OK,/exp/uboone/data/users/jburridg/Nuance/NUANCE/NUANCE_event_files/output/root/PoT_Nuance_event_files/11th_test_run/events_2040.root,43256,4,h100;h3;h1;h50
OK,/exp/uboone/data/users/jburridg/Nuance/NUANCE/NUANCE_event_files/output/root/PoT_Nuance_event_files/11th_test_run/events_1513.root,40622,4,h100;h3;h1;h50
OK,/exp/uboone/data/users/jburridg/Nuance/NUANCE/NUANCE_event_files/output/root/PoT_Nuance_event_files/11th_test_run/events_2890.root,41333,4,h100;h3;h1;h50
OK,/exp/uboone/data/users/jburridg/Nuance/NUANCE/NUANCE_event_files/output/root/PoT_Nuance_event_files/11th_test_run/events_2348.root,43083,4,h100;h3;h1;h50
OK,/exp/uboone/data/users/jburridg/Nuance/NUANCE/NUANCE_event_files/output/root/PoT_Nuance_event_files/11th_test_run/events_2506.root,42581,4,h100;h3;h1;h50
OK,/exp/uboone/data/users/jburridg/Nuance/NUANCE/NUANCE_event_files/output/root/PoT_Nuance_event_files/11th_test_run/events_2706.root,42065,4,h100;h3;h1;h50
OK,/exp/uboone/data/users/jburridg/Nuance/NUANCE/NUANCE_event_files/output/root/PoT_Nuance_event_files/11th_test_run/events_2516.root,45741,4,h100;h3;h1;h50
OK,/exp/uboone/data/users/jburridg/Nuance/NUANCE/NUANCE_event_files/output/root/PoT_Nuance_event_files/11th_test_run/events_1545.root,45072,4,h100;h3;h1;h50
OK,/exp/uboone/data/users/jburridg/Nuance/NUANCE/NUANCE_event_files/output/root/PoT_Nuance_event_files/11th_test_run/events_2101.root,43996,4,h100;h3;h1;h50
OK,/exp/uboone/data/users/jburridg/Nuance/NUANCE/NUANCE_event_files/output/root/PoT_Nuance_event_files/11th_test_run/events_2892.root,44754,4,h100;h3;h1;h50
OK,/exp/uboone/data/users/jburridg/Nuance/NUANCE/NUANCE_event_files/output/root/PoT_Nuance_event_files/11th_test_run/events_1520.root,44039,4,h100;h3;h1;h50
OK,/exp/uboone/data/users/jburridg/Nuance/NUANCE/NUANCE_event_files/output/root/PoT_Nuance_event_files/11th_test_run/events_2895.root,42246,4,h100;h3;h1;h50
OK,/exp/uboone/data/users/jburridg/Nuance/NUANCE/NUANCE_event_files/output/root/PoT_Nuance_event_files/11th_test_run/events_2213.root,44632,4,h100;h3;h1;h50
OK,/exp/uboone/data/users/jburridg/Nuance/NUANCE/NUANCE_event_files/output/root/PoT_Nuance_event_files/11th_test_run/events_1524.root,45118,4,h100;h3;h1;h50
OK,/exp/uboone/data/users/jburridg/Nuance/NUANCE/NUANCE_event_files/output/root/PoT_Nuance_event_files/11th_test_run/events_1531.root,45814,4,h100;h3;h1;h50
OK,/exp/uboone/data/users/jburridg/Nuance/NUANCE/NUANCE_event_files/output/root/PoT_Nuance_event_files/11th_test_run/events_2600.root,43602,4,h100;h3;h1;h50
OK,/exp/uboone/data/users/jburridg/Nuance/NUANCE/NUANCE_event_files/output/root/PoT_Nuance_event_files/11th_test_run/events_1803.root,42885,4,h100;h3;h1;h50
OK,/exp/uboone/data/users/jburridg/Nuance/NUANCE/NUANCE_event_files/output/root/PoT_Nuance_event_files/11th_test_run/events_2771.root,41981,4,h100;h3;h1;h50
OK,/exp/uboone/data/users/jburridg/Nuance/NUANCE/NUANCE_event_files/output/root/PoT_Nuance_event_files/11th_test_run/events_2940.root,42296,4,h100;h3;h1;h50
OK,/exp/uboone/data/users/jburridg/Nuance/NUANCE/NUANCE_event_files/output/root/PoT_Nuance_event_files/11th_test_run/events_2130.root,41656,4,h100;h3;h1;h50
OK,/exp/uboone/data/users/jburridg/Nuance/NUANCE/NUANCE_event_files/output/root/PoT_Nuance_event_files/11th_test_run/events_2200.root,41098,4,h100;h3;h1;h50
OK,/exp/uboone/data/users/jburridg/Nuance/NUANCE/NUANCE_event_files/output/root/PoT_Nuance_event_files/11th_test_run/events_2272.root,45316,4,h100;h3;h1;h50
OK,/exp/uboone/data/users/jburridg/Nuance/NUANCE/NUANCE_event_files/output/root/PoT_Nuance_event_files/11th_test_run/events_2664.root,43771,4,h100;h3;h1;h50
OK,/exp/uboone/data/users/jburridg/Nuance/NUANCE/NUANCE_event_files/output/root/PoT_Nuance_event_files/11th_test_run/events_1541.root,42661,4,h100;h3;h1;h50
OK,/exp/uboone/data/users/jburridg/Nuance/NUANCE/NUANCE_event_files/output/root/PoT_Nuance_event_files/11th_test_run/events_1993.root,43598,4,h100;h3;h1;h50
OK,/exp/uboone/data/users/jburridg/Nuance/NUANCE/NUANCE_event_files/output/root/PoT_Nuance_event_files/11th_test_run/events_2457.root,46106,4,h100;h3;h1;h50
OK,/exp/uboone/data/users/jburridg/Nuance/NUANCE/NUANCE_event_files/output/root/PoT_Nuance_event_files/11th_test_run/events_2354.root,42822,4,h100;h3;h1;h50
OK,/exp/uboone/data/users/jburridg/Nuance/NUANCE/NUANCE_event_files/output/root/PoT_Nuance_event_files/11th_test_run/events_2533.root,45193,4,h100;h3;h1;h50
OK,/exp/uboone/data/users/jburridg/Nuance/NUANCE/NUANCE_event_files/output/root/PoT_Nuance_event_files/11th_test_run/events_1961.root,43892,4,h100;h3;h1;h50
OK,/exp/uboone/data/users/jburridg/Nuance/NUANCE/NUANCE_event_files/output/root/PoT_Nuance_event_files/11th_test_run/events_2287.root,43484,4,h100;h3;h1;h50
OK,/exp/uboone/data/users/jburridg/Nuance/NUANCE/NUANCE_event_files/output/root/PoT_Nuance_event_files/11th_test_run/events_2624.root,40553,4,h100;h3;h1;h50
OK,/exp/uboone/data/users/jburridg/Nuance/NUANCE/NUANCE_event_files/output/root/PoT_Nuance_event_files/11th_test_run/events_2815.root,41789,4,h100;h3;h1;h50
OK,/exp/uboone/data/users/jburridg/Nuance/NUANCE/NUANCE_event_files/output/root/PoT_Nuance_event_files/11th_test_run/events_1818.root,43958,4,h100;h3;h1;h50
OK,/exp/uboone/data/users/jburridg/Nuance/NUANCE/NUANCE_event_files/output/root/PoT_Nuance_event_files/11th_test_run/events_1722.root,41799,4,h100;h3;h1;h50
OK,/exp/uboone/data/users/jburridg/Nuance/NUANCE/NUANCE_event_files/output/root/PoT_Nuance_event_files/11th_test_run/events_2252.root,43300,4,h100;h3;h1;h50
OK,/exp/uboone/data/users/jburridg/Nuance/NUANCE/NUANCE_event_files/output/root/PoT_Nuance_event_files/11th_test_run/events_2691.root,42108,4,h100;h3;h1;h50
OK,/exp/uboone/data/users/jburridg/Nuance/NUANCE/NUANCE_event_files/output/root/PoT_Nuance_event_files/11th_test_run/events_2580.root,42805,4,h100;h3;h1;h50
OK,/exp/uboone/data/users/jburridg/Nuance/NUANCE/NUANCE_event_files/output/root/PoT_Nuance_event_files/11th_test_run/events_2515.root,41611,4,h100;h3;h1;h50
OK,/exp/uboone/data/users/jburridg/Nuance/NUANCE/NUANCE_event_files/output/root/PoT_Nuance_event_files/11th_test_run/events_2188.root,45311,4,h100;h3;h1;h50
OK,/exp/uboone/data/users/jburridg/Nuance/NUANCE/NUANCE_event_files/output/root/PoT_Nuance_event_files/11th_test_run/events_1806.root,43673,4,h100;h3;h1;h50
OK,/exp/uboone/data/users/jburridg/Nuance/NUANCE/NUANCE_event_files/output/root/PoT_Nuance_event_files/11th_test_run/events_2222.root,42783,4,h100;h3;h1;h50
OK,/exp/uboone/data/users/jburridg/Nuance/NUANCE/NUANCE_event_files/output/root/PoT_Nuance_event_files/11th_test_run/events_1997.root,43138,4,h100;h3;h1;h50
OK,/exp/uboone/data/users/jburridg/Nuance/NUANCE/NUANCE_event_files/output/root/PoT_Nuance_event_files/11th_test_run/events_1705.root,45124,4,h100;h3;h1;h50
OK,/exp/uboone/data/users/jburridg/Nuance/NUANCE/NUANCE_event_files/output/root/PoT_Nuance_event_files/11th_test_run/events_2903.root,43665,4,h100;h3;h1;h50
OK,/exp/uboone/data/users/jburridg/Nuance/NUANCE/NUANCE_event_files/output/root/PoT_Nuance_event_files/11th_test_run/events_2294.root,43266,4,h100;h3;h1;h50
OK,/exp/uboone/data/users/jburridg/Nuance/NUANCE/NUANCE_event_files/output/root/PoT_Nuance_event_files/11th_test_run/events_2060.root,42835,4,h100;h3;h1;h50
OK,/exp/uboone/data/users/jburridg/Nuance/NUANCE/NUANCE_event_files/output/root/PoT_Nuance_event_files/11th_test_run/events_2246.root,41093,4,h100;h3;h1;h50
OK,/exp/uboone/data/users/jburridg/Nuance/NUANCE/NUANCE_event_files/output/root/PoT_Nuance_event_files/11th_test_run/events_1832.root,43937,4,h100;h3;h1;h50
OK,/exp/uboone/data/users/jburridg/Nuance/NUANCE/NUANCE_event_files/output/root/PoT_Nuance_event_files/11th_test_run/events_2505.root,43672,4,h100;h3;h1;h50
OK,/exp/uboone/data/users/jburridg/Nuance/NUANCE/NUANCE_event_files/output/root/PoT_Nuance_event_files/11th_test_run/events_1713.root,43352,4,h100;h3;h1;h50
OK,/exp/uboone/data/users/jburridg/Nuance/NUANCE/NUANCE_event_files/output/root/PoT_Nuance_event_files/11th_test_run/events_2826.root,40695,4,h100;h3;h1;h50
OK,/exp/uboone/data/users/jburridg/Nuance/NUANCE/NUANCE_event_files/output/root/PoT_Nuance_event_files/11th_test_run/events_2097.root,43393,4,h100;h3;h1;h50
OK,/exp/uboone/data/users/jburridg/Nuance/NUANCE/NUANCE_event_files/output/root/PoT_Nuance_event_files/11th_test_run/events_2033.root,43822,4,h100;h3;h1;h50
OK,/exp/uboone/data/users/jburridg/Nuance/NUANCE/NUANCE_event_files/output/root/PoT_Nuance_event_files/11th_test_run/events_2681.root,42773,4,h100;h3;h1;h50
OK,/exp/uboone/data/users/jburridg/Nuance/NUANCE/NUANCE_event_files/output/root/PoT_Nuance_event_files/11th_test_run/events_2161.root,40908,4,h100;h3;h1;h50
OK,/exp/uboone/data/users/jburridg/Nuance/NUANCE/NUANCE_event_files/output/root/PoT_Nuance_event_files/11th_test_run/events_2486.root,45540,4,h100;h3;h1;h50
OK,/exp/uboone/data/users/jburridg/Nuance/NUANCE/NUANCE_event_files/output/root/PoT_Nuance_event_files/11th_test_run/events_1963.root,41921,4,h100;h3;h1;h50
OK,/exp/uboone/data/users/jburridg/Nuance/NUANCE/NUANCE_event_files/output/root/PoT_Nuance_event_files/11th_test_run/events_1892.root,43464,4,h100;h3;h1;h50
OK,/exp/uboone/data/users/jburridg/Nuance/NUANCE/NUANCE_event_files/output/root/PoT_Nuance_event_files/11th_test_run/events_2848.root,42841,4,h100;h3;h1;h50
OK,/exp/uboone/data/users/jburridg/Nuance/NUANCE/NUANCE_event_files/output/root/PoT_Nuance_event_files/11th_test_run/events_1969.root,45489,4,h100;h3;h1;h50
OK,/exp/uboone/data/users/jburridg/Nuance/NUANCE/NUANCE_event_files/output/root/PoT_Nuance_event_files/11th_test_run/events_2283.root,43425,4,h100;h3;h1;h50
OK,/exp/uboone/data/users/jburridg/Nuance/NUANCE/NUANCE_event_files/output/root/PoT_Nuance_event_files/11th_test_run/events_1825.root,41267,4,h100;h3;h1;h50
OK,/exp/uboone/data/users/jburridg/Nuance/NUANCE/NUANCE_event_files/output/root/PoT_Nuance_event_files/11th_test_run/events_2812.root,40254,4,h100;h3;h1;h50
OK,/exp/uboone/data/users/jburridg/Nuance/NUANCE/NUANCE_event_files/output/root/PoT_Nuance_event_files/11th_test_run/events_2959.root,43353,4,h100;h3;h1;h50
OK,/exp/uboone/data/users/jburridg/Nuance/NUANCE/NUANCE_event_files/output/root/PoT_Nuance_event_files/11th_test_run/events_2628.root,43788,4,h100;h3;h1;h50
OK,/exp/uboone/data/users/jburridg/Nuance/NUANCE/NUANCE_event_files/output/root/PoT_Nuance_event_files/11th_test_run/events_2762.root,42545,4,h100;h3;h1;h50
OK,/exp/uboone/data/users/jburridg/Nuance/NUANCE/NUANCE_event_files/output/root/PoT_Nuance_event_files/11th_test_run/events_2563.root,43979,4,h100;h3;h1;h50
OK,/exp/uboone/data/users/jburridg/Nuance/NUANCE/NUANCE_event_files/output/root/PoT_Nuance_event_files/11th_test_run/events_1928.root,43768,4,h100;h3;h1;h50
OK,/exp/uboone/data/users/jburridg/Nuance/NUANCE/NUANCE_event_files/output/root/PoT_Nuance_event_files/11th_test_run/events_1944.root,43926,4,h100;h3;h1;h50
OK,/exp/uboone/data/users/jburridg/Nuance/NUANCE/NUANCE_event_files/output/root/PoT_Nuance_event_files/11th_test_run/events_1619.root,42428,4,h100;h3;h1;h50
OK,/exp/uboone/data/users/jburridg/Nuance/NUANCE/NUANCE_event_files/output/root/PoT_Nuance_event_files/11th_test_run/events_2579.root,44708,4,h100;h3;h1;h50
OK,/exp/uboone/data/users/jburridg/Nuance/NUANCE/NUANCE_event_files/output/root/PoT_Nuance_event_files/11th_test_run/events_2634.root,44037,4,h100;h3;h1;h50
OK,/exp/uboone/data/users/jburridg/Nuance/NUANCE/NUANCE_event_files/output/root/PoT_Nuance_event_files/11th_test_run/events_2331.root,41280,4,h100;h3;h1;h50
OK,/exp/uboone/data/users/jburridg/Nuance/NUANCE/NUANCE_event_files/output/root/PoT_Nuance_event_files/11th_test_run/events_2118.root,42267,4,h100;h3;h1;h50
OK,/exp/uboone/data/users/jburridg/Nuance/NUANCE/NUANCE_event_files/output/root/PoT_Nuance_event_files/11th_test_run/events_1800.root,44757,4,h100;h3;h1;h50
OK,/exp/uboone/data/users/jburridg/Nuance/NUANCE/NUANCE_event_files/output/root/PoT_Nuance_event_files/11th_test_run/events_2521.root,43035,4,h100;h3;h1;h50
OK,/exp/uboone/data/users/jburridg/Nuance/NUANCE/NUANCE_event_files/output/root/PoT_Nuance_event_files/11th_test_run/events_2604.root,42887,4,h100;h3;h1;h50
OK,/exp/uboone/data/users/jburridg/Nuance/NUANCE/NUANCE_event_files/output/root/PoT_Nuance_event_files/11th_test_run/events_2605.root,42761,4,h100;h3;h1;h50
OK,/exp/uboone/data/users/jburridg/Nuance/NUANCE/NUANCE_event_files/output/root/PoT_Nuance_event_files/11th_test_run/events_1998.root,43992,4,h100;h3;h1;h50
OK,/exp/uboone/data/users/jburridg/Nuance/NUANCE/NUANCE_event_files/output/root/PoT_Nuance_event_files/11th_test_run/events_1684.root,43344,4,h100;h3;h1;h50
OK,/exp/uboone/data/users/jburridg/Nuance/NUANCE/NUANCE_event_files/output/root/PoT_Nuance_event_files/11th_test_run/events_2318.root,42712,4,h100;h3;h1;h50
OK,/exp/uboone/data/users/jburridg/Nuance/NUANCE/NUANCE_event_files/output/root/PoT_Nuance_event_files/11th_test_run/events_2012.root,44807,4,h100;h3;h1;h50
OK,/exp/uboone/data/users/jburridg/Nuance/NUANCE/NUANCE_event_files/output/root/PoT_Nuance_event_files/11th_test_run/events_2795.root,41458,4,h100;h3;h1;h50
OK,/exp/uboone/data/users/jburridg/Nuance/NUANCE/NUANCE_event_files/output/root/PoT_Nuance_event_files/11th_test_run/events_1774.root,42494,4,h100;h3;h1;h50
OK,/exp/uboone/data/users/jburridg/Nuance/NUANCE/NUANCE_event_files/output/root/PoT_Nuance_event_files/11th_test_run/events_1903.root,45938,4,h100;h3;h1;h50
OK,/exp/uboone/data/users/jburridg/Nuance/NUANCE/NUANCE_event_files/output/root/PoT_Nuance_event_files/11th_test_run/events_2660.root,43276,4,h100;h3;h1;h50
OK,/exp/uboone/data/users/jburridg/Nuance/NUANCE/NUANCE_event_files/output/root/PoT_Nuance_event_files/11th_test_run/events_2543.root,45223,4,h100;h3;h1;h50
OK,/exp/uboone/data/users/jburridg/Nuance/NUANCE/NUANCE_event_files/output/root/PoT_Nuance_event_files/11th_test_run/events_2013.root,40350,4,h100;h3;h1;h50
OK,/exp/uboone/data/users/jburridg/Nuance/NUANCE/NUANCE_event_files/output/root/PoT_Nuance_event_files/11th_test_run/events_2919.root,41822,4,h100;h3;h1;h50
OK,/exp/uboone/data/users/jburridg/Nuance/NUANCE/NUANCE_event_files/output/root/PoT_Nuance_event_files/11th_test_run/events_1578.root,42961,4,h100;h3;h1;h50
OK,/exp/uboone/data/users/jburridg/Nuance/NUANCE/NUANCE_event_files/output/root/PoT_Nuance_event_files/11th_test_run/events_1808.root,41852,4,h100;h3;h1;h50
OK,/exp/uboone/data/users/jburridg/Nuance/NUANCE/NUANCE_event_files/output/root/PoT_Nuance_event_files/11th_test_run/events_1751.root,42647,4,h100;h3;h1;h50
OK,/exp/uboone/data/users/jburridg/Nuance/NUANCE/NUANCE_event_files/output/root/PoT_Nuance_event_files/11th_test_run/events_1885.root,43701,4,h100;h3;h1;h50
OK,/exp/uboone/data/users/jburridg/Nuance/NUANCE/NUANCE_event_files/output/root/PoT_Nuance_event_files/11th_test_run/events_2948.root,44350,4,h100;h3;h1;h50
OK,/exp/uboone/data/users/jburridg/Nuance/NUANCE/NUANCE_event_files/output/root/PoT_Nuance_event_files/11th_test_run/events_2275.root,44516,4,h100;h3;h1;h50
OK,/exp/uboone/data/users/jburridg/Nuance/NUANCE/NUANCE_event_files/output/root/PoT_Nuance_event_files/11th_test_run/events_2816.root,43990,4,h100;h3;h1;h50
OK,/exp/uboone/data/users/jburridg/Nuance/NUANCE/NUANCE_event_files/output/root/PoT_Nuance_event_files/11th_test_run/events_1917.root,43173,4,h100;h3;h1;h50
OK,/exp/uboone/data/users/jburridg/Nuance/NUANCE/NUANCE_event_files/output/root/PoT_Nuance_event_files/11th_test_run/events_2741.root,41910,4,h100;h3;h1;h50
OK,/exp/uboone/data/users/jburridg/Nuance/NUANCE/NUANCE_event_files/output/root/PoT_Nuance_event_files/11th_test_run/events_2209.root,43940,4,h100;h3;h1;h50
OK,/exp/uboone/data/users/jburridg/Nuance/NUANCE/NUANCE_event_files/output/root/PoT_Nuance_event_files/11th_test_run/events_2676.root,44709,4,h100;h3;h1;h50
OK,/exp/uboone/data/users/jburridg/Nuance/NUANCE/NUANCE_event_files/output/root/PoT_Nuance_event_files/11th_test_run/events_2757.root,43397,4,h100;h3;h1;h50
OK,/exp/uboone/data/users/jburridg/Nuance/NUANCE/NUANCE_event_files/output/root/PoT_Nuance_event_files/11th_test_run/events_2571.root,41990,4,h100;h3;h1;h50
OK,/exp/uboone/data/users/jburridg/Nuance/NUANCE/NUANCE_event_files/output/root/PoT_Nuance_event_files/11th_test_run/events_2759.root,43782,4,h100;h3;h1;h50
OK,/exp/uboone/data/users/jburridg/Nuance/NUANCE/NUANCE_event_files/output/root/PoT_Nuance_event_files/11th_test_run/events_2369.root,42968,4,h100;h3;h1;h50
OK,/exp/uboone/data/users/jburridg/Nuance/NUANCE/NUANCE_event_files/output/root/PoT_Nuance_event_files/11th_test_run/events_2713.root,44092,4,h100;h3;h1;h50
OK,/exp/uboone/data/users/jburridg/Nuance/NUANCE/NUANCE_event_files/output/root/PoT_Nuance_event_files/11th_test_run/events_1814.root,42792,4,h100;h3;h1;h50
OK,/exp/uboone/data/users/jburridg/Nuance/NUANCE/NUANCE_event_files/output/root/PoT_Nuance_event_files/11th_test_run/events_2758.root,45381,4,h100;h3;h1;h50
OK,/exp/uboone/data/users/jburridg/Nuance/NUANCE/NUANCE_event_files/output/root/PoT_Nuance_event_files/11th_test_run/events_1776.root,43636,4,h100;h3;h1;h50
OK,/exp/uboone/data/users/jburridg/Nuance/NUANCE/NUANCE_event_files/output/root/PoT_Nuance_event_files/11th_test_run/events_2454.root,43356,4,h100;h3;h1;h50
OK,/exp/uboone/data/users/jburridg/Nuance/NUANCE/NUANCE_event_files/output/root/PoT_Nuance_event_files/11th_test_run/events_2260.root,41361,4,h100;h3;h1;h50
OK,/exp/uboone/data/users/jburridg/Nuance/NUANCE/NUANCE_event_files/output/root/PoT_Nuance_event_files/11th_test_run/events_1770.root,43093,4,h100;h3;h1;h50
OK,/exp/uboone/data/users/jburridg/Nuance/NUANCE/NUANCE_event_files/output/root/PoT_Nuance_event_files/11th_test_run/events_1929.root,41745,4,h100;h3;h1;h50
OK,/exp/uboone/data/users/jburridg/Nuance/NUANCE/NUANCE_event_files/output/root/PoT_Nuance_event_files/11th_test_run/events_2860.root,42833,4,h100;h3;h1;h50
OK,/exp/uboone/data/users/jburridg/Nuance/NUANCE/NUANCE_event_files/output/root/PoT_Nuance_event_files/11th_test_run/events_2335.root,44408,4,h100;h3;h1;h50
OK,/exp/uboone/data/users/jburridg/Nuance/NUANCE/NUANCE_event_files/output/root/PoT_Nuance_event_files/11th_test_run/events_1942.root,43889,4,h100;h3;h1;h50
OK,/exp/uboone/data/users/jburridg/Nuance/NUANCE/NUANCE_event_files/output/root/PoT_Nuance_event_files/11th_test_run/events_1869.root,43357,4,h100;h3;h1;h50
OK,/exp/uboone/data/users/jburridg/Nuance/NUANCE/NUANCE_event_files/output/root/PoT_Nuance_event_files/11th_test_run/events_2466.root,43803,4,h100;h3;h1;h50
OK,/exp/uboone/data/users/jburridg/Nuance/NUANCE/NUANCE_event_files/output/root/PoT_Nuance_event_files/11th_test_run/events_2452.root,44407,4,h100;h3;h1;h50
OK,/exp/uboone/data/users/jburridg/Nuance/NUANCE/NUANCE_event_files/output/root/PoT_Nuance_event_files/11th_test_run/events_2224.root,42653,4,h100;h3;h1;h50
OK,/exp/uboone/data/users/jburridg/Nuance/NUANCE/NUANCE_event_files/output/root/PoT_Nuance_event_files/11th_test_run/events_1699.root,42583,4,h100;h3;h1;h50
OK,/exp/uboone/data/users/jburridg/Nuance/NUANCE/NUANCE_event_files/output/root/PoT_Nuance_event_files/11th_test_run/events_1564.root,40706,4,h100;h3;h1;h50
OK,/exp/uboone/data/users/jburridg/Nuance/NUANCE/NUANCE_event_files/output/root/PoT_Nuance_event_files/11th_test_run/events_1987.root,42574,4,h100;h3;h1;h50
OK,/exp/uboone/data/users/jburridg/Nuance/NUANCE/NUANCE_event_files/output/root/PoT_Nuance_event_files/11th_test_run/events_1902.root,42680,4,h100;h3;h1;h50
OK,/exp/uboone/data/users/jburridg/Nuance/NUANCE/NUANCE_event_files/output/root/PoT_Nuance_event_files/11th_test_run/events_2928.root,40708,4,h100;h3;h1;h50
OK,/exp/uboone/data/users/jburridg/Nuance/NUANCE/NUANCE_event_files/output/root/PoT_Nuance_event_files/11th_test_run/events_2227.root,42247,4,h100;h3;h1;h50
OK,/exp/uboone/data/users/jburridg/Nuance/NUANCE/NUANCE_event_files/output/root/PoT_Nuance_event_files/11th_test_run/events_2779.root,43067,4,h100;h3;h1;h50
OK,/exp/uboone/data/users/jburridg/Nuance/NUANCE/NUANCE_event_files/output/root/PoT_Nuance_event_files/11th_test_run/events_1883.root,40791,4,h100;h3;h1;h50
OK,/exp/uboone/data/users/jburridg/Nuance/NUANCE/NUANCE_event_files/output/root/PoT_Nuance_event_files/11th_test_run/events_2743.root,41962,4,h100;h3;h1;h50
OK,/exp/uboone/data/users/jburridg/Nuance/NUANCE/NUANCE_event_files/output/root/PoT_Nuance_event_files/11th_test_run/events_2291.root,44876,4,h100;h3;h1;h50
OK,/exp/uboone/data/users/jburridg/Nuance/NUANCE/NUANCE_event_files/output/root/PoT_Nuance_event_files/11th_test_run/events_1874.root,41532,4,h100;h3;h1;h50
OK,/exp/uboone/data/users/jburridg/Nuance/NUANCE/NUANCE_event_files/output/root/PoT_Nuance_event_files/11th_test_run/events_1729.root,42668,4,h100;h3;h1;h50
OK,/exp/uboone/data/users/jburridg/Nuance/NUANCE/NUANCE_event_files/output/root/PoT_Nuance_event_files/11th_test_run/events_1859.root,41671,4,h100;h3;h1;h50
OK,/exp/uboone/data/users/jburridg/Nuance/NUANCE/NUANCE_event_files/output/root/PoT_Nuance_event_files/11th_test_run/events_2573.root,42025,4,h100;h3;h1;h50
OK,/exp/uboone/data/users/jburridg/Nuance/NUANCE/NUANCE_event_files/output/root/PoT_Nuance_event_files/11th_test_run/events_2425.root,43361,4,h100;h3;h1;h50
OK,/exp/uboone/data/users/jburridg/Nuance/NUANCE/NUANCE_event_files/output/root/PoT_Nuance_event_files/11th_test_run/events_1679.root,44283,4,h100;h3;h1;h50
OK,/exp/uboone/data/users/jburridg/Nuance/NUANCE/NUANCE_event_files/output/root/PoT_Nuance_event_files/11th_test_run/events_2066.root,42950,4,h100;h3;h1;h50
OK,/exp/uboone/data/users/jburridg/Nuance/NUANCE/NUANCE_event_files/output/root/PoT_Nuance_event_files/11th_test_run/events_1834.root,42501,4,h100;h3;h1;h50
OK,/exp/uboone/data/users/jburridg/Nuance/NUANCE/NUANCE_event_files/output/root/PoT_Nuance_event_files/11th_test_run/events_2187.root,42598,4,h100;h3;h1;h50
OK,/exp/uboone/data/users/jburridg/Nuance/NUANCE/NUANCE_event_files/output/root/PoT_Nuance_event_files/11th_test_run/events_1868.root,42561,4,h100;h3;h1;h50
OK,/exp/uboone/data/users/jburridg/Nuance/NUANCE/NUANCE_event_files/output/root/PoT_Nuance_event_files/11th_test_run/events_2651.root,46306,4,h100;h3;h1;h50
OK,/exp/uboone/data/users/jburridg/Nuance/NUANCE/NUANCE_event_files/output/root/PoT_Nuance_event_files/11th_test_run/events_2867.root,41512,4,h100;h3;h1;h50
OK,/exp/uboone/data/users/jburridg/Nuance/NUANCE/NUANCE_event_files/output/root/PoT_Nuance_event_files/11th_test_run/events_2648.root,41645,4,h100;h3;h1;h50
OK,/exp/uboone/data/users/jburridg/Nuance/NUANCE/NUANCE_event_files/output/root/PoT_Nuance_event_files/11th_test_run/events_1826.root,43738,4,h100;h3;h1;h50
OK,/exp/uboone/data/users/jburridg/Nuance/NUANCE/NUANCE_event_files/output/root/PoT_Nuance_event_files/11th_test_run/events_1829.root,44622,4,h100;h3;h1;h50
OK,/exp/uboone/data/users/jburridg/Nuance/NUANCE/NUANCE_event_files/output/root/PoT_Nuance_event_files/11th_test_run/events_2421.root,45331,4,h100;h3;h1;h50
OK,/exp/uboone/data/users/jburridg/Nuance/NUANCE/NUANCE_event_files/output/root/PoT_Nuance_event_files/11th_test_run/events_1824.root,41703,4,h100;h3;h1;h50
OK,/exp/uboone/data/users/jburridg/Nuance/NUANCE/NUANCE_event_files/output/root/PoT_Nuance_event_files/11th_test_run/events_1895.root,42098,4,h100;h3;h1;h50
OK,/exp/uboone/data/users/jburridg/Nuance/NUANCE/NUANCE_event_files/output/root/PoT_Nuance_event_files/11th_test_run/events_1592.root,43732,4,h100;h3;h1;h50
OK,/exp/uboone/data/users/jburridg/Nuance/NUANCE/NUANCE_event_files/output/root/PoT_Nuance_event_files/11th_test_run/events_2839.root,45044,4,h100;h3;h1;h50
OK,/exp/uboone/data/users/jburridg/Nuance/NUANCE/NUANCE_event_files/output/root/PoT_Nuance_event_files/11th_test_run/events_1678.root,43922,4,h100;h3;h1;h50
OK,/exp/uboone/data/users/jburridg/Nuance/NUANCE/NUANCE_event_files/output/root/PoT_Nuance_event_files/11th_test_run/events_2884.root,43658,4,h100;h3;h1;h50
OK,/exp/uboone/data/users/jburridg/Nuance/NUANCE/NUANCE_event_files/output/root/PoT_Nuance_event_files/11th_test_run/events_2822.root,44611,4,h100;h3;h1;h50
OK,/exp/uboone/data/users/jburridg/Nuance/NUANCE/NUANCE_event_files/output/root/PoT_Nuance_event_files/11th_test_run/events_2637.root,43228,4,h100;h3;h1;h50
OK,/exp/uboone/data/users/jburridg/Nuance/NUANCE/NUANCE_event_files/output/root/PoT_Nuance_event_files/11th_test_run/events_2375.root,42477,4,h100;h3;h1;h50
OK,/exp/uboone/data/users/jburridg/Nuance/NUANCE/NUANCE_event_files/output/root/PoT_Nuance_event_files/11th_test_run/events_1605.root,42906,4,h100;h3;h1;h50
OK,/exp/uboone/data/users/jburridg/Nuance/NUANCE/NUANCE_event_files/output/root/PoT_Nuance_event_files/11th_test_run/events_2233.root,42743,4,h100;h3;h1;h50
OK,/exp/uboone/data/users/jburridg/Nuance/NUANCE/NUANCE_event_files/output/root/PoT_Nuance_event_files/11th_test_run/events_2071.root,42111,4,h100;h3;h1;h50
OK,/exp/uboone/data/users/jburridg/Nuance/NUANCE/NUANCE_event_files/output/root/PoT_Nuance_event_files/11th_test_run/events_2085.root,43523,4,h100;h3;h1;h50
OK,/exp/uboone/data/users/jburridg/Nuance/NUANCE/NUANCE_event_files/output/root/PoT_Nuance_event_files/11th_test_run/events_2140.root,43629,4,h100;h3;h1;h50
OK,/exp/uboone/data/users/jburridg/Nuance/NUANCE/NUANCE_event_files/output/root/PoT_Nuance_event_files/11th_test_run/events_2893.root,45717,4,h100;h3;h1;h50
OK,/exp/uboone/data/users/jburridg/Nuance/NUANCE/NUANCE_event_files/output/root/PoT_Nuance_event_files/11th_test_run/events_2173.root,44981,4,h100;h3;h1;h50
OK,/exp/uboone/data/users/jburridg/Nuance/NUANCE/NUANCE_event_files/output/root/PoT_Nuance_event_files/11th_test_run/events_2045.root,44928,4,h100;h3;h1;h50
OK,/exp/uboone/data/users/jburridg/Nuance/NUANCE/NUANCE_event_files/output/root/PoT_Nuance_event_files/11th_test_run/events_2850.root,41807,4,h100;h3;h1;h50
OK,/exp/uboone/data/users/jburridg/Nuance/NUANCE/NUANCE_event_files/output/root/PoT_Nuance_event_files/11th_test_run/events_2520.root,42251,4,h100;h3;h1;h50
OK,/exp/uboone/data/users/jburridg/Nuance/NUANCE/NUANCE_event_files/output/root/PoT_Nuance_event_files/11th_test_run/events_1711.root,44355,4,h100;h3;h1;h50
OK,/exp/uboone/data/users/jburridg/Nuance/NUANCE/NUANCE_event_files/output/root/PoT_Nuance_event_files/11th_test_run/events_1616.root,44548,4,h100;h3;h1;h50
OK,/exp/uboone/data/users/jburridg/Nuance/NUANCE/NUANCE_event_files/output/root/PoT_Nuance_event_files/11th_test_run/events_2026.root,42553,4,h100;h3;h1;h50
OK,/exp/uboone/data/users/jburridg/Nuance/NUANCE/NUANCE_event_files/output/root/PoT_Nuance_event_files/11th_test_run/events_2650.root,40839,4,h100;h3;h1;h50
OK,/exp/uboone/data/users/jburridg/Nuance/NUANCE/NUANCE_event_files/output/root/PoT_Nuance_event_files/11th_test_run/events_2119.root,43996,4,h100;h3;h1;h50
OK,/exp/uboone/data/users/jburridg/Nuance/NUANCE/NUANCE_event_files/output/root/PoT_Nuance_event_files/11th_test_run/events_1953.root,44090,4,h100;h3;h1;h50
OK,/exp/uboone/data/users/jburridg/Nuance/NUANCE/NUANCE_event_files/output/root/PoT_Nuance_event_files/11th_test_run/events_2491.root,42242,4,h100;h3;h1;h50
OK,/exp/uboone/data/users/jburridg/Nuance/NUANCE/NUANCE_event_files/output/root/PoT_Nuance_event_files/11th_test_run/events_1561.root,42817,4,h100;h3;h1;h50
OK,/exp/uboone/data/users/jburridg/Nuance/NUANCE/NUANCE_event_files/output/root/PoT_Nuance_event_files/11th_test_run/events_2936.root,40644,4,h100;h3;h1;h50
OK,/exp/uboone/data/users/jburridg/Nuance/NUANCE/NUANCE_event_files/output/root/PoT_Nuance_event_files/11th_test_run/events_2428.root,42814,4,h100;h3;h1;h50
OK,/exp/uboone/data/users/jburridg/Nuance/NUANCE/NUANCE_event_files/output/root/PoT_Nuance_event_files/11th_test_run/events_2429.root,41570,4,h100;h3;h1;h50
OK,/exp/uboone/data/users/jburridg/Nuance/NUANCE/NUANCE_event_files/output/root/PoT_Nuance_event_files/11th_test_run/events_2115.root,44586,4,h100;h3;h1;h50
OK,/exp/uboone/data/users/jburridg/Nuance/NUANCE/NUANCE_event_files/output/root/PoT_Nuance_event_files/11th_test_run/events_2453.root,44951,4,h100;h3;h1;h50
OK,/exp/uboone/data/users/jburridg/Nuance/NUANCE/NUANCE_event_files/output/root/PoT_Nuance_event_files/11th_test_run/events_2587.root,43010,4,h100;h3;h1;h50
OK,/exp/uboone/data/users/jburridg/Nuance/NUANCE/NUANCE_event_files/output/root/PoT_Nuance_event_files/11th_test_run/events_1984.root,40977,4,h100;h3;h1;h50
OK,/exp/uboone/data/users/jburridg/Nuance/NUANCE/NUANCE_event_files/output/root/PoT_Nuance_event_files/11th_test_run/events_1780.root,42619,4,h100;h3;h1;h50
OK,/exp/uboone/data/users/jburridg/Nuance/NUANCE/NUANCE_event_files/output/root/PoT_Nuance_event_files/11th_test_run/events_2139.root,43823,4,h100;h3;h1;h50
OK,/exp/uboone/data/users/jburridg/Nuance/NUANCE/NUANCE_event_files/output/root/PoT_Nuance_event_files/11th_test_run/events_2241.root,43650,4,h100;h3;h1;h50
OK,/exp/uboone/data/users/jburridg/Nuance/NUANCE/NUANCE_event_files/output/root/PoT_Nuance_event_files/11th_test_run/events_1642.root,40319,4,h100;h3;h1;h50
OK,/exp/uboone/data/users/jburridg/Nuance/NUANCE/NUANCE_event_files/output/root/PoT_Nuance_event_files/11th_test_run/events_1516.root,44720,4,h100;h3;h1;h50
OK,/exp/uboone/data/users/jburridg/Nuance/NUANCE/NUANCE_event_files/output/root/PoT_Nuance_event_files/11th_test_run/events_1615.root,44571,4,h100;h3;h1;h50
OK,/exp/uboone/data/users/jburridg/Nuance/NUANCE/NUANCE_event_files/output/root/PoT_Nuance_event_files/11th_test_run/events_1864.root,41260,4,h100;h3;h1;h50
OK,/exp/uboone/data/users/jburridg/Nuance/NUANCE/NUANCE_event_files/output/root/PoT_Nuance_event_files/11th_test_run/events_2125.root,43101,4,h100;h3;h1;h50
OK,/exp/uboone/data/users/jburridg/Nuance/NUANCE/NUANCE_event_files/output/root/PoT_Nuance_event_files/11th_test_run/events_2191.root,41700,4,h100;h3;h1;h50
OK,/exp/uboone/data/users/jburridg/Nuance/NUANCE/NUANCE_event_files/output/root/PoT_Nuance_event_files/11th_test_run/events_2072.root,44445,4,h100;h3;h1;h50
OK,/exp/uboone/data/users/jburridg/Nuance/NUANCE/NUANCE_event_files/output/root/PoT_Nuance_event_files/11th_test_run/events_2577.root,43088,4,h100;h3;h1;h50
OK,/exp/uboone/data/users/jburridg/Nuance/NUANCE/NUANCE_event_files/output/root/PoT_Nuance_event_files/11th_test_run/events_2007.root,44808,4,h100;h3;h1;h50
OK,/exp/uboone/data/users/jburridg/Nuance/NUANCE/NUANCE_event_files/output/root/PoT_Nuance_event_files/11th_test_run/events_2304.root,41148,4,h100;h3;h1;h50
OK,/exp/uboone/data/users/jburridg/Nuance/NUANCE/NUANCE_event_files/output/root/PoT_Nuance_event_files/11th_test_run/events_1503.root,14950159,4,h100;h3;h1;h50
OK,/exp/uboone/data/users/jburridg/Nuance/NUANCE/NUANCE_event_files/output/root/PoT_Nuance_event_files/11th_test_run/events_2476.root,40602,4,h100;h3;h1;h50
OK,/exp/uboone/data/users/jburridg/Nuance/NUANCE/NUANCE_event_files/output/root/PoT_Nuance_event_files/11th_test_run/events_2602.root,44949,4,h100;h3;h1;h50
OK,/exp/uboone/data/users/jburridg/Nuance/NUANCE/NUANCE_event_files/output/root/PoT_Nuance_event_files/11th_test_run/events_2146.root,42685,4,h100;h3;h1;h50
OK,/exp/uboone/data/users/jburridg/Nuance/NUANCE/NUANCE_event_files/output/root/PoT_Nuance_event_files/11th_test_run/events_1847.root,42760,4,h100;h3;h1;h50
OK,/exp/uboone/data/users/jburridg/Nuance/NUANCE/NUANCE_event_files/output/root/PoT_Nuance_event_files/11th_test_run/events_1833.root,44029,4,h100;h3;h1;h50
OK,/exp/uboone/data/users/jburridg/Nuance/NUANCE/NUANCE_event_files/output/root/PoT_Nuance_event_files/11th_test_run/events_2875.root,41018,4,h100;h3;h1;h50
OK,/exp/uboone/data/users/jburridg/Nuance/NUANCE/NUANCE_event_files/output/root/PoT_Nuance_event_files/11th_test_run/events_2458.root,41841,4,h100;h3;h1;h50
OK,/exp/uboone/data/users/jburridg/Nuance/NUANCE/NUANCE_event_files/output/root/PoT_Nuance_event_files/11th_test_run/events_1875.root,45085,4,h100;h3;h1;h50
OK,/exp/uboone/data/users/jburridg/Nuance/NUANCE/NUANCE_event_files/output/root/PoT_Nuance_event_files/11th_test_run/events_2471.root,43710,4,h100;h3;h1;h50
OK,/exp/uboone/data/users/jburridg/Nuance/NUANCE/NUANCE_event_files/output/root/PoT_Nuance_event_files/11th_test_run/events_2333.root,44203,4,h100;h3;h1;h50
OK,/exp/uboone/data/users/jburridg/Nuance/NUANCE/NUANCE_event_files/output/root/PoT_Nuance_event_files/11th_test_run/events_1614.root,42265,4,h100;h3;h1;h50
OK,/exp/uboone/data/users/jburridg/Nuance/NUANCE/NUANCE_event_files/output/root/PoT_Nuance_event_files/11th_test_run/events_2582.root,44164,4,h100;h3;h1;h50
OK,/exp/uboone/data/users/jburridg/Nuance/NUANCE/NUANCE_event_files/output/root/PoT_Nuance_event_files/11th_test_run/events_2813.root,38523,4,h100;h3;h1;h50
OK,/exp/uboone/data/users/jburridg/Nuance/NUANCE/NUANCE_event_files/output/root/PoT_Nuance_event_files/11th_test_run/events_2215.root,44507,4,h100;h3;h1;h50
OK,/exp/uboone/data/users/jburridg/Nuance/NUANCE/NUANCE_event_files/output/root/PoT_Nuance_event_files/11th_test_run/events_2358.root,41856,4,h100;h3;h1;h50
OK,/exp/uboone/data/users/jburridg/Nuance/NUANCE/NUANCE_event_files/output/root/PoT_Nuance_event_files/11th_test_run/events_2365.root,45964,4,h100;h3;h1;h50
OK,/exp/uboone/data/users/jburridg/Nuance/NUANCE/NUANCE_event_files/output/root/PoT_Nuance_event_files/11th_test_run/events_1732.root,42186,4,h100;h3;h1;h50
OK,/exp/uboone/data/users/jburridg/Nuance/NUANCE/NUANCE_event_files/output/root/PoT_Nuance_event_files/11th_test_run/events_2440.root,40279,4,h100;h3;h1;h50
OK,/exp/uboone/data/users/jburridg/Nuance/NUANCE/NUANCE_event_files/output/root/PoT_Nuance_event_files/11th_test_run/events_2827.root,44536,4,h100;h3;h1;h50
OK,/exp/uboone/data/users/jburridg/Nuance/NUANCE/NUANCE_event_files/output/root/PoT_Nuance_event_files/11th_test_run/events_2610.root,44630,4,h100;h3;h1;h50
OK,/exp/uboone/data/users/jburridg/Nuance/NUANCE/NUANCE_event_files/output/root/PoT_Nuance_event_files/11th_test_run/events_1812.root,44597,4,h100;h3;h1;h50
OK,/exp/uboone/data/users/jburridg/Nuance/NUANCE/NUANCE_event_files/output/root/PoT_Nuance_event_files/11th_test_run/events_2805.root,42319,4,h100;h3;h1;h50
OK,/exp/uboone/data/users/jburridg/Nuance/NUANCE/NUANCE_event_files/output/root/PoT_Nuance_event_files/11th_test_run/events_1804.root,44292,4,h100;h3;h1;h50
OK,/exp/uboone/data/users/jburridg/Nuance/NUANCE/NUANCE_event_files/output/root/PoT_Nuance_event_files/11th_test_run/events_1594.root,41509,4,h100;h3;h1;h50
OK,/exp/uboone/data/users/jburridg/Nuance/NUANCE/NUANCE_event_files/output/root/PoT_Nuance_event_files/11th_test_run/events_2091.root,44376,4,h100;h3;h1;h50
OK,/exp/uboone/data/users/jburridg/Nuance/NUANCE/NUANCE_event_files/output/root/PoT_Nuance_event_files/11th_test_run/events_2367.root,44627,4,h100;h3;h1;h50
OK,/exp/uboone/data/users/jburridg/Nuance/NUANCE/NUANCE_event_files/output/root/PoT_Nuance_event_files/11th_test_run/events_2790.root,43477,4,h100;h3;h1;h50
OK,/exp/uboone/data/users/jburridg/Nuance/NUANCE/NUANCE_event_files/output/root/PoT_Nuance_event_files/11th_test_run/events_2700.root,43820,4,h100;h3;h1;h50
OK,/exp/uboone/data/users/jburridg/Nuance/NUANCE/NUANCE_event_files/output/root/PoT_Nuance_event_files/11th_test_run/events_2789.root,43359,4,h100;h3;h1;h50
OK,/exp/uboone/data/users/jburridg/Nuance/NUANCE/NUANCE_event_files/output/root/PoT_Nuance_event_files/11th_test_run/events_2731.root,44526,4,h100;h3;h1;h50
OK,/exp/uboone/data/users/jburridg/Nuance/NUANCE/NUANCE_event_files/output/root/PoT_Nuance_event_files/11th_test_run/events_1946.root,42034,4,h100;h3;h1;h50
OK,/exp/uboone/data/users/jburridg/Nuance/NUANCE/NUANCE_event_files/output/root/PoT_Nuance_event_files/11th_test_run/events_2172.root,41585,4,h100;h3;h1;h50
OK,/exp/uboone/data/users/jburridg/Nuance/NUANCE/NUANCE_event_files/output/root/PoT_Nuance_event_files/11th_test_run/events_2835.root,40903,4,h100;h3;h1;h50
OK,/exp/uboone/data/users/jburridg/Nuance/NUANCE/NUANCE_event_files/output/root/PoT_Nuance_event_files/11th_test_run/events_1603.root,45167,4,h100;h3;h1;h50
OK,/exp/uboone/data/users/jburridg/Nuance/NUANCE/NUANCE_event_files/output/root/PoT_Nuance_event_files/11th_test_run/events_2951.root,44181,4,h100;h3;h1;h50
OK,/exp/uboone/data/users/jburridg/Nuance/NUANCE/NUANCE_event_files/output/root/PoT_Nuance_event_files/11th_test_run/events_2465.root,42107,4,h100;h3;h1;h50
OK,/exp/uboone/data/users/jburridg/Nuance/NUANCE/NUANCE_event_files/output/root/PoT_Nuance_event_files/11th_test_run/events_2157.root,42581,4,h100;h3;h1;h50
OK,/exp/uboone/data/users/jburridg/Nuance/NUANCE/NUANCE_event_files/output/root/PoT_Nuance_event_files/11th_test_run/events_2207.root,43049,4,h100;h3;h1;h50
OK,/exp/uboone/data/users/jburridg/Nuance/NUANCE/NUANCE_event_files/output/root/PoT_Nuance_event_files/11th_test_run/events_2178.root,43272,4,h100;h3;h1;h50
OK,/exp/uboone/data/users/jburridg/Nuance/NUANCE/NUANCE_event_files/output/root/PoT_Nuance_event_files/11th_test_run/events_2193.root,42954,4,h100;h3;h1;h50
OK,/exp/uboone/data/users/jburridg/Nuance/NUANCE/NUANCE_event_files/output/root/PoT_Nuance_event_files/11th_test_run/events_1532.root,43404,4,h100;h3;h1;h50
OK,/exp/uboone/data/users/jburridg/Nuance/NUANCE/NUANCE_event_files/output/root/PoT_Nuance_event_files/11th_test_run/events_2238.root,39412,4,h100;h3;h1;h50
OK,/exp/uboone/data/users/jburridg/Nuance/NUANCE/NUANCE_event_files/output/root/PoT_Nuance_event_files/11th_test_run/events_2764.root,43397,4,h100;h3;h1;h50
OK,/exp/uboone/data/users/jburridg/Nuance/NUANCE/NUANCE_event_files/output/root/PoT_Nuance_event_files/11th_test_run/events_2433.root,45106,4,h100;h3;h1;h50
OK,/exp/uboone/data/users/jburridg/Nuance/NUANCE/NUANCE_event_files/output/root/PoT_Nuance_event_files/11th_test_run/events_2262.root,42037,4,h100;h3;h1;h50
OK,/exp/uboone/data/users/jburridg/Nuance/NUANCE/NUANCE_event_files/output/root/PoT_Nuance_event_files/11th_test_run/events_1894.root,44068,4,h100;h3;h1;h50
OK,/exp/uboone/data/users/jburridg/Nuance/NUANCE/NUANCE_event_files/output/root/PoT_Nuance_event_files/11th_test_run/events_2718.root,44874,4,h100;h3;h1;h50
OK,/exp/uboone/data/users/jburridg/Nuance/NUANCE/NUANCE_event_files/output/root/PoT_Nuance_event_files/11th_test_run/events_2620.root,41309,4,h100;h3;h1;h50
OK,/exp/uboone/data/users/jburridg/Nuance/NUANCE/NUANCE_event_files/output/root/PoT_Nuance_event_files/11th_test_run/events_2715.root,41983,4,h100;h3;h1;h50
OK,/exp/uboone/data/users/jburridg/Nuance/NUANCE/NUANCE_event_files/output/root/PoT_Nuance_event_files/11th_test_run/events_1788.root,43832,4,h100;h3;h1;h50
OK,/exp/uboone/data/users/jburridg/Nuance/NUANCE/NUANCE_event_files/output/root/PoT_Nuance_event_files/11th_test_run/events_2087.root,41745,4,h100;h3;h1;h50
OK,/exp/uboone/data/users/jburridg/Nuance/NUANCE/NUANCE_event_files/output/root/PoT_Nuance_event_files/11th_test_run/events_1637.root,42647,4,h100;h3;h1;h50
OK,/exp/uboone/data/users/jburridg/Nuance/NUANCE/NUANCE_event_files/output/root/PoT_Nuance_event_files/11th_test_run/events_2777.root,45460,4,h100;h3;h1;h50
OK,/exp/uboone/data/users/jburridg/Nuance/NUANCE/NUANCE_event_files/output/root/PoT_Nuance_event_files/11th_test_run/events_2281.root,43572,4,h100;h3;h1;h50
OK,/exp/uboone/data/users/jburridg/Nuance/NUANCE/NUANCE_event_files/output/root/PoT_Nuance_event_files/11th_test_run/events_1721.root,44433,4,h100;h3;h1;h50
OK,/exp/uboone/data/users/jburridg/Nuance/NUANCE/NUANCE_event_files/output/root/PoT_Nuance_event_files/11th_test_run/events_2330.root,42180,4,h100;h3;h1;h50
OK,/exp/uboone/data/users/jburridg/Nuance/NUANCE/NUANCE_event_files/output/root/PoT_Nuance_event_files/11th_test_run/events_2282.root,44395,4,h100;h3;h1;h50
OK,/exp/uboone/data/users/jburridg/Nuance/NUANCE/NUANCE_event_files/output/root/PoT_Nuance_event_files/11th_test_run/events_2373.root,41924,4,h100;h3;h1;h50
OK,/exp/uboone/data/users/jburridg/Nuance/NUANCE/NUANCE_event_files/output/root/PoT_Nuance_event_files/11th_test_run/events_2526.root,42351,4,h100;h3;h1;h50
OK,/exp/uboone/data/users/jburridg/Nuance/NUANCE/NUANCE_event_files/output/root/PoT_Nuance_event_files/11th_test_run/events_2147.root,43592,4,h100;h3;h1;h50
OK,/exp/uboone/data/users/jburridg/Nuance/NUANCE/NUANCE_event_files/output/root/PoT_Nuance_event_files/11th_test_run/events_1633.root,41930,4,h100;h3;h1;h50
OK,/exp/uboone/data/users/jburridg/Nuance/NUANCE/NUANCE_event_files/output/root/PoT_Nuance_event_files/11th_test_run/events_2823.root,44405,4,h100;h3;h1;h50
OK,/exp/uboone/data/users/jburridg/Nuance/NUANCE/NUANCE_event_files/output/root/PoT_Nuance_event_files/11th_test_run/events_1923.root,40062,4,h100;h3;h1;h50
OK,/exp/uboone/data/users/jburridg/Nuance/NUANCE/NUANCE_event_files/output/root/PoT_Nuance_event_files/11th_test_run/events_2144.root,41660,4,h100;h3;h1;h50
OK,/exp/uboone/data/users/jburridg/Nuance/NUANCE/NUANCE_event_files/output/root/PoT_Nuance_event_files/11th_test_run/events_1612.root,44046,4,h100;h3;h1;h50
OK,/exp/uboone/data/users/jburridg/Nuance/NUANCE/NUANCE_event_files/output/root/PoT_Nuance_event_files/11th_test_run/events_1878.root,43485,4,h100;h3;h1;h50
OK,/exp/uboone/data/users/jburridg/Nuance/NUANCE/NUANCE_event_files/output/root/PoT_Nuance_event_files/11th_test_run/events_1896.root,43556,4,h100;h3;h1;h50
OK,/exp/uboone/data/users/jburridg/Nuance/NUANCE/NUANCE_event_files/output/root/PoT_Nuance_event_files/11th_test_run/events_1798.root,43060,4,h100;h3;h1;h50
OK,/exp/uboone/data/users/jburridg/Nuance/NUANCE/NUANCE_event_files/output/root/PoT_Nuance_event_files/11th_test_run/events_2724.root,44135,4,h100;h3;h1;h50
OK,/exp/uboone/data/users/jburridg/Nuance/NUANCE/NUANCE_event_files/output/root/PoT_Nuance_event_files/11th_test_run/events_1527.root,43184,4,h100;h3;h1;h50
OK,/exp/uboone/data/users/jburridg/Nuance/NUANCE/NUANCE_event_files/output/root/PoT_Nuance_event_files/11th_test_run/events_2537.root,43093,4,h100;h3;h1;h50
OK,/exp/uboone/data/users/jburridg/Nuance/NUANCE/NUANCE_event_files/output/root/PoT_Nuance_event_files/11th_test_run/events_2270.root,42787,4,h100;h3;h1;h50
OK,/exp/uboone/data/users/jburridg/Nuance/NUANCE/NUANCE_event_files/output/root/PoT_Nuance_event_files/11th_test_run/events_1712.root,42713,4,h100;h3;h1;h50
OK,/exp/uboone/data/users/jburridg/Nuance/NUANCE/NUANCE_event_files/output/root/PoT_Nuance_event_files/11th_test_run/events_2935.root,42640,4,h100;h3;h1;h50
OK,/exp/uboone/data/users/jburridg/Nuance/NUANCE/NUANCE_event_files/output/root/PoT_Nuance_event_files/11th_test_run/events_1677.root,44666,4,h100;h3;h1;h50
OK,/exp/uboone/data/users/jburridg/Nuance/NUANCE/NUANCE_event_files/output/root/PoT_Nuance_event_files/11th_test_run/events_2856.root,41600,4,h100;h3;h1;h50
OK,/exp/uboone/data/users/jburridg/Nuance/NUANCE/NUANCE_event_files/output/root/PoT_Nuance_event_files/11th_test_run/events_2886.root,43120,4,h100;h3;h1;h50
OK,/exp/uboone/data/users/jburridg/Nuance/NUANCE/NUANCE_event_files/output/root/PoT_Nuance_event_files/11th_test_run/events_2845.root,43588,4,h100;h3;h1;h50
OK,/exp/uboone/data/users/jburridg/Nuance/NUANCE/NUANCE_event_files/output/root/PoT_Nuance_event_files/11th_test_run/events_2153.root,42295,4,h100;h3;h1;h50
OK,/exp/uboone/data/users/jburridg/Nuance/NUANCE/NUANCE_event_files/output/root/PoT_Nuance_event_files/11th_test_run/events_2944.root,42047,4,h100;h3;h1;h50
OK,/exp/uboone/data/users/jburridg/Nuance/NUANCE/NUANCE_event_files/output/root/PoT_Nuance_event_files/11th_test_run/events_2180.root,41086,4,h100;h3;h1;h50
OK,/exp/uboone/data/users/jburridg/Nuance/NUANCE/NUANCE_event_files/output/root/PoT_Nuance_event_files/11th_test_run/events_2742.root,43237,4,h100;h3;h1;h50
OK,/exp/uboone/data/users/jburridg/Nuance/NUANCE/NUANCE_event_files/output/root/PoT_Nuance_event_files/11th_test_run/events_2158.root,42083,4,h100;h3;h1;h50
OK,/exp/uboone/data/users/jburridg/Nuance/NUANCE/NUANCE_event_files/output/root/PoT_Nuance_event_files/11th_test_run/events_2865.root,44651,4,h100;h3;h1;h50
OK,/exp/uboone/data/users/jburridg/Nuance/NUANCE/NUANCE_event_files/output/root/PoT_Nuance_event_files/11th_test_run/events_2248.root,41064,4,h100;h3;h1;h50
OK,/exp/uboone/data/users/jburridg/Nuance/NUANCE/NUANCE_event_files/output/root/PoT_Nuance_event_files/11th_test_run/events_2445.root,44222,4,h100;h3;h1;h50
OK,/exp/uboone/data/users/jburridg/Nuance/NUANCE/NUANCE_event_files/output/root/PoT_Nuance_event_files/11th_test_run/events_2455.root,47000,4,h100;h3;h1;h50
OK,/exp/uboone/data/users/jburridg/Nuance/NUANCE/NUANCE_event_files/output/root/PoT_Nuance_event_files/11th_test_run/events_1988.root,43439,4,h100;h3;h1;h50
OK,/exp/uboone/data/users/jburridg/Nuance/NUANCE/NUANCE_event_files/output/root/PoT_Nuance_event_files/11th_test_run/events_1635.root,43848,4,h100;h3;h1;h50
OK,/exp/uboone/data/users/jburridg/Nuance/NUANCE/NUANCE_event_files/output/root/PoT_Nuance_event_files/11th_test_run/events_2080.root,43358,4,h100;h3;h1;h50
OK,/exp/uboone/data/users/jburridg/Nuance/NUANCE/NUANCE_event_files/output/root/PoT_Nuance_event_files/11th_test_run/events_2854.root,44146,4,h100;h3;h1;h50
OK,/exp/uboone/data/users/jburridg/Nuance/NUANCE/NUANCE_event_files/output/root/PoT_Nuance_event_files/11th_test_run/events_2544.root,42004,4,h100;h3;h1;h50
OK,/exp/uboone/data/users/jburridg/Nuance/NUANCE/NUANCE_event_files/output/root/PoT_Nuance_event_files/11th_test_run/events_2427.root,41613,4,h100;h3;h1;h50
OK,/exp/uboone/data/users/jburridg/Nuance/NUANCE/NUANCE_event_files/output/root/PoT_Nuance_event_files/11th_test_run/events_1949.root,43169,4,h100;h3;h1;h50
OK,/exp/uboone/data/users/jburridg/Nuance/NUANCE/NUANCE_event_files/output/root/PoT_Nuance_event_files/11th_test_run/events_1891.root,42557,4,h100;h3;h1;h50
OK,/exp/uboone/data/users/jburridg/Nuance/NUANCE/NUANCE_event_files/output/root/PoT_Nuance_event_files/11th_test_run/events_2350.root,41805,4,h100;h3;h1;h50
OK,/exp/uboone/data/users/jburridg/Nuance/NUANCE/NUANCE_event_files/output/root/PoT_Nuance_event_files/11th_test_run/events_1631.root,43570,4,h100;h3;h1;h50
OK,/exp/uboone/data/users/jburridg/Nuance/NUANCE/NUANCE_event_files/output/root/PoT_Nuance_event_files/11th_test_run/events_2194.root,44693,4,h100;h3;h1;h50
OK,/exp/uboone/data/users/jburridg/Nuance/NUANCE/NUANCE_event_files/output/root/PoT_Nuance_event_files/11th_test_run/events_2058.root,42687,4,h100;h3;h1;h50
OK,/exp/uboone/data/users/jburridg/Nuance/NUANCE/NUANCE_event_files/output/root/PoT_Nuance_event_files/11th_test_run/events_2880.root,40934,4,h100;h3;h1;h50
OK,/exp/uboone/data/users/jburridg/Nuance/NUANCE/NUANCE_event_files/output/root/PoT_Nuance_event_files/11th_test_run/events_2247.root,42209,4,h100;h3;h1;h50
OK,/exp/uboone/data/users/jburridg/Nuance/NUANCE/NUANCE_event_files/output/root/PoT_Nuance_event_files/11th_test_run/events_2497.root,41409,4,h100;h3;h1;h50
OK,/exp/uboone/data/users/jburridg/Nuance/NUANCE/NUANCE_event_files/output/root/PoT_Nuance_event_files/11th_test_run/events_2199.root,42440,4,h100;h3;h1;h50
OK,/exp/uboone/data/users/jburridg/Nuance/NUANCE/NUANCE_event_files/output/root/PoT_Nuance_event_files/11th_test_run/events_1553.root,43403,4,h100;h3;h1;h50
OK,/exp/uboone/data/users/jburridg/Nuance/NUANCE/NUANCE_event_files/output/root/PoT_Nuance_event_files/11th_test_run/events_1907.root,42247,4,h100;h3;h1;h50
OK,/exp/uboone/data/users/jburridg/Nuance/NUANCE/NUANCE_event_files/output/root/PoT_Nuance_event_files/11th_test_run/events_2576.root,44801,4,h100;h3;h1;h50
OK,/exp/uboone/data/users/jburridg/Nuance/NUANCE/NUANCE_event_files/output/root/PoT_Nuance_event_files/11th_test_run/events_2801.root,42416,4,h100;h3;h1;h50
OK,/exp/uboone/data/users/jburridg/Nuance/NUANCE/NUANCE_event_files/output/root/PoT_Nuance_event_files/11th_test_run/events_2679.root,43792,4,h100;h3;h1;h50
OK,/exp/uboone/data/users/jburridg/Nuance/NUANCE/NUANCE_event_files/output/root/PoT_Nuance_event_files/11th_test_run/events_1700.root,42105,4,h100;h3;h1;h50
OK,/exp/uboone/data/users/jburridg/Nuance/NUANCE/NUANCE_event_files/output/root/PoT_Nuance_event_files/11th_test_run/events_2796.root,45882,4,h100;h3;h1;h50
OK,/exp/uboone/data/users/jburridg/Nuance/NUANCE/NUANCE_event_files/output/root/PoT_Nuance_event_files/11th_test_run/events_2151.root,40220,4,h100;h3;h1;h50
OK,/exp/uboone/data/users/jburridg/Nuance/NUANCE/NUANCE_event_files/output/root/PoT_Nuance_event_files/11th_test_run/events_2164.root,46648,4,h100;h3;h1;h50
OK,/exp/uboone/data/users/jburridg/Nuance/NUANCE/NUANCE_event_files/output/root/PoT_Nuance_event_files/11th_test_run/events_2891.root,42710,4,h100;h3;h1;h50
OK,/exp/uboone/data/users/jburridg/Nuance/NUANCE/NUANCE_event_files/output/root/PoT_Nuance_event_files/11th_test_run/events_1986.root,42399,4,h100;h3;h1;h50
OK,/exp/uboone/data/users/jburridg/Nuance/NUANCE/NUANCE_event_files/output/root/PoT_Nuance_event_files/11th_test_run/events_2217.root,41939,4,h100;h3;h1;h50
OK,/exp/uboone/data/users/jburridg/Nuance/NUANCE/NUANCE_event_files/output/root/PoT_Nuance_event_files/11th_test_run/events_1792.root,42708,4,h100;h3;h1;h50
OK,/exp/uboone/data/users/jburridg/Nuance/NUANCE/NUANCE_event_files/output/root/PoT_Nuance_event_files/11th_test_run/events_2783.root,42086,4,h100;h3;h1;h50
OK,/exp/uboone/data/users/jburridg/Nuance/NUANCE/NUANCE_event_files/output/root/PoT_Nuance_event_files/11th_test_run/events_2720.root,43908,4,h100;h3;h1;h50
OK,/exp/uboone/data/users/jburridg/Nuance/NUANCE/NUANCE_event_files/output/root/PoT_Nuance_event_files/11th_test_run/events_1932.root,42077,4,h100;h3;h1;h50
OK,/exp/uboone/data/users/jburridg/Nuance/NUANCE/NUANCE_event_files/output/root/PoT_Nuance_event_files/11th_test_run/events_2599.root,42129,4,h100;h3;h1;h50
OK,/exp/uboone/data/users/jburridg/Nuance/NUANCE/NUANCE_event_files/output/root/PoT_Nuance_event_files/11th_test_run/events_1759.root,45188,4,h100;h3;h1;h50
OK,/exp/uboone/data/users/jburridg/Nuance/NUANCE/NUANCE_event_files/output/root/PoT_Nuance_event_files/11th_test_run/events_2894.root,41089,4,h100;h3;h1;h50
OK,/exp/uboone/data/users/jburridg/Nuance/NUANCE/NUANCE_event_files/output/root/PoT_Nuance_event_files/11th_test_run/events_2726.root,42768,4,h100;h3;h1;h50
OK,/exp/uboone/data/users/jburridg/Nuance/NUANCE/NUANCE_event_files/output/root/PoT_Nuance_event_files/11th_test_run/events_1817.root,41472,4,h100;h3;h1;h50
OK,/exp/uboone/data/users/jburridg/Nuance/NUANCE/NUANCE_event_files/output/root/PoT_Nuance_event_files/11th_test_run/events_2923.root,40951,4,h100;h3;h1;h50
OK,/exp/uboone/data/users/jburridg/Nuance/NUANCE/NUANCE_event_files/output/root/PoT_Nuance_event_files/11th_test_run/events_1849.root,40972,4,h100;h3;h1;h50
OK,/exp/uboone/data/users/jburridg/Nuance/NUANCE/NUANCE_event_files/output/root/PoT_Nuance_event_files/11th_test_run/events_2558.root,44502,4,h100;h3;h1;h50
OK,/exp/uboone/data/users/jburridg/Nuance/NUANCE/NUANCE_event_files/output/root/PoT_Nuance_event_files/11th_test_run/events_2154.root,40607,4,h100;h3;h1;h50
OK,/exp/uboone/data/users/jburridg/Nuance/NUANCE/NUANCE_event_files/output/root/PoT_Nuance_event_files/11th_test_run/events_2092.root,43110,4,h100;h3;h1;h50
OK,/exp/uboone/data/users/jburridg/Nuance/NUANCE/NUANCE_event_files/output/root/PoT_Nuance_event_files/11th_test_run/events_2030.root,43344,4,h100;h3;h1;h50
OK,/exp/uboone/data/users/jburridg/Nuance/NUANCE/NUANCE_event_files/output/root/PoT_Nuance_event_files/11th_test_run/events_1802.root,42819,4,h100;h3;h1;h50
OK,/exp/uboone/data/users/jburridg/Nuance/NUANCE/NUANCE_event_files/output/root/PoT_Nuance_event_files/11th_test_run/events_2716.root,44322,4,h100;h3;h1;h50
OK,/exp/uboone/data/users/jburridg/Nuance/NUANCE/NUANCE_event_files/output/root/PoT_Nuance_event_files/11th_test_run/events_1791.root,41688,4,h100;h3;h1;h50
OK,/exp/uboone/data/users/jburridg/Nuance/NUANCE/NUANCE_event_files/output/root/PoT_Nuance_event_files/11th_test_run/events_2572.root,46165,4,h100;h3;h1;h50
OK,/exp/uboone/data/users/jburridg/Nuance/NUANCE/NUANCE_event_files/output/root/PoT_Nuance_event_files/11th_test_run/events_2687.root,43224,4,h100;h3;h1;h50
OK,/exp/uboone/data/users/jburridg/Nuance/NUANCE/NUANCE_event_files/output/root/PoT_Nuance_event_files/11th_test_run/events_1757.root,43257,4,h100;h3;h1;h50
OK,/exp/uboone/data/users/jburridg/Nuance/NUANCE/NUANCE_event_files/output/root/PoT_Nuance_event_files/11th_test_run/events_2067.root,42584,4,h100;h3;h1;h50
OK,/exp/uboone/data/users/jburridg/Nuance/NUANCE/NUANCE_event_files/output/root/PoT_Nuance_event_files/11th_test_run/events_2034.root,42318,4,h100;h3;h1;h50
OK,/exp/uboone/data/users/jburridg/Nuance/NUANCE/NUANCE_event_files/output/root/PoT_Nuance_event_files/11th_test_run/events_2394.root,44261,4,h100;h3;h1;h50
OK,/exp/uboone/data/users/jburridg/Nuance/NUANCE/NUANCE_event_files/output/root/PoT_Nuance_event_files/11th_test_run/events_2739.root,41910,4,h100;h3;h1;h50
OK,/exp/uboone/data/users/jburridg/Nuance/NUANCE/NUANCE_event_files/output/root/PoT_Nuance_event_files/11th_test_run/events_2420.root,43318,4,h100;h3;h1;h50
OK,/exp/uboone/data/users/jburridg/Nuance/NUANCE/NUANCE_event_files/output/root/PoT_Nuance_event_files/11th_test_run/events_1881.root,42066,4,h100;h3;h1;h50
OK,/exp/uboone/data/users/jburridg/Nuance/NUANCE/NUANCE_event_files/output/root/PoT_Nuance_event_files/11th_test_run/events_2705.root,42350,4,h100;h3;h1;h50
OK,/exp/uboone/data/users/jburridg/Nuance/NUANCE/NUANCE_event_files/output/root/PoT_Nuance_event_files/11th_test_run/events_2941.root,42972,4,h100;h3;h1;h50
OK,/exp/uboone/data/users/jburridg/Nuance/NUANCE/NUANCE_event_files/output/root/PoT_Nuance_event_files/11th_test_run/events_2555.root,44239,4,h100;h3;h1;h50
OK,/exp/uboone/data/users/jburridg/Nuance/NUANCE/NUANCE_event_files/output/root/PoT_Nuance_event_files/11th_test_run/events_1743.root,41938,4,h100;h3;h1;h50
OK,/exp/uboone/data/users/jburridg/Nuance/NUANCE/NUANCE_event_files/output/root/PoT_Nuance_event_files/11th_test_run/events_2540.root,44678,4,h100;h3;h1;h50
OK,/exp/uboone/data/users/jburridg/Nuance/NUANCE/NUANCE_event_files/output/root/PoT_Nuance_event_files/11th_test_run/events_2751.root,42992,4,h100;h3;h1;h50
OK,/exp/uboone/data/users/jburridg/Nuance/NUANCE/NUANCE_event_files/output/root/PoT_Nuance_event_files/11th_test_run/events_2649.root,42737,4,h100;h3;h1;h50
OK,/exp/uboone/data/users/jburridg/Nuance/NUANCE/NUANCE_event_files/output/root/PoT_Nuance_event_files/11th_test_run/events_2412.root,43408,4,h100;h3;h1;h50
OK,/exp/uboone/data/users/jburridg/Nuance/NUANCE/NUANCE_event_files/output/root/PoT_Nuance_event_files/11th_test_run/events_2399.root,43281,4,h100;h3;h1;h50
OK,/exp/uboone/data/users/jburridg/Nuance/NUANCE/NUANCE_event_files/output/root/PoT_Nuance_event_files/11th_test_run/events_2859.root,41835,4,h100;h3;h1;h50
OK,/exp/uboone/data/users/jburridg/Nuance/NUANCE/NUANCE_event_files/output/root/PoT_Nuance_event_files/11th_test_run/events_1536.root,40914,4,h100;h3;h1;h50
OK,/exp/uboone/data/users/jburridg/Nuance/NUANCE/NUANCE_event_files/output/root/PoT_Nuance_event_files/11th_test_run/events_2402.root,42499,4,h100;h3;h1;h50
OK,/exp/uboone/data/users/jburridg/Nuance/NUANCE/NUANCE_event_files/output/root/PoT_Nuance_event_files/11th_test_run/events_2925.root,42394,4,h100;h3;h1;h50
OK,/exp/uboone/data/users/jburridg/Nuance/NUANCE/NUANCE_event_files/output/root/PoT_Nuance_event_files/11th_test_run/events_2913.root,43537,4,h100;h3;h1;h50
OK,/exp/uboone/data/users/jburridg/Nuance/NUANCE/NUANCE_event_files/output/root/PoT_Nuance_event_files/11th_test_run/events_2021.root,42858,4,h100;h3;h1;h50
OK,/exp/uboone/data/users/jburridg/Nuance/NUANCE/NUANCE_event_files/output/root/PoT_Nuance_event_files/11th_test_run/events_2607.root,43875,4,h100;h3;h1;h50
OK,/exp/uboone/data/users/jburridg/Nuance/NUANCE/NUANCE_event_files/output/root/PoT_Nuance_event_files/11th_test_run/events_1857.root,43274,4,h100;h3;h1;h50
OK,/exp/uboone/data/users/jburridg/Nuance/NUANCE/NUANCE_event_files/output/root/PoT_Nuance_event_files/11th_test_run/events_2677.root,42904,4,h100;h3;h1;h50
OK,/exp/uboone/data/users/jburridg/Nuance/NUANCE/NUANCE_event_files/output/root/PoT_Nuance_event_files/11th_test_run/events_1521.root,43790,4,h100;h3;h1;h50
OK,/exp/uboone/data/users/jburridg/Nuance/NUANCE/NUANCE_event_files/output/root/PoT_Nuance_event_files/11th_test_run/events_2434.root,45457,4,h100;h3;h1;h50
OK,/exp/uboone/data/users/jburridg/Nuance/NUANCE/NUANCE_event_files/output/root/PoT_Nuance_event_files/11th_test_run/events_2849.root,44296,4,h100;h3;h1;h50
OK,/exp/uboone/data/users/jburridg/Nuance/NUANCE/NUANCE_event_files/output/root/PoT_Nuance_event_files/11th_test_run/events_2102.root,43849,4,h100;h3;h1;h50
OK,/exp/uboone/data/users/jburridg/Nuance/NUANCE/NUANCE_event_files/output/root/PoT_Nuance_event_files/11th_test_run/events_2842.root,44877,4,h100;h3;h1;h50
OK,/exp/uboone/data/users/jburridg/Nuance/NUANCE/NUANCE_event_files/output/root/PoT_Nuance_event_files/11th_test_run/events_2190.root,43051,4,h100;h3;h1;h50
OK,/exp/uboone/data/users/jburridg/Nuance/NUANCE/NUANCE_event_files/output/root/PoT_Nuance_event_files/11th_test_run/events_2109.root,40228,4,h100;h3;h1;h50
OK,/exp/uboone/data/users/jburridg/Nuance/NUANCE/NUANCE_event_files/output/root/PoT_Nuance_event_files/11th_test_run/events_2530.root,41272,4,h100;h3;h1;h50
OK,/exp/uboone/data/users/jburridg/Nuance/NUANCE/NUANCE_event_files/output/root/PoT_Nuance_event_files/11th_test_run/events_1507.root,42563,4,h100;h3;h1;h50
OK,/exp/uboone/data/users/jburridg/Nuance/NUANCE/NUANCE_event_files/output/root/PoT_Nuance_event_files/11th_test_run/events_2806.root,43547,4,h100;h3;h1;h50
OK,/exp/uboone/data/users/jburridg/Nuance/NUANCE/NUANCE_event_files/output/root/PoT_Nuance_event_files/11th_test_run/events_2048.root,41995,4,h100;h3;h1;h50
OK,/exp/uboone/data/users/jburridg/Nuance/NUANCE/NUANCE_event_files/output/root/PoT_Nuance_event_files/11th_test_run/events_2738.root,40311,4,h100;h3;h1;h50
OK,/exp/uboone/data/users/jburridg/Nuance/NUANCE/NUANCE_event_files/output/root/PoT_Nuance_event_files/11th_test_run/events_1754.root,42619,4,h100;h3;h1;h50
OK,/exp/uboone/data/users/jburridg/Nuance/NUANCE/NUANCE_event_files/output/root/PoT_Nuance_event_files/11th_test_run/events_1937.root,43670,4,h100;h3;h1;h50
OK,/exp/uboone/data/users/jburridg/Nuance/NUANCE/NUANCE_event_files/output/root/PoT_Nuance_event_files/11th_test_run/events_2829.root,45392,4,h100;h3;h1;h50
OK,/exp/uboone/data/users/jburridg/Nuance/NUANCE/NUANCE_event_files/output/root/PoT_Nuance_event_files/11th_test_run/events_1742.root,45209,4,h100;h3;h1;h50
OK,/exp/uboone/data/users/jburridg/Nuance/NUANCE/NUANCE_event_files/output/root/PoT_Nuance_event_files/11th_test_run/events_2564.root,46260,4,h100;h3;h1;h50
OK,/exp/uboone/data/users/jburridg/Nuance/NUANCE/NUANCE_event_files/output/root/PoT_Nuance_event_files/11th_test_run/events_1588.root,44598,4,h100;h3;h1;h50
OK,/exp/uboone/data/users/jburridg/Nuance/NUANCE/NUANCE_event_files/output/root/PoT_Nuance_event_files/11th_test_run/events_2382.root,44795,4,h100;h3;h1;h50
OK,/exp/uboone/data/users/jburridg/Nuance/NUANCE/NUANCE_event_files/output/root/PoT_Nuance_event_files/11th_test_run/events_2357.root,42239,4,h100;h3;h1;h50
OK,/exp/uboone/data/users/jburridg/Nuance/NUANCE/NUANCE_event_files/output/root/PoT_Nuance_event_files/11th_test_run/events_1544.root,43164,4,h100;h3;h1;h50
OK,/exp/uboone/data/users/jburridg/Nuance/NUANCE/NUANCE_event_files/output/root/PoT_Nuance_event_files/11th_test_run/events_2315.root,43740,4,h100;h3;h1;h50
OK,/exp/uboone/data/users/jburridg/Nuance/NUANCE/NUANCE_event_files/output/root/PoT_Nuance_event_files/11th_test_run/events_2182.root,44223,4,h100;h3;h1;h50
OK,/exp/uboone/data/users/jburridg/Nuance/NUANCE/NUANCE_event_files/output/root/PoT_Nuance_event_files/11th_test_run/events_2960.root,42717,4,h100;h3;h1;h50
OK,/exp/uboone/data/users/jburridg/Nuance/NUANCE/NUANCE_event_files/output/root/PoT_Nuance_event_files/11th_test_run/events_1996.root,41670,4,h100;h3;h1;h50
OK,/exp/uboone/data/users/jburridg/Nuance/NUANCE/NUANCE_event_files/output/root/PoT_Nuance_event_files/11th_test_run/events_2340.root,41829,4,h100;h3;h1;h50
OK,/exp/uboone/data/users/jburridg/Nuance/NUANCE/NUANCE_event_files/output/root/PoT_Nuance_event_files/11th_test_run/events_2103.root,41499,4,h100;h3;h1;h50
OK,/exp/uboone/data/users/jburridg/Nuance/NUANCE/NUANCE_event_files/output/root/PoT_Nuance_event_files/11th_test_run/events_1789.root,41786,4,h100;h3;h1;h50
OK,/exp/uboone/data/users/jburridg/Nuance/NUANCE/NUANCE_event_files/output/root/PoT_Nuance_event_files/11th_test_run/events_2208.root,40349,4,h100;h3;h1;h50
OK,/exp/uboone/data/users/jburridg/Nuance/NUANCE/NUANCE_event_files/output/root/PoT_Nuance_event_files/11th_test_run/events_1667.root,43456,4,h100;h3;h1;h50
OK,/exp/uboone/data/users/jburridg/Nuance/NUANCE/NUANCE_event_files/output/root/PoT_Nuance_event_files/11th_test_run/events_2766.root,41678,4,h100;h3;h1;h50
