status,filepath,size_bytes,n_trees,tree_names
OK,/exp/uboone/data/users/jburridg/Nuance/NUANCE/NUANCE_event_files/output/root/PoT_Nuance_event_files/17th_test_run/events_6168.root,43671,4,h100;h3;h1;h50
OK,/exp/uboone/data/users/jburridg/Nuance/NUANCE/NUANCE_event_files/output/root/PoT_Nuance_event_files/17th_test_run/events_5777.root,44866,4,h100;h3;h1;h50
OK,/exp/uboone/data/users/jburridg/Nuance/NUANCE/NUANCE_event_files/output/root/PoT_Nuance_event_files/17th_test_run/events_5808.root,43051,4,h100;h3;h1;h50
OK,/exp/uboone/data/users/jburridg/Nuance/NUANCE/NUANCE_event_files/output/root/PoT_Nuance_event_files/17th_test_run/events_5853.root,42694,4,h100;h3;h1;h50
OK,/exp/uboone/data/users/jburridg/Nuance/NUANCE/NUANCE_event_files/output/root/PoT_Nuance_event_files/17th_test_run/events_5938.root,45666,4,h100;h3;h1;h50
OK,/exp/uboone/data/users/jburridg/Nuance/NUANCE/NUANCE_event_files/output/root/PoT_Nuance_event_files/17th_test_run/events_5968.root,41882,4,h100;h3;h1;h50
OK,/exp/uboone/data/users/jburridg/Nuance/NUANCE/NUANCE_event_files/output/root/PoT_Nuance_event_files/17th_test_run/events_6310.root,44683,4,h100;h3;h1;h50
OK,/exp/uboone/data/users/jburridg/Nuance/NUANCE/NUANCE_event_files/output/root/PoT_Nuance_event_files/17th_test_run/events_5925.root,44232,4,h100;h3;h1;h50
OK,/exp/uboone/data/users/jburridg/Nuance/NUANCE/NUANCE_event_files/output/root/PoT_Nuance_event_files/17th_test_run/events_6144.root,42907,4,h100;h3;h1;h50
OK,/exp/uboone/data/users/jburridg/Nuance/NUANCE/NUANCE_event_files/output/root/PoT_Nuance_event_files/17th_test_run/events_6177.root,41055,4,h100;h3;h1;h50
OK,/exp/uboone/data/users/jburridg/Nuance/NUANCE/NUANCE_event_files/output/root/PoT_Nuance_event_files/17th_test_run/events_6210.root,40855,4,h100;h3;h1;h50
OK,/exp/uboone/data/users/jburridg/Nuance/NUANCE/NUANCE_event_files/output/root/PoT_Nuance_event_files/17th_test_run/events_6225.root,42354,4,h100;h3;h1;h50
OK,/exp/uboone/data/users/jburridg/Nuance/NUANCE/NUANCE_event_files/output/root/PoT_Nuance_event_files/17th_test_run/events_5735.root,42811,4,h100;h3;h1;h50
OK,/exp/uboone/data/users/jburridg/Nuance/NUANCE/NUANCE_event_files/output/root/PoT_Nuance_event_files/17th_test_run/events_6076.root,43912,4,h100;h3;h1;h50
OK,/exp/uboone/data/users/jburridg/Nuance/NUANCE/NUANCE_event_files/output/root/PoT_Nuance_event_files/17th_test_run/events_6297.root,44230,4,h100;h3;h1;h50
OK,/exp/uboone/data/users/jburridg/Nuance/NUANCE/NUANCE_event_files/output/root/PoT_Nuance_event_files/17th_test_run/events_6388.root,45170,4,h100;h3;h1;h50
OK,/exp/uboone/data/users/jburridg/Nuance/NUANCE/NUANCE_event_files/output/root/PoT_Nuance_event_files/17th_test_run/events_5838.root,44611,4,h100;h3;h1;h50
OK,/exp/uboone/data/users/jburridg/Nuance/NUANCE/NUANCE_event_files/output/root/PoT_Nuance_event_files/17th_test_run/events_6419.root,44862,4,h100;h3;h1;h50
OK,/exp/uboone/data/users/jburridg/Nuance/NUANCE/NUANCE_event_files/output/root/PoT_Nuance_event_files/17th_test_run/events_6238.root,44387,4,h100;h3;h1;h50
OK,/exp/uboone/data/users/jburridg/Nuance/NUANCE/NUANCE_event_files/output/root/PoT_Nuance_event_files/17th_test_run/events_6253.root,43135,4,h100;h3;h1;h50
OK,/exp/uboone/data/users/jburridg/Nuance/NUANCE/NUANCE_event_files/output/root/PoT_Nuance_event_files/17th_test_run/events_6164.root,41541,4,h100;h3;h1;h50
OK,/exp/uboone/data/users/jburridg/Nuance/NUANCE/NUANCE_event_files/output/root/PoT_Nuance_event_files/17th_test_run/events_5874.root,43205,4,h100;h3;h1;h50
OK,/exp/uboone/data/users/jburridg/Nuance/NUANCE/NUANCE_event_files/output/root/PoT_Nuance_event_files/17th_test_run/events_5795.root,42979,4,h100;h3;h1;h50
OK,/exp/uboone/data/users/jburridg/Nuance/NUANCE/NUANCE_event_files/output/root/PoT_Nuance_event_files/17th_test_run/events_6308.root,41250,4,h100;h3;h1;h50
OK,/exp/uboone/data/users/jburridg/Nuance/NUANCE/NUANCE_event_files/output/root/PoT_Nuance_event_files/17th_test_run/events_6505.root,41660,4,h100;h3;h1;h50
OK,/exp/uboone/data/users/jburridg/Nuance/NUANCE/NUANCE_event_files/output/root/PoT_Nuance_event_files/17th_test_run/events_6415.root,41391,4,h100;h3;h1;h50
OK,/exp/uboone/data/users/jburridg/Nuance/NUANCE/NUANCE_event_files/output/root/PoT_Nuance_event_files/17th_test_run/events_5825.root,41655,4,h100;h3;h1;h50
OK,/exp/uboone/data/users/jburridg/Nuance/NUANCE/NUANCE_event_files/output/root/PoT_Nuance_event_files/17th_test_run/events_6141.root,42098,4,h100;h3;h1;h50
OK,/exp/uboone/data/users/jburridg/Nuance/NUANCE/NUANCE_event_files/output/root/PoT_Nuance_event_files/17th_test_run/events_5827.root,44109,4,h100;h3;h1;h50
OK,/exp/uboone/data/users/jburridg/Nuance/NUANCE/NUANCE_event_files/output/root/PoT_Nuance_event_files/17th_test_run/events_6028.root,42489,4,h100;h3;h1;h50
OK,/exp/uboone/data/users/jburridg/Nuance/NUANCE/NUANCE_event_files/output/root/PoT_Nuance_event_files/17th_test_run/events_6456.root,43383,4,h100;h3;h1;h50
OK,/exp/uboone/data/users/jburridg/Nuance/NUANCE/NUANCE_event_files/output/root/PoT_Nuance_event_files/17th_test_run/events_5717.root,45396,4,h100;h3;h1;h50
OK,/exp/uboone/data/users/jburridg/Nuance/NUANCE/NUANCE_event_files/output/root/PoT_Nuance_event_files/17th_test_run/events_5842.root,45297,4,h100;h3;h1;h50
OK,/exp/uboone/data/users/jburridg/Nuance/NUANCE/NUANCE_event_files/output/root/PoT_Nuance_event_files/17th_test_run/events_5780.root,43031,4,h100;h3;h1;h50
OK,/exp/uboone/data/users/jburridg/Nuance/NUANCE/NUANCE_event_files/output/root/PoT_Nuance_event_files/17th_test_run/events_5851.root,43898,4,h100;h3;h1;h50
OK,/exp/uboone/data/users/jburridg/Nuance/NUANCE/NUANCE_event_files/output/root/PoT_Nuance_event_files/17th_test_run/events_6596.root,41445,4,h100;h3;h1;h50
OK,/exp/uboone/data/users/jburridg/Nuance/NUANCE/NUANCE_event_files/output/root/PoT_Nuance_event_files/17th_test_run/events_6381.root,41929,4,h100;h3;h1;h50
OK,/exp/uboone/data/users/jburridg/Nuance/NUANCE/NUANCE_event_files/output/root/PoT_Nuance_event_files/17th_test_run/events_6215.root,41619,4,h100;h3;h1;h50
OK,/exp/uboone/data/users/jburridg/Nuance/NUANCE/NUANCE_event_files/output/root/PoT_Nuance_event_files/17th_test_run/events_6573.root,41417,4,h100;h3;h1;h50
OK,/exp/uboone/data/users/jburridg/Nuance/NUANCE/NUANCE_event_files/output/root/PoT_Nuance_event_files/17th_test_run/events_6116.root,42507,4,h100;h3;h1;h50
OK,/exp/uboone/data/users/jburridg/Nuance/NUANCE/NUANCE_event_files/output/root/PoT_Nuance_event_files/17th_test_run/events_6487.root,41833,4,h100;h3;h1;h50
OK,/exp/uboone/data/users/jburridg/Nuance/NUANCE/NUANCE_event_files/output/root/PoT_Nuance_event_files/17th_test_run/events_5895.root,41999,4,h100;h3;h1;h50
OK,/exp/uboone/data/users/jburridg/Nuance/NUANCE/NUANCE_event_files/output/root/PoT_Nuance_event_files/17th_test_run/events_5872.root,43176,4,h100;h3;h1;h50
OK,/exp/uboone/data/users/jburridg/Nuance/NUANCE/NUANCE_event_files/output/root/PoT_Nuance_event_files/17th_test_run/events_6560.root,42921,4,h100;h3;h1;h50
OK,/exp/uboone/data/users/jburridg/Nuance/NUANCE/NUANCE_event_files/output/root/PoT_Nuance_event_files/17th_test_run/events_5736.root,43014,4,h100;h3;h1;h50
OK,/exp/uboone/data/users/jburridg/Nuance/NUANCE/NUANCE_event_files/output/root/PoT_Nuance_event_files/17th_test_run/events_6377.root,42375,4,h100;h3;h1;h50
OK,/exp/uboone/data/users/jburridg/Nuance/NUANCE/NUANCE_event_files/output/root/PoT_Nuance_event_files/17th_test_run/events_6458.root,41841,4,h100;h3;h1;h50
OK,/exp/uboone/data/users/jburridg/Nuance/NUANCE/NUANCE_event_files/output/root/PoT_Nuance_event_files/17th_test_run/events_6016.root,41184,4,h100;h3;h1;h50
OK,/exp/uboone/data/users/jburridg/Nuance/NUANCE/NUANCE_event_files/output/root/PoT_Nuance_event_files/17th_test_run/events_6465.root,42617,4,h100;h3;h1;h50
OK,/exp/uboone/data/users/jburridg/Nuance/NUANCE/NUANCE_event_files/output/root/PoT_Nuance_event_files/17th_test_run/events_6428.root,43242,4,h100;h3;h1;h50
OK,/exp/uboone/data/users/jburridg/Nuance/NUANCE/NUANCE_event_files/output/root/PoT_Nuance_event_files/17th_test_run/events_5848.root,45099,4,h100;h3;h1;h50
OK,/exp/uboone/data/users/jburridg/Nuance/NUANCE/NUANCE_event_files/output/root/PoT_Nuance_event_files/17th_test_run/events_5969.root,41298,4,h100;h3;h1;h50
OK,/exp/uboone/data/users/jburridg/Nuance/NUANCE/NUANCE_event_files/output/root/PoT_Nuance_event_files/17th_test_run/events_6368.root,41100,4,h100;h3;h1;h50
OK,/exp/uboone/data/users/jburridg/Nuance/NUANCE/NUANCE_event_files/output/root/PoT_Nuance_event_files/17th_test_run/events_6349.root,43120,4,h100;h3;h1;h50
OK,/exp/uboone/data/users/jburridg/Nuance/NUANCE/NUANCE_event_files/output/root/PoT_Nuance_event_files/17th_test_run/events_6166.root,43173,4,h100;h3;h1;h50
OK,/exp/uboone/data/users/jburridg/Nuance/NUANCE/NUANCE_event_files/output/root/PoT_Nuance_event_files/17th_test_run/events_6111.root,45224,4,h100;h3;h1;h50
OK,/exp/uboone/data/users/jburridg/Nuance/NUANCE/NUANCE_event_files/output/root/PoT_Nuance_event_files/17th_test_run/events_6650.root,42566,4,h100;h3;h1;h50
OK,/exp/uboone/data/users/jburridg/Nuance/NUANCE/NUANCE_event_files/output/root/PoT_Nuance_event_files/17th_test_run/events_6698.root,43295,4,h100;h3;h1;h50
OK,/exp/uboone/data/users/jburridg/Nuance/NUANCE/NUANCE_event_files/output/root/PoT_Nuance_event_files/17th_test_run/events_5767.root,47161,4,h100;h3;h1;h50
OK,/exp/uboone/data/users/jburridg/Nuance/NUANCE/NUANCE_event_files/output/root/PoT_Nuance_event_files/17th_test_run/events_6323.root,40895,4,h100;h3;h1;h50
OK,/exp/uboone/data/users/jburridg/Nuance/NUANCE/NUANCE_event_files/output/root/PoT_Nuance_event_files/17th_test_run/events_5722.root,42300,4,h100;h3;h1;h50
OK,/exp/uboone/data/users/jburridg/Nuance/NUANCE/NUANCE_event_files/output/root/PoT_Nuance_event_files/17th_test_run/events_6616.root,43288,4,h100;h3;h1;h50
OK,/exp/uboone/data/users/jburridg/Nuance/NUANCE/NUANCE_event_files/output/root/PoT_Nuance_event_files/17th_test_run/events_6139.root,44204,4,h100;h3;h1;h50
OK,/exp/uboone/data/users/jburridg/Nuance/NUANCE/NUANCE_event_files/output/root/PoT_Nuance_event_files/17th_test_run/events_6337.root,42517,4,h100;h3;h1;h50
OK,/exp/uboone/data/users/jburridg/Nuance/NUANCE/NUANCE_event_files/output/root/PoT_Nuance_event_files/17th_test_run/events_5861.root,43147,4,h100;h3;h1;h50
OK,/exp/uboone/data/users/jburridg/Nuance/NUANCE/NUANCE_event_files/output/root/PoT_Nuance_event_files/17th_test_run/events_6345.root,42959,4,h100;h3;h1;h50
OK,/exp/uboone/data/users/jburridg/Nuance/NUANCE/NUANCE_event_files/output/root/PoT_Nuance_event_files/17th_test_run/events_6348.root,43283,4,h100;h3;h1;h50
OK,/exp/uboone/data/users/jburridg/Nuance/NUANCE/NUANCE_event_files/output/root/PoT_Nuance_event_files/17th_test_run/events_6542.root,43092,4,h100;h3;h1;h50
OK,/exp/uboone/data/users/jburridg/Nuance/NUANCE/NUANCE_event_files/output/root/PoT_Nuance_event_files/17th_test_run/events_6151.root,47127,4,h100;h3;h1;h50
OK,/exp/uboone/data/users/jburridg/Nuance/NUANCE/NUANCE_event_files/output/root/PoT_Nuance_event_files/17th_test_run/events_6041.root,44185,4,h100;h3;h1;h50
OK,/exp/uboone/data/users/jburridg/Nuance/NUANCE/NUANCE_event_files/output/root/PoT_Nuance_event_files/17th_test_run/events_6231.root,43239,4,h100;h3;h1;h50
OK,/exp/uboone/data/users/jburridg/Nuance/NUANCE/NUANCE_event_files/output/root/PoT_Nuance_event_files/17th_test_run/events_5885.root,43281,4,h100;h3;h1;h50
OK,/exp/uboone/data/users/jburridg/Nuance/NUANCE/NUANCE_event_files/output/root/PoT_Nuance_event_files/17th_test_run/events_5880.root,44716,4,h100;h3;h1;h50
OK,/exp/uboone/data/users/jburridg/Nuance/NUANCE/NUANCE_event_files/output/root/PoT_Nuance_event_files/17th_test_run/events_6224.root,42792,4,h100;h3;h1;h50
OK,/exp/uboone/data/users/jburridg/Nuance/NUANCE/NUANCE_event_files/output/root/PoT_Nuance_event_files/17th_test_run/events_6307.root,43823,4,h100;h3;h1;h50
OK,/exp/uboone/data/users/jburridg/Nuance/NUANCE/NUANCE_event_files/output/root/PoT_Nuance_event_files/17th_test_run/events_6599.root,43928,4,h100;h3;h1;h50
OK,/exp/uboone/data/users/jburridg/Nuance/NUANCE/NUANCE_event_files/output/root/PoT_Nuance_event_files/17th_test_run/events_6463.root,42434,4,h100;h3;h1;h50
OK,/exp/uboone/data/users/jburridg/Nuance/NUANCE/NUANCE_event_files/output/root/PoT_Nuance_event_files/17th_test_run/events_6504.root,40828,4,h100;h3;h1;h50
OK,/exp/uboone/data/users/jburridg/Nuance/NUANCE/NUANCE_event_files/output/root/PoT_Nuance_event_files/17th_test_run/events_6051.root,43562,4,h100;h3;h1;h50
OK,/exp/uboone/data/users/jburridg/Nuance/NUANCE/NUANCE_event_files/output/root/PoT_Nuance_event_files/17th_test_run/events_6261.root,42938,4,h100;h3;h1;h50
OK,/exp/uboone/data/users/jburridg/Nuance/NUANCE/NUANCE_event_files/output/root/PoT_Nuance_event_files/17th_test_run/events_6036.root,42461,4,h100;h3;h1;h50
OK,/exp/uboone/data/users/jburridg/Nuance/NUANCE/NUANCE_event_files/output/root/PoT_Nuance_event_files/17th_test_run/events_6615.root,40970,4,h100;h3;h1;h50
OK,/exp/uboone/data/users/jburridg/Nuance/NUANCE/NUANCE_event_files/output/root/PoT_Nuance_event_files/17th_test_run/events_6700.root,41959,4,h100;h3;h1;h50
OK,/exp/uboone/data/users/jburridg/Nuance/NUANCE/NUANCE_event_files/output/root/PoT_Nuance_event_files/17th_test_run/events_6192.root,42385,4,h100;h3;h1;h50
OK,/exp/uboone/data/users/jburridg/Nuance/NUANCE/NUANCE_event_files/output/root/PoT_Nuance_event_files/17th_test_run/events_5770.root,43528,4,h100;h3;h1;h50
OK,/exp/uboone/data/users/jburridg/Nuance/NUANCE/NUANCE_event_files/output/root/PoT_Nuance_event_files/17th_test_run/events_6091.root,43310,4,h100;h3;h1;h50
OK,/exp/uboone/data/users/jburridg/Nuance/NUANCE/NUANCE_event_files/output/root/PoT_Nuance_event_files/17th_test_run/events_5951.root,44544,4,h100;h3;h1;h50
OK,/exp/uboone/data/users/jburridg/Nuance/NUANCE/NUANCE_event_files/output/root/PoT_Nuance_event_files/17th_test_run/events_5900.root,42836,4,h100;h3;h1;h50
OK,/exp/uboone/data/users/jburridg/Nuance/NUANCE/NUANCE_event_files/output/root/PoT_Nuance_event_files/17th_test_run/events_5916.root,43031,4,h100;h3;h1;h50
OK,/exp/uboone/data/users/jburridg/Nuance/NUANCE/NUANCE_event_files/output/root/PoT_Nuance_event_files/17th_test_run/events_5741.root,43121,4,h100;h3;h1;h50
OK,/exp/uboone/data/users/jburridg/Nuance/NUANCE/NUANCE_event_files/output/root/PoT_Nuance_event_files/17th_test_run/events_6452.root,44175,4,h100;h3;h1;h50
OK,/exp/uboone/data/users/jburridg/Nuance/NUANCE/NUANCE_event_files/output/root/PoT_Nuance_event_files/17th_test_run/events_6425.root,45434,4,h100;h3;h1;h50
OK,/exp/uboone/data/users/jburridg/Nuance/NUANCE/NUANCE_event_files/output/root/PoT_Nuance_event_files/17th_test_run/events_5927.root,43943,4,h100;h3;h1;h50
OK,/exp/uboone/data/users/jburridg/Nuance/NUANCE/NUANCE_event_files/output/root/PoT_Nuance_event_files/17th_test_run/events_6662.root,43034,4,h100;h3;h1;h50
OK,/exp/uboone/data/users/jburridg/Nuance/NUANCE/NUANCE_event_files/output/root/PoT_Nuance_event_files/17th_test_run/events_6356.root,41973,4,h100;h3;h1;h50
OK,/exp/uboone/data/users/jburridg/Nuance/NUANCE/NUANCE_event_files/output/root/PoT_Nuance_event_files/17th_test_run/events_6093.root,45331,4,h100;h3;h1;h50
OK,/exp/uboone/data/users/jburridg/Nuance/NUANCE/NUANCE_event_files/output/root/PoT_Nuance_event_files/17th_test_run/events_6211.root,42679,4,h100;h3;h1;h50
OK,/exp/uboone/data/users/jburridg/Nuance/NUANCE/NUANCE_event_files/output/root/PoT_Nuance_event_files/17th_test_run/events_6202.root,42332,4,h100;h3;h1;h50
OK,/exp/uboone/data/users/jburridg/Nuance/NUANCE/NUANCE_event_files/output/root/PoT_Nuance_event_files/17th_test_run/events_5945.root,41986,4,h100;h3;h1;h50
OK,/exp/uboone/data/users/jburridg/Nuance/NUANCE/NUANCE_event_files/output/root/PoT_Nuance_event_files/17th_test_run/events_6593.root,44199,4,h100;h3;h1;h50
OK,/exp/uboone/data/users/jburridg/Nuance/NUANCE/NUANCE_event_files/output/root/PoT_Nuance_event_files/17th_test_run/events_6404.root,42094,4,h100;h3;h1;h50
OK,/exp/uboone/data/users/jburridg/Nuance/NUANCE/NUANCE_event_files/output/root/PoT_Nuance_event_files/17th_test_run/events_6606.root,42891,4,h100;h3;h1;h50
OK,/exp/uboone/data/users/jburridg/Nuance/NUANCE/NUANCE_event_files/output/root/PoT_Nuance_event_files/17th_test_run/events_6100.root,43268,4,h100;h3;h1;h50
OK,/exp/uboone/data/users/jburridg/Nuance/NUANCE/NUANCE_event_files/output/root/PoT_Nuance_event_files/17th_test_run/events_6633.root,45489,4,h100;h3;h1;h50
OK,/exp/uboone/data/users/jburridg/Nuance/NUANCE/NUANCE_event_files/output/root/PoT_Nuance_event_files/17th_test_run/events_6466.root,40455,4,h100;h3;h1;h50
OK,/exp/uboone/data/users/jburridg/Nuance/NUANCE/NUANCE_event_files/output/root/PoT_Nuance_event_files/17th_test_run/events_6652.root,46249,4,h100;h3;h1;h50
OK,/exp/uboone/data/users/jburridg/Nuance/NUANCE/NUANCE_event_files/output/root/PoT_Nuance_event_files/17th_test_run/events_6623.root,43410,4,h100;h3;h1;h50
OK,/exp/uboone/data/users/jburridg/Nuance/NUANCE/NUANCE_event_files/output/root/PoT_Nuance_event_files/17th_test_run/events_5751.root,41997,4,h100;h3;h1;h50
OK,/exp/uboone/data/users/jburridg/Nuance/NUANCE/NUANCE_event_files/output/root/PoT_Nuance_event_files/17th_test_run/events_6299.root,43264,4,h100;h3;h1;h50
OK,/exp/uboone/data/users/jburridg/Nuance/NUANCE/NUANCE_event_files/output/root/PoT_Nuance_event_files/17th_test_run/events_6457.root,43638,4,h100;h3;h1;h50
OK,/exp/uboone/data/users/jburridg/Nuance/NUANCE/NUANCE_event_files/output/root/PoT_Nuance_event_files/17th_test_run/events_6038.root,42906,4,h100;h3;h1;h50
OK,/exp/uboone/data/users/jburridg/Nuance/NUANCE/NUANCE_event_files/output/root/PoT_Nuance_event_files/17th_test_run/events_6527.root,42914,4,h100;h3;h1;h50
OK,/exp/uboone/data/users/jburridg/Nuance/NUANCE/NUANCE_event_files/output/root/PoT_Nuance_event_files/17th_test_run/events_5787.root,41435,4,h100;h3;h1;h50
OK,/exp/uboone/data/users/jburridg/Nuance/NUANCE/NUANCE_event_files/output/root/PoT_Nuance_event_files/17th_test_run/events_6294.root,43055,4,h100;h3;h1;h50
OK,/exp/uboone/data/users/jburridg/Nuance/NUANCE/NUANCE_event_files/output/root/PoT_Nuance_event_files/17th_test_run/events_6567.root,41785,4,h100;h3;h1;h50
OK,/exp/uboone/data/users/jburridg/Nuance/NUANCE/NUANCE_event_files/output/root/PoT_Nuance_event_files/17th_test_run/events_6252.root,45431,4,h100;h3;h1;h50
OK,/exp/uboone/data/users/jburridg/Nuance/NUANCE/NUANCE_event_files/output/root/PoT_Nuance_event_files/17th_test_run/events_6572.root,41664,4,h100;h3;h1;h50
OK,/exp/uboone/data/users/jburridg/Nuance/NUANCE/NUANCE_event_files/output/root/PoT_Nuance_event_files/17th_test_run/events_5782.root,43917,4,h100;h3;h1;h50
OK,/exp/uboone/data/users/jburridg/Nuance/NUANCE/NUANCE_event_files/output/root/PoT_Nuance_event_files/17th_test_run/events_6341.root,45372,4,h100;h3;h1;h50
OK,/exp/uboone/data/users/jburridg/Nuance/NUANCE/NUANCE_event_files/output/root/PoT_Nuance_event_files/17th_test_run/events_5980.root,40295,4,h100;h3;h1;h50
OK,/exp/uboone/data/users/jburridg/Nuance/NUANCE/NUANCE_event_files/output/root/PoT_Nuance_event_files/17th_test_run/events_6519.root,43272,4,h100;h3;h1;h50
OK,/exp/uboone/data/users/jburridg/Nuance/NUANCE/NUANCE_event_files/output/root/PoT_Nuance_event_files/17th_test_run/events_6657.root,43816,4,h100;h3;h1;h50
OK,/exp/uboone/data/users/jburridg/Nuance/NUANCE/NUANCE_event_files/output/root/PoT_Nuance_event_files/17th_test_run/events_5957.root,43431,4,h100;h3;h1;h50
OK,/exp/uboone/data/users/jburridg/Nuance/NUANCE/NUANCE_event_files/output/root/PoT_Nuance_event_files/17th_test_run/events_6405.root,41250,4,h100;h3;h1;h50
OK,/exp/uboone/data/users/jburridg/Nuance/NUANCE/NUANCE_event_files/output/root/PoT_Nuance_event_files/17th_test_run/events_6693.root,42476,4,h100;h3;h1;h50
OK,/exp/uboone/data/users/jburridg/Nuance/NUANCE/NUANCE_event_files/output/root/PoT_Nuance_event_files/17th_test_run/events_6522.root,44509,4,h100;h3;h1;h50
OK,/exp/uboone/data/users/jburridg/Nuance/NUANCE/NUANCE_event_files/output/root/PoT_Nuance_event_files/17th_test_run/events_6484.root,43144,4,h100;h3;h1;h50
OK,/exp/uboone/data/users/jburridg/Nuance/NUANCE/NUANCE_event_files/output/root/PoT_Nuance_event_files/17th_test_run/events_5940.root,43915,4,h100;h3;h1;h50
OK,/exp/uboone/data/users/jburridg/Nuance/NUANCE/NUANCE_event_files/output/root/PoT_Nuance_event_files/17th_test_run/events_6641.root,44024,4,h100;h3;h1;h50
OK,/exp/uboone/data/users/jburridg/Nuance/NUANCE/NUANCE_event_files/output/root/PoT_Nuance_event_files/17th_test_run/events_6172.root,42206,4,h100;h3;h1;h50
OK,/exp/uboone/data/users/jburridg/Nuance/NUANCE/NUANCE_event_files/output/root/PoT_Nuance_event_files/17th_test_run/events_5870.root,42857,4,h100;h3;h1;h50
OK,/exp/uboone/data/users/jburridg/Nuance/NUANCE/NUANCE_event_files/output/root/PoT_Nuance_event_files/17th_test_run/events_5981.root,44997,4,h100;h3;h1;h50
OK,/exp/uboone/data/users/jburridg/Nuance/NUANCE/NUANCE_event_files/output/root/PoT_Nuance_event_files/17th_test_run/events_5862.root,42326,4,h100;h3;h1;h50
OK,/exp/uboone/data/users/jburridg/Nuance/NUANCE/NUANCE_event_files/output/root/PoT_Nuance_event_files/17th_test_run/events_6479.root,43778,4,h100;h3;h1;h50
OK,/exp/uboone/data/users/jburridg/Nuance/NUANCE/NUANCE_event_files/output/root/PoT_Nuance_event_files/17th_test_run/events_6442.root,40178,4,h100;h3;h1;h50
OK,/exp/uboone/data/users/jburridg/Nuance/NUANCE/NUANCE_event_files/output/root/PoT_Nuance_event_files/17th_test_run/events_6516.root,41941,4,h100;h3;h1;h50
OK,/exp/uboone/data/users/jburridg/Nuance/NUANCE/NUANCE_event_files/output/root/PoT_Nuance_event_files/17th_test_run/events_6684.root,42548,4,h100;h3;h1;h50
OK,/exp/uboone/data/users/jburridg/Nuance/NUANCE/NUANCE_event_files/output/root/PoT_Nuance_event_files/17th_test_run/events_6514.root,41664,4,h100;h3;h1;h50
OK,/exp/uboone/data/users/jburridg/Nuance/NUANCE/NUANCE_event_files/output/root/PoT_Nuance_event_files/17th_test_run/events_6027.root,41650,4,h100;h3;h1;h50
OK,/exp/uboone/data/users/jburridg/Nuance/NUANCE/NUANCE_event_files/output/root/PoT_Nuance_event_files/17th_test_run/events_5893.root,45115,4,h100;h3;h1;h50
OK,/exp/uboone/data/users/jburridg/Nuance/NUANCE/NUANCE_event_files/output/root/PoT_Nuance_event_files/17th_test_run/events_5737.root,41813,4,h100;h3;h1;h50
OK,/exp/uboone/data/users/jburridg/Nuance/NUANCE/NUANCE_event_files/output/root/PoT_Nuance_event_files/17th_test_run/events_6002.root,44558,4,h100;h3;h1;h50
OK,/exp/uboone/data/users/jburridg/Nuance/NUANCE/NUANCE_event_files/output/root/PoT_Nuance_event_files/17th_test_run/events_5729.root,41855,4,h100;h3;h1;h50
OK,/exp/uboone/data/users/jburridg/Nuance/NUANCE/NUANCE_event_files/output/root/PoT_Nuance_event_files/17th_test_run/events_6321.root,44711,4,h100;h3;h1;h50
OK,/exp/uboone/data/users/jburridg/Nuance/NUANCE/NUANCE_event_files/output/root/PoT_Nuance_event_files/17th_test_run/events_6230.root,43935,4,h100;h3;h1;h50
OK,/exp/uboone/data/users/jburridg/Nuance/NUANCE/NUANCE_event_files/output/root/PoT_Nuance_event_files/17th_test_run/events_6603.root,42124,4,h100;h3;h1;h50
OK,/exp/uboone/data/users/jburridg/Nuance/NUANCE/NUANCE_event_files/output/root/PoT_Nuance_event_files/17th_test_run/events_6694.root,41443,4,h100;h3;h1;h50
OK,/exp/uboone/data/users/jburridg/Nuance/NUANCE/NUANCE_event_files/output/root/PoT_Nuance_event_files/17th_test_run/events_6154.root,40874,4,h100;h3;h1;h50
OK,/exp/uboone/data/users/jburridg/Nuance/NUANCE/NUANCE_event_files/output/root/PoT_Nuance_event_files/17th_test_run/events_5876.root,43726,4,h100;h3;h1;h50
OK,/exp/uboone/data/users/jburridg/Nuance/NUANCE/NUANCE_event_files/output/root/PoT_Nuance_event_files/17th_test_run/events_5719.root,44604,4,h100;h3;h1;h50
OK,/exp/uboone/data/users/jburridg/Nuance/NUANCE/NUANCE_event_files/output/root/PoT_Nuance_event_files/17th_test_run/events_6271.root,41743,4,h100;h3;h1;h50
OK,/exp/uboone/data/users/jburridg/Nuance/NUANCE/NUANCE_event_files/output/root/PoT_Nuance_event_files/17th_test_run/events_5988.root,42189,4,h100;h3;h1;h50
OK,/exp/uboone/data/users/jburridg/Nuance/NUANCE/NUANCE_event_files/output/root/PoT_Nuance_event_files/17th_test_run/events_5815.root,46531,4,h100;h3;h1;h50
OK,/exp/uboone/data/users/jburridg/Nuance/NUANCE/NUANCE_event_files/output/root/PoT_Nuance_event_files/17th_test_run/events_6687.root,43551,4,h100;h3;h1;h50
OK,/exp/uboone/data/users/jburridg/Nuance/NUANCE/NUANCE_event_files/output/root/PoT_Nuance_event_files/17th_test_run/events_6162.root,43317,4,h100;h3;h1;h50
OK,/exp/uboone/data/users/jburridg/Nuance/NUANCE/NUANCE_event_files/output/root/PoT_Nuance_event_files/17th_test_run/events_5908.root,41653,4,h100;h3;h1;h50
OK,/exp/uboone/data/users/jburridg/Nuance/NUANCE/NUANCE_event_files/output/root/PoT_Nuance_event_files/17th_test_run/events_6366.root,43071,4,h100;h3;h1;h50
OK,/exp/uboone/data/users/jburridg/Nuance/NUANCE/NUANCE_event_files/output/root/PoT_Nuance_event_files/17th_test_run/events_6418.root,45820,4,h100;h3;h1;h50
OK,/exp/uboone/data/users/jburridg/Nuance/NUANCE/NUANCE_event_files/output/root/PoT_Nuance_event_files/17th_test_run/events_5738.root,43325,4,h100;h3;h1;h50
OK,/exp/uboone/data/users/jburridg/Nuance/NUANCE/NUANCE_event_files/output/root/PoT_Nuance_event_files/17th_test_run/events_5730.root,42046,4,h100;h3;h1;h50
OK,/exp/uboone/data/users/jburridg/Nuance/NUANCE/NUANCE_event_files/output/root/PoT_Nuance_event_files/17th_test_run/events_6459.root,42951,4,h100;h3;h1;h50
OK,/exp/uboone/data/users/jburridg/Nuance/NUANCE/NUANCE_event_files/output/root/PoT_Nuance_event_files/17th_test_run/events_6604.root,41408,4,h100;h3;h1;h50
OK,/exp/uboone/data/users/jburridg/Nuance/NUANCE/NUANCE_event_files/output/root/PoT_Nuance_event_files/17th_test_run/events_5723.root,43375,4,h100;h3;h1;h50
OK,/exp/uboone/data/users/jburridg/Nuance/NUANCE/NUANCE_event_files/output/root/PoT_Nuance_event_files/17th_test_run/events_5996.root,45220,4,h100;h3;h1;h50
OK,/exp/uboone/data/users/jburridg/Nuance/NUANCE/NUANCE_event_files/output/root/PoT_Nuance_event_files/17th_test_run/events_6509.root,44846,4,h100;h3;h1;h50
OK,/exp/uboone/data/users/jburridg/Nuance/NUANCE/NUANCE_event_files/output/root/PoT_Nuance_event_files/17th_test_run/events_6163.root,41718,4,h100;h3;h1;h50
OK,/exp/uboone/data/users/jburridg/Nuance/NUANCE/NUANCE_event_files/output/root/PoT_Nuance_event_files/17th_test_run/events_5830.root,44973,4,h100;h3;h1;h50
OK,/exp/uboone/data/users/jburridg/Nuance/NUANCE/NUANCE_event_files/output/root/PoT_Nuance_event_files/17th_test_run/events_5818.root,44595,4,h100;h3;h1;h50
OK,/exp/uboone/data/users/jburridg/Nuance/NUANCE/NUANCE_event_files/output/root/PoT_Nuance_event_files/17th_test_run/events_5978.root,41869,4,h100;h3;h1;h50
OK,/exp/uboone/data/users/jburridg/Nuance/NUANCE/NUANCE_event_files/output/root/PoT_Nuance_event_files/17th_test_run/events_6370.root,43556,4,h100;h3;h1;h50
OK,/exp/uboone/data/users/jburridg/Nuance/NUANCE/NUANCE_event_files/output/root/PoT_Nuance_event_files/17th_test_run/events_5797.root,44846,4,h100;h3;h1;h50
OK,/exp/uboone/data/users/jburridg/Nuance/NUANCE/NUANCE_event_files/output/root/PoT_Nuance_event_files/17th_test_run/events_5823.root,43290,4,h100;h3;h1;h50
OK,/exp/uboone/data/users/jburridg/Nuance/NUANCE/NUANCE_event_files/output/root/PoT_Nuance_event_files/17th_test_run/events_6087.root,43442,4,h100;h3;h1;h50
OK,/exp/uboone/data/users/jburridg/Nuance/NUANCE/NUANCE_event_files/output/root/PoT_Nuance_event_files/17th_test_run/events_6631.root,46796,4,h100;h3;h1;h50
OK,/exp/uboone/data/users/jburridg/Nuance/NUANCE/NUANCE_event_files/output/root/PoT_Nuance_event_files/17th_test_run/events_5796.root,43755,4,h100;h3;h1;h50
OK,/exp/uboone/data/users/jburridg/Nuance/NUANCE/NUANCE_event_files/output/root/PoT_Nuance_event_files/17th_test_run/events_5788.root,44569,4,h100;h3;h1;h50
OK,/exp/uboone/data/users/jburridg/Nuance/NUANCE/NUANCE_event_files/output/root/PoT_Nuance_event_files/17th_test_run/events_6292.root,40956,4,h100;h3;h1;h50
OK,/exp/uboone/data/users/jburridg/Nuance/NUANCE/NUANCE_event_files/output/root/PoT_Nuance_event_files/17th_test_run/events_5793.root,42275,4,h100;h3;h1;h50
OK,/exp/uboone/data/users/jburridg/Nuance/NUANCE/NUANCE_event_files/output/root/PoT_Nuance_event_files/17th_test_run/events_6375.root,41391,4,h100;h3;h1;h50
OK,/exp/uboone/data/users/jburridg/Nuance/NUANCE/NUANCE_event_files/output/root/PoT_Nuance_event_files/17th_test_run/events_6680.root,45958,4,h100;h3;h1;h50
OK,/exp/uboone/data/users/jburridg/Nuance/NUANCE/NUANCE_event_files/output/root/PoT_Nuance_event_files/17th_test_run/events_5707.root,42230,4,h100;h3;h1;h50
OK,/exp/uboone/data/users/jburridg/Nuance/NUANCE/NUANCE_event_files/output/root/PoT_Nuance_event_files/17th_test_run/events_6155.root,43546,4,h100;h3;h1;h50
OK,/exp/uboone/data/users/jburridg/Nuance/NUANCE/NUANCE_event_files/output/root/PoT_Nuance_event_files/17th_test_run/events_6008.root,41928,4,h100;h3;h1;h50
OK,/exp/uboone/data/users/jburridg/Nuance/NUANCE/NUANCE_event_files/output/root/PoT_Nuance_event_files/17th_test_run/events_5954.root,42283,4,h100;h3;h1;h50
OK,/exp/uboone/data/users/jburridg/Nuance/NUANCE/NUANCE_event_files/output/root/PoT_Nuance_event_files/17th_test_run/events_6281.root,45259,4,h100;h3;h1;h50
OK,/exp/uboone/data/users/jburridg/Nuance/NUANCE/NUANCE_event_files/output/root/PoT_Nuance_event_files/17th_test_run/events_6374.root,41206,4,h100;h3;h1;h50
OK,/exp/uboone/data/users/jburridg/Nuance/NUANCE/NUANCE_event_files/output/root/PoT_Nuance_event_files/17th_test_run/events_6001.root,44059,4,h100;h3;h1;h50
OK,/exp/uboone/data/users/jburridg/Nuance/NUANCE/NUANCE_event_files/output/root/PoT_Nuance_event_files/17th_test_run/events_6006.root,43772,4,h100;h3;h1;h50
OK,/exp/uboone/data/users/jburridg/Nuance/NUANCE/NUANCE_event_files/output/root/PoT_Nuance_event_files/17th_test_run/events_6081.root,42027,4,h100;h3;h1;h50
OK,/exp/uboone/data/users/jburridg/Nuance/NUANCE/NUANCE_event_files/output/root/PoT_Nuance_event_files/17th_test_run/events_6066.root,46391,4,h100;h3;h1;h50
OK,/exp/uboone/data/users/jburridg/Nuance/NUANCE/NUANCE_event_files/output/root/PoT_Nuance_event_files/17th_test_run/events_6393.root,45375,4,h100;h3;h1;h50
OK,/exp/uboone/data/users/jburridg/Nuance/NUANCE/NUANCE_event_files/output/root/PoT_Nuance_event_files/17th_test_run/events_6242.root,44040,4,h100;h3;h1;h50
OK,/exp/uboone/data/users/jburridg/Nuance/NUANCE/NUANCE_event_files/output/root/PoT_Nuance_event_files/17th_test_run/events_6536.root,41296,4,h100;h3;h1;h50
OK,/exp/uboone/data/users/jburridg/Nuance/NUANCE/NUANCE_event_files/output/root/PoT_Nuance_event_files/17th_test_run/events_5803.root,43706,4,h100;h3;h1;h50
OK,/exp/uboone/data/users/jburridg/Nuance/NUANCE/NUANCE_event_files/output/root/PoT_Nuance_event_files/17th_test_run/events_6654.root,43171,4,h100;h3;h1;h50
OK,/exp/uboone/data/users/jburridg/Nuance/NUANCE/NUANCE_event_files/output/root/PoT_Nuance_event_files/17th_test_run/events_6421.root,45237,4,h100;h3;h1;h50
OK,/exp/uboone/data/users/jburridg/Nuance/NUANCE/NUANCE_event_files/output/root/PoT_Nuance_event_files/17th_test_run/events_6438.root,43126,4,h100;h3;h1;h50
OK,/exp/uboone/data/users/jburridg/Nuance/NUANCE/NUANCE_event_files/output/root/PoT_Nuance_event_files/17th_test_run/events_6668.root,42786,4,h100;h3;h1;h50
OK,/exp/uboone/data/users/jburridg/Nuance/NUANCE/NUANCE_event_files/output/root/PoT_Nuance_event_files/17th_test_run/events_5790.root,41993,4,h100;h3;h1;h50
OK,/exp/uboone/data/users/jburridg/Nuance/NUANCE/NUANCE_event_files/output/root/PoT_Nuance_event_files/17th_test_run/events_5958.root,42477,4,h100;h3;h1;h50
OK,/exp/uboone/data/users/jburridg/Nuance/NUANCE/NUANCE_event_files/output/root/PoT_Nuance_event_files/17th_test_run/events_5924.root,41974,4,h100;h3;h1;h50
OK,/exp/uboone/data/users/jburridg/Nuance/NUANCE/NUANCE_event_files/output/root/PoT_Nuance_event_files/17th_test_run/events_6123.root,42606,4,h100;h3;h1;h50
OK,/exp/uboone/data/users/jburridg/Nuance/NUANCE/NUANCE_event_files/output/root/PoT_Nuance_event_files/17th_test_run/events_5966.root,42082,4,h100;h3;h1;h50
OK,/exp/uboone/data/users/jburridg/Nuance/NUANCE/NUANCE_event_files/output/root/PoT_Nuance_event_files/17th_test_run/events_6555.root,41293,4,h100;h3;h1;h50
OK,/exp/uboone/data/users/jburridg/Nuance/NUANCE/NUANCE_event_files/output/root/PoT_Nuance_event_files/17th_test_run/events_6534.root,45426,4,h100;h3;h1;h50
OK,/exp/uboone/data/users/jburridg/Nuance/NUANCE/NUANCE_event_files/output/root/PoT_Nuance_event_files/17th_test_run/events_6303.root,44728,4,h100;h3;h1;h50
OK,/exp/uboone/data/users/jburridg/Nuance/NUANCE/NUANCE_event_files/output/root/PoT_Nuance_event_files/17th_test_run/events_5898.root,42496,4,h100;h3;h1;h50
OK,/exp/uboone/data/users/jburridg/Nuance/NUANCE/NUANCE_event_files/output/root/PoT_Nuance_event_files/17th_test_run/events_6132.root,44412,4,h100;h3;h1;h50
OK,/exp/uboone/data/users/jburridg/Nuance/NUANCE/NUANCE_event_files/output/root/PoT_Nuance_event_files/17th_test_run/events_6046.root,41917,4,h100;h3;h1;h50
OK,/exp/uboone/data/users/jburridg/Nuance/NUANCE/NUANCE_event_files/output/root/PoT_Nuance_event_files/17th_test_run/events_6216.root,45053,4,h100;h3;h1;h50
OK,/exp/uboone/data/users/jburridg/Nuance/NUANCE/NUANCE_event_files/output/root/PoT_Nuance_event_files/17th_test_run/events_6273.root,46832,4,h100;h3;h1;h50
OK,/exp/uboone/data/users/jburridg/Nuance/NUANCE/NUANCE_event_files/output/root/PoT_Nuance_event_files/17th_test_run/events_6334.root,43234,4,h100;h3;h1;h50
OK,/exp/uboone/data/users/jburridg/Nuance/NUANCE/NUANCE_event_files/output/root/PoT_Nuance_event_files/17th_test_run/events_5998.root,42929,4,h100;h3;h1;h50
OK,/exp/uboone/data/users/jburridg/Nuance/NUANCE/NUANCE_event_files/output/root/PoT_Nuance_event_files/17th_test_run/events_6018.root,43392,4,h100;h3;h1;h50
OK,/exp/uboone/data/users/jburridg/Nuance/NUANCE/NUANCE_event_files/output/root/PoT_Nuance_event_files/17th_test_run/events_6288.root,44378,4,h100;h3;h1;h50
OK,/exp/uboone/data/users/jburridg/Nuance/NUANCE/NUANCE_event_files/output/root/PoT_Nuance_event_files/17th_test_run/events_6498.root,38784,4,h100;h3;h1;h50
OK,/exp/uboone/data/users/jburridg/Nuance/NUANCE/NUANCE_event_files/output/root/PoT_Nuance_event_files/17th_test_run/events_5865.root,42868,4,h100;h3;h1;h50
OK,/exp/uboone/data/users/jburridg/Nuance/NUANCE/NUANCE_event_files/output/root/PoT_Nuance_event_files/17th_test_run/events_6387.root,41358,4,h100;h3;h1;h50
OK,/exp/uboone/data/users/jburridg/Nuance/NUANCE/NUANCE_event_files/output/root/PoT_Nuance_event_files/17th_test_run/events_6077.root,40323,4,h100;h3;h1;h50
OK,/exp/uboone/data/users/jburridg/Nuance/NUANCE/NUANCE_event_files/output/root/PoT_Nuance_event_files/17th_test_run/events_6260.root,41973,4,h100;h3;h1;h50
OK,/exp/uboone/data/users/jburridg/Nuance/NUANCE/NUANCE_event_files/output/root/PoT_Nuance_event_files/17th_test_run/events_6521.root,42350,4,h100;h3;h1;h50
OK,/exp/uboone/data/users/jburridg/Nuance/NUANCE/NUANCE_event_files/output/root/PoT_Nuance_event_files/17th_test_run/events_6083.root,42612,4,h100;h3;h1;h50
OK,/exp/uboone/data/users/jburridg/Nuance/NUANCE/NUANCE_event_files/output/root/PoT_Nuance_event_files/17th_test_run/events_6545.root,43784,4,h100;h3;h1;h50
OK,/exp/uboone/data/users/jburridg/Nuance/NUANCE/NUANCE_event_files/output/root/PoT_Nuance_event_files/17th_test_run/events_5970.root,40843,4,h100;h3;h1;h50
OK,/exp/uboone/data/users/jburridg/Nuance/NUANCE/NUANCE_event_files/output/root/PoT_Nuance_event_files/17th_test_run/events_6528.root,42935,4,h100;h3;h1;h50
OK,/exp/uboone/data/users/jburridg/Nuance/NUANCE/NUANCE_event_files/output/root/PoT_Nuance_event_files/17th_test_run/events_6660.root,44862,4,h100;h3;h1;h50
OK,/exp/uboone/data/users/jburridg/Nuance/NUANCE/NUANCE_event_files/output/root/PoT_Nuance_event_files/17th_test_run/events_6064.root,42959,4,h100;h3;h1;h50
OK,/exp/uboone/data/users/jburridg/Nuance/NUANCE/NUANCE_event_files/output/root/PoT_Nuance_event_files/17th_test_run/events_5753.root,41045,4,h100;h3;h1;h50
OK,/exp/uboone/data/users/jburridg/Nuance/NUANCE/NUANCE_event_files/output/root/PoT_Nuance_event_files/17th_test_run/events_6339.root,42098,4,h100;h3;h1;h50
OK,/exp/uboone/data/users/jburridg/Nuance/NUANCE/NUANCE_event_files/output/root/PoT_Nuance_event_files/17th_test_run/events_6026.root,40771,4,h100;h3;h1;h50
OK,/exp/uboone/data/users/jburridg/Nuance/NUANCE/NUANCE_event_files/output/root/PoT_Nuance_event_files/17th_test_run/events_5890.root,44797,4,h100;h3;h1;h50
OK,/exp/uboone/data/users/jburridg/Nuance/NUANCE/NUANCE_event_files/output/root/PoT_Nuance_event_files/17th_test_run/events_6450.root,44586,4,h100;h3;h1;h50
OK,/exp/uboone/data/users/jburridg/Nuance/NUANCE/NUANCE_event_files/output/root/PoT_Nuance_event_files/17th_test_run/events_6312.root,43195,4,h100;h3;h1;h50
OK,/exp/uboone/data/users/jburridg/Nuance/NUANCE/NUANCE_event_files/output/root/PoT_Nuance_event_files/17th_test_run/events_6517.root,42390,4,h100;h3;h1;h50
OK,/exp/uboone/data/users/jburridg/Nuance/NUANCE/NUANCE_event_files/output/root/PoT_Nuance_event_files/17th_test_run/events_5785.root,42763,4,h100;h3;h1;h50
OK,/exp/uboone/data/users/jburridg/Nuance/NUANCE/NUANCE_event_files/output/root/PoT_Nuance_event_files/17th_test_run/events_6401.root,43998,4,h100;h3;h1;h50
OK,/exp/uboone/data/users/jburridg/Nuance/NUANCE/NUANCE_event_files/output/root/PoT_Nuance_event_files/17th_test_run/events_5806.root,40304,4,h100;h3;h1;h50
OK,/exp/uboone/data/users/jburridg/Nuance/NUANCE/NUANCE_event_files/output/root/PoT_Nuance_event_files/17th_test_run/events_6547.root,41236,4,h100;h3;h1;h50
OK,/exp/uboone/data/users/jburridg/Nuance/NUANCE/NUANCE_event_files/output/root/PoT_Nuance_event_files/17th_test_run/events_6676.root,44357,4,h100;h3;h1;h50
OK,/exp/uboone/data/users/jburridg/Nuance/NUANCE/NUANCE_event_files/output/root/PoT_Nuance_event_files/17th_test_run/events_6005.root,43771,4,h100;h3;h1;h50
OK,/exp/uboone/data/users/jburridg/Nuance/NUANCE/NUANCE_event_files/output/root/PoT_Nuance_event_files/17th_test_run/events_6080.root,45051,4,h100;h3;h1;h50
OK,/exp/uboone/data/users/jburridg/Nuance/NUANCE/NUANCE_event_files/output/root/PoT_Nuance_event_files/17th_test_run/events_5783.root,44142,4,h100;h3;h1;h50
OK,/exp/uboone/data/users/jburridg/Nuance/NUANCE/NUANCE_event_files/output/root/PoT_Nuance_event_files/17th_test_run/events_5912.root,43972,4,h100;h3;h1;h50
OK,/exp/uboone/data/users/jburridg/Nuance/NUANCE/NUANCE_event_files/output/root/PoT_Nuance_event_files/17th_test_run/events_6471.root,45432,4,h100;h3;h1;h50
OK,/exp/uboone/data/users/jburridg/Nuance/NUANCE/NUANCE_event_files/output/root/PoT_Nuance_event_files/17th_test_run/events_6691.root,44212,4,h100;h3;h1;h50
OK,/exp/uboone/data/users/jburridg/Nuance/NUANCE/NUANCE_event_files/output/root/PoT_Nuance_event_files/17th_test_run/events_5761.root,42436,4,h100;h3;h1;h50
OK,/exp/uboone/data/users/jburridg/Nuance/NUANCE/NUANCE_event_files/output/root/PoT_Nuance_event_files/17th_test_run/events_6004.root,44171,4,h100;h3;h1;h50
OK,/exp/uboone/data/users/jburridg/Nuance/NUANCE/NUANCE_event_files/output/root/PoT_Nuance_event_files/17th_test_run/events_5799.root,42741,4,h100;h3;h1;h50
OK,/exp/uboone/data/users/jburridg/Nuance/NUANCE/NUANCE_event_files/output/root/PoT_Nuance_event_files/17th_test_run/events_6052.root,43948,4,h100;h3;h1;h50
OK,/exp/uboone/data/users/jburridg/Nuance/NUANCE/NUANCE_event_files/output/root/PoT_Nuance_event_files/17th_test_run/events_6410.root,42514,4,h100;h3;h1;h50
OK,/exp/uboone/data/users/jburridg/Nuance/NUANCE/NUANCE_event_files/output/root/PoT_Nuance_event_files/17th_test_run/events_6493.root,41339,4,h100;h3;h1;h50
OK,/exp/uboone/data/users/jburridg/Nuance/NUANCE/NUANCE_event_files/output/root/PoT_Nuance_event_files/17th_test_run/events_6056.root,42948,4,h100;h3;h1;h50
OK,/exp/uboone/data/users/jburridg/Nuance/NUANCE/NUANCE_event_files/output/root/PoT_Nuance_event_files/17th_test_run/events_6359.root,45020,4,h100;h3;h1;h50
OK,/exp/uboone/data/users/jburridg/Nuance/NUANCE/NUANCE_event_files/output/root/PoT_Nuance_event_files/17th_test_run/events_6569.root,42133,4,h100;h3;h1;h50
OK,/exp/uboone/data/users/jburridg/Nuance/NUANCE/NUANCE_event_files/output/root/PoT_Nuance_event_files/17th_test_run/events_6259.root,41540,4,h100;h3;h1;h50
OK,/exp/uboone/data/users/jburridg/Nuance/NUANCE/NUANCE_event_files/output/root/PoT_Nuance_event_files/17th_test_run/events_5841.root,43773,4,h100;h3;h1;h50
OK,/exp/uboone/data/users/jburridg/Nuance/NUANCE/NUANCE_event_files/output/root/PoT_Nuance_event_files/17th_test_run/events_5835.root,43420,4,h100;h3;h1;h50
OK,/exp/uboone/data/users/jburridg/Nuance/NUANCE/NUANCE_event_files/output/root/PoT_Nuance_event_files/17th_test_run/events_6472.root,43054,4,h100;h3;h1;h50
OK,/exp/uboone/data/users/jburridg/Nuance/NUANCE/NUANCE_event_files/output/root/PoT_Nuance_event_files/17th_test_run/events_6204.root,42938,4,h100;h3;h1;h50
OK,/exp/uboone/data/users/jburridg/Nuance/NUANCE/NUANCE_event_files/output/root/PoT_Nuance_event_files/17th_test_run/events_6685.root,46675,4,h100;h3;h1;h50
OK,/exp/uboone/data/users/jburridg/Nuance/NUANCE/NUANCE_event_files/output/root/PoT_Nuance_event_files/17th_test_run/events_6245.root,44179,4,h100;h3;h1;h50
OK,/exp/uboone/data/users/jburridg/Nuance/NUANCE/NUANCE_event_files/output/root/PoT_Nuance_event_files/17th_test_run/events_6124.root,41128,4,h100;h3;h1;h50
OK,/exp/uboone/data/users/jburridg/Nuance/NUANCE/NUANCE_event_files/output/root/PoT_Nuance_event_files/17th_test_run/events_5852.root,45114,4,h100;h3;h1;h50
OK,/exp/uboone/data/users/jburridg/Nuance/NUANCE/NUANCE_event_files/output/root/PoT_Nuance_event_files/17th_test_run/events_6145.root,42922,4,h100;h3;h1;h50
OK,/exp/uboone/data/users/jburridg/Nuance/NUANCE/NUANCE_event_files/output/root/PoT_Nuance_event_files/17th_test_run/events_6107.root,41266,4,h100;h3;h1;h50
OK,/exp/uboone/data/users/jburridg/Nuance/NUANCE/NUANCE_event_files/output/root/PoT_Nuance_event_files/17th_test_run/events_6586.root,44237,4,h100;h3;h1;h50
OK,/exp/uboone/data/users/jburridg/Nuance/NUANCE/NUANCE_event_files/output/root/PoT_Nuance_event_files/17th_test_run/events_5947.root,45422,4,h100;h3;h1;h50
OK,/exp/uboone/data/users/jburridg/Nuance/NUANCE/NUANCE_event_files/output/root/PoT_Nuance_event_files/17th_test_run/events_6502.root,40408,4,h100;h3;h1;h50
OK,/exp/uboone/data/users/jburridg/Nuance/NUANCE/NUANCE_event_files/output/root/PoT_Nuance_event_files/17th_test_run/events_6437.root,45446,4,h100;h3;h1;h50
OK,/exp/uboone/data/users/jburridg/Nuance/NUANCE/NUANCE_event_files/output/root/PoT_Nuance_event_files/17th_test_run/events_6157.root,41818,4,h100;h3;h1;h50
OK,/exp/uboone/data/users/jburridg/Nuance/NUANCE/NUANCE_event_files/output/root/PoT_Nuance_event_files/17th_test_run/events_6496.root,41379,4,h100;h3;h1;h50
OK,/exp/uboone/data/users/jburridg/Nuance/NUANCE/NUANCE_event_files/output/root/PoT_Nuance_event_files/17th_test_run/events_6402.root,42489,4,h100;h3;h1;h50
OK,/exp/uboone/data/users/jburridg/Nuance/NUANCE/NUANCE_event_files/output/root/PoT_Nuance_event_files/17th_test_run/events_6047.root,44610,4,h100;h3;h1;h50
OK,/exp/uboone/data/users/jburridg/Nuance/NUANCE/NUANCE_event_files/output/root/PoT_Nuance_event_files/17th_test_run/events_6243.root,42570,4,h100;h3;h1;h50
OK,/exp/uboone/data/users/jburridg/Nuance/NUANCE/NUANCE_event_files/output/root/PoT_Nuance_event_files/17th_test_run/events_6136.root,40305,4,h100;h3;h1;h50
OK,/exp/uboone/data/users/jburridg/Nuance/NUANCE/NUANCE_event_files/output/root/PoT_Nuance_event_files/17th_test_run/events_6042.root,41177,4,h100;h3;h1;h50
OK,/exp/uboone/data/users/jburridg/Nuance/NUANCE/NUANCE_event_files/output/root/PoT_Nuance_event_files/17th_test_run/events_5778.root,43156,4,h100;h3;h1;h50
OK,/exp/uboone/data/users/jburridg/Nuance/NUANCE/NUANCE_event_files/output/root/PoT_Nuance_event_files/17th_test_run/events_6480.root,41943,4,h100;h3;h1;h50
OK,/exp/uboone/data/users/jburridg/Nuance/NUANCE/NUANCE_event_files/output/root/PoT_Nuance_event_files/17th_test_run/events_5864.root,39841,4,h100;h3;h1;h50
OK,/exp/uboone/data/users/jburridg/Nuance/NUANCE/NUANCE_event_files/output/root/PoT_Nuance_event_files/17th_test_run/events_6009.root,40329,4,h100;h3;h1;h50
OK,/exp/uboone/data/users/jburridg/Nuance/NUANCE/NUANCE_event_files/output/root/PoT_Nuance_event_files/17th_test_run/events_6327.root,42815,4,h100;h3;h1;h50
OK,/exp/uboone/data/users/jburridg/Nuance/NUANCE/NUANCE_event_files/output/root/PoT_Nuance_event_files/17th_test_run/events_6269.root,43646,4,h100;h3;h1;h50
OK,/exp/uboone/data/users/jburridg/Nuance/NUANCE/NUANCE_event_files/output/root/PoT_Nuance_event_files/17th_test_run/events_5849.root,44375,4,h100;h3;h1;h50
OK,/exp/uboone/data/users/jburridg/Nuance/NUANCE/NUANCE_event_files/output/root/PoT_Nuance_event_files/17th_test_run/events_6105.root,42408,4,h100;h3;h1;h50
OK,/exp/uboone/data/users/jburridg/Nuance/NUANCE/NUANCE_event_files/output/root/PoT_Nuance_event_files/17th_test_run/events_6092.root,43734,4,h100;h3;h1;h50
OK,/exp/uboone/data/users/jburridg/Nuance/NUANCE/NUANCE_event_files/output/root/PoT_Nuance_event_files/17th_test_run/events_6013.root,43105,4,h100;h3;h1;h50
OK,/exp/uboone/data/users/jburridg/Nuance/NUANCE/NUANCE_event_files/output/root/PoT_Nuance_event_files/17th_test_run/events_5973.root,41399,4,h100;h3;h1;h50
OK,/exp/uboone/data/users/jburridg/Nuance/NUANCE/NUANCE_event_files/output/root/PoT_Nuance_event_files/17th_test_run/events_5734.root,41391,4,h100;h3;h1;h50
OK,/exp/uboone/data/users/jburridg/Nuance/NUANCE/NUANCE_event_files/output/root/PoT_Nuance_event_files/17th_test_run/events_6106.root,42945,4,h100;h3;h1;h50
OK,/exp/uboone/data/users/jburridg/Nuance/NUANCE/NUANCE_event_files/output/root/PoT_Nuance_event_files/17th_test_run/events_6171.root,44326,4,h100;h3;h1;h50
OK,/exp/uboone/data/users/jburridg/Nuance/NUANCE/NUANCE_event_files/output/root/PoT_Nuance_event_files/17th_test_run/events_6672.root,44687,4,h100;h3;h1;h50
OK,/exp/uboone/data/users/jburridg/Nuance/NUANCE/NUANCE_event_files/output/root/PoT_Nuance_event_files/17th_test_run/events_6611.root,42845,4,h100;h3;h1;h50
OK,/exp/uboone/data/users/jburridg/Nuance/NUANCE/NUANCE_event_files/output/root/PoT_Nuance_event_files/17th_test_run/events_5843.root,43106,4,h100;h3;h1;h50
OK,/exp/uboone/data/users/jburridg/Nuance/NUANCE/NUANCE_event_files/output/root/PoT_Nuance_event_files/17th_test_run/events_5710.root,44564,4,h100;h3;h1;h50
OK,/exp/uboone/data/users/jburridg/Nuance/NUANCE/NUANCE_event_files/output/root/PoT_Nuance_event_files/17th_test_run/events_6035.root,43497,4,h100;h3;h1;h50
OK,/exp/uboone/data/users/jburridg/Nuance/NUANCE/NUANCE_event_files/output/root/PoT_Nuance_event_files/17th_test_run/events_5975.root,43489,4,h100;h3;h1;h50
OK,/exp/uboone/data/users/jburridg/Nuance/NUANCE/NUANCE_event_files/output/root/PoT_Nuance_event_files/17th_test_run/events_6159.root,42899,4,h100;h3;h1;h50
OK,/exp/uboone/data/users/jburridg/Nuance/NUANCE/NUANCE_event_files/output/root/PoT_Nuance_event_files/17th_test_run/events_5706.root,45132,4,h100;h3;h1;h50
OK,/exp/uboone/data/users/jburridg/Nuance/NUANCE/NUANCE_event_files/output/root/PoT_Nuance_event_files/17th_test_run/events_5832.root,40672,4,h100;h3;h1;h50
OK,/exp/uboone/data/users/jburridg/Nuance/NUANCE/NUANCE_event_files/output/root/PoT_Nuance_event_files/17th_test_run/events_6464.root,42863,4,h100;h3;h1;h50
OK,/exp/uboone/data/users/jburridg/Nuance/NUANCE/NUANCE_event_files/output/root/PoT_Nuance_event_files/17th_test_run/events_6630.root,43205,4,h100;h3;h1;h50
OK,/exp/uboone/data/users/jburridg/Nuance/NUANCE/NUANCE_event_files/output/root/PoT_Nuance_event_files/17th_test_run/events_5747.root,44070,4,h100;h3;h1;h50
OK,/exp/uboone/data/users/jburridg/Nuance/NUANCE/NUANCE_event_files/output/root/PoT_Nuance_event_files/17th_test_run/events_5858.root,43567,4,h100;h3;h1;h50
OK,/exp/uboone/data/users/jburridg/Nuance/NUANCE/NUANCE_event_files/output/root/PoT_Nuance_event_files/17th_test_run/events_6557.root,43922,4,h100;h3;h1;h50
OK,/exp/uboone/data/users/jburridg/Nuance/NUANCE/NUANCE_event_files/output/root/PoT_Nuance_event_files/17th_test_run/events_6587.root,43814,4,h100;h3;h1;h50
OK,/exp/uboone/data/users/jburridg/Nuance/NUANCE/NUANCE_event_files/output/root/PoT_Nuance_event_files/17th_test_run/events_6352.root,43767,4,h100;h3;h1;h50
OK,/exp/uboone/data/users/jburridg/Nuance/NUANCE/NUANCE_event_files/output/root/PoT_Nuance_event_files/17th_test_run/events_5756.root,43332,4,h100;h3;h1;h50
OK,/exp/uboone/data/users/jburridg/Nuance/NUANCE/NUANCE_event_files/output/root/PoT_Nuance_event_files/17th_test_run/events_6491.root,43159,4,h100;h3;h1;h50
OK,/exp/uboone/data/users/jburridg/Nuance/NUANCE/NUANCE_event_files/output/root/PoT_Nuance_event_files/17th_test_run/events_5875.root,44059,4,h100;h3;h1;h50
OK,/exp/uboone/data/users/jburridg/Nuance/NUANCE/NUANCE_event_files/output/root/PoT_Nuance_event_files/17th_test_run/events_5844.root,42441,4,h100;h3;h1;h50
OK,/exp/uboone/data/users/jburridg/Nuance/NUANCE/NUANCE_event_files/output/root/PoT_Nuance_event_files/17th_test_run/events_5765.root,41955,4,h100;h3;h1;h50
OK,/exp/uboone/data/users/jburridg/Nuance/NUANCE/NUANCE_event_files/output/root/PoT_Nuance_event_files/17th_test_run/events_5800.root,44622,4,h100;h3;h1;h50
OK,/exp/uboone/data/users/jburridg/Nuance/NUANCE/NUANCE_event_files/output/root/PoT_Nuance_event_files/17th_test_run/events_5892.root,40118,4,h100;h3;h1;h50
OK,/exp/uboone/data/users/jburridg/Nuance/NUANCE/NUANCE_event_files/output/root/PoT_Nuance_event_files/17th_test_run/events_5984.root,43311,4,h100;h3;h1;h50
OK,/exp/uboone/data/users/jburridg/Nuance/NUANCE/NUANCE_event_files/output/root/PoT_Nuance_event_files/17th_test_run/events_5942.root,44370,4,h100;h3;h1;h50
OK,/exp/uboone/data/users/jburridg/Nuance/NUANCE/NUANCE_event_files/output/root/PoT_Nuance_event_files/17th_test_run/events_6537.root,42955,4,h100;h3;h1;h50
OK,/exp/uboone/data/users/jburridg/Nuance/NUANCE/NUANCE_event_files/output/root/PoT_Nuance_event_files/17th_test_run/events_6263.root,42208,4,h100;h3;h1;h50
OK,/exp/uboone/data/users/jburridg/Nuance/NUANCE/NUANCE_event_files/output/root/PoT_Nuance_event_files/17th_test_run/events_5963.root,43665,4,h100;h3;h1;h50
OK,/exp/uboone/data/users/jburridg/Nuance/NUANCE/NUANCE_event_files/output/root/PoT_Nuance_event_files/17th_test_run/events_5728.root,43068,4,h100;h3;h1;h50
OK,/exp/uboone/data/users/jburridg/Nuance/NUANCE/NUANCE_event_files/output/root/PoT_Nuance_event_files/17th_test_run/events_6483.root,44254,4,h100;h3;h1;h50
OK,/exp/uboone/data/users/jburridg/Nuance/NUANCE/NUANCE_event_files/output/root/PoT_Nuance_event_files/17th_test_run/events_6101.root,42115,4,h100;h3;h1;h50
OK,/exp/uboone/data/users/jburridg/Nuance/NUANCE/NUANCE_event_files/output/root/PoT_Nuance_event_files/17th_test_run/events_6661.root,43009,4,h100;h3;h1;h50
OK,/exp/uboone/data/users/jburridg/Nuance/NUANCE/NUANCE_event_files/output/root/PoT_Nuance_event_files/17th_test_run/events_6544.root,43868,4,h100;h3;h1;h50
OK,/exp/uboone/data/users/jburridg/Nuance/NUANCE/NUANCE_event_files/output/root/PoT_Nuance_event_files/17th_test_run/events_6110.root,45408,4,h100;h3;h1;h50
OK,/exp/uboone/data/users/jburridg/Nuance/NUANCE/NUANCE_event_files/output/root/PoT_Nuance_event_files/17th_test_run/events_6025.root,43610,4,h100;h3;h1;h50
OK,/exp/uboone/data/users/jburridg/Nuance/NUANCE/NUANCE_event_files/output/root/PoT_Nuance_event_files/17th_test_run/events_6065.root,42931,4,h100;h3;h1;h50
OK,/exp/uboone/data/users/jburridg/Nuance/NUANCE/NUANCE_event_files/output/root/PoT_Nuance_event_files/17th_test_run/events_6060.root,44867,4,h100;h3;h1;h50
OK,/exp/uboone/data/users/jburridg/Nuance/NUANCE/NUANCE_event_files/output/root/PoT_Nuance_event_files/17th_test_run/events_6338.root,39350,4,h100;h3;h1;h50
OK,/exp/uboone/data/users/jburridg/Nuance/NUANCE/NUANCE_event_files/output/root/PoT_Nuance_event_files/17th_test_run/events_5817.root,46747,4,h100;h3;h1;h50
OK,/exp/uboone/data/users/jburridg/Nuance/NUANCE/NUANCE_event_files/output/root/PoT_Nuance_event_files/17th_test_run/events_6262.root,42748,4,h100;h3;h1;h50
OK,/exp/uboone/data/users/jburridg/Nuance/NUANCE/NUANCE_event_files/output/root/PoT_Nuance_event_files/17th_test_run/events_5810.root,42740,4,h100;h3;h1;h50
OK,/exp/uboone/data/users/jburridg/Nuance/NUANCE/NUANCE_event_files/output/root/PoT_Nuance_event_files/17th_test_run/events_6619.root,42022,4,h100;h3;h1;h50
OK,/exp/uboone/data/users/jburridg/Nuance/NUANCE/NUANCE_event_files/output/root/PoT_Nuance_event_files/17th_test_run/events_6454.root,41567,4,h100;h3;h1;h50
OK,/exp/uboone/data/users/jburridg/Nuance/NUANCE/NUANCE_event_files/output/root/PoT_Nuance_event_files/17th_test_run/events_5910.root,41500,4,h100;h3;h1;h50
OK,/exp/uboone/data/users/jburridg/Nuance/NUANCE/NUANCE_event_files/output/root/PoT_Nuance_event_files/17th_test_run/events_6575.root,43381,4,h100;h3;h1;h50
OK,/exp/uboone/data/users/jburridg/Nuance/NUANCE/NUANCE_event_files/output/root/PoT_Nuance_event_files/17th_test_run/events_5979.root,43240,4,h100;h3;h1;h50
OK,/exp/uboone/data/users/jburridg/Nuance/NUANCE/NUANCE_event_files/output/root/PoT_Nuance_event_files/17th_test_run/events_6247.root,43651,4,h100;h3;h1;h50
OK,/exp/uboone/data/users/jburridg/Nuance/NUANCE/NUANCE_event_files/output/root/PoT_Nuance_event_files/17th_test_run/events_5760.root,42840,4,h100;h3;h1;h50
OK,/exp/uboone/data/users/jburridg/Nuance/NUANCE/NUANCE_event_files/output/root/PoT_Nuance_event_files/17th_test_run/events_5863.root,42809,4,h100;h3;h1;h50
OK,/exp/uboone/data/users/jburridg/Nuance/NUANCE/NUANCE_event_files/output/root/PoT_Nuance_event_files/17th_test_run/events_5821.root,44145,4,h100;h3;h1;h50
OK,/exp/uboone/data/users/jburridg/Nuance/NUANCE/NUANCE_event_files/output/root/PoT_Nuance_event_files/17th_test_run/events_6117.root,45773,4,h100;h3;h1;h50
OK,/exp/uboone/data/users/jburridg/Nuance/NUANCE/NUANCE_event_files/output/root/PoT_Nuance_event_files/17th_test_run/events_6645.root,43506,4,h100;h3;h1;h50
OK,/exp/uboone/data/users/jburridg/Nuance/NUANCE/NUANCE_event_files/output/root/PoT_Nuance_event_files/17th_test_run/events_6538.root,42237,4,h100;h3;h1;h50
OK,/exp/uboone/data/users/jburridg/Nuance/NUANCE/NUANCE_event_files/output/root/PoT_Nuance_event_files/17th_test_run/events_6489.root,43536,4,h100;h3;h1;h50
OK,/exp/uboone/data/users/jburridg/Nuance/NUANCE/NUANCE_event_files/output/root/PoT_Nuance_event_files/17th_test_run/events_6195.root,42866,4,h100;h3;h1;h50
OK,/exp/uboone/data/users/jburridg/Nuance/NUANCE/NUANCE_event_files/output/root/PoT_Nuance_event_files/17th_test_run/events_5776.root,41972,4,h100;h3;h1;h50
OK,/exp/uboone/data/users/jburridg/Nuance/NUANCE/NUANCE_event_files/output/root/PoT_Nuance_event_files/17th_test_run/events_6540.root,46725,4,h100;h3;h1;h50
OK,/exp/uboone/data/users/jburridg/Nuance/NUANCE/NUANCE_event_files/output/root/PoT_Nuance_event_files/17th_test_run/events_5903.root,45524,4,h100;h3;h1;h50
OK,/exp/uboone/data/users/jburridg/Nuance/NUANCE/NUANCE_event_files/output/root/PoT_Nuance_event_files/17th_test_run/events_5731.root,42275,4,h100;h3;h1;h50
OK,/exp/uboone/data/users/jburridg/Nuance/NUANCE/NUANCE_event_files/output/root/PoT_Nuance_event_files/17th_test_run/events_6079.root,42686,4,h100;h3;h1;h50
OK,/exp/uboone/data/users/jburridg/Nuance/NUANCE/NUANCE_event_files/output/root/PoT_Nuance_event_files/17th_test_run/events_6495.root,42787,4,h100;h3;h1;h50
OK,/exp/uboone/data/users/jburridg/Nuance/NUANCE/NUANCE_event_files/output/root/PoT_Nuance_event_files/17th_test_run/events_6251.root,43826,4,h100;h3;h1;h50
OK,/exp/uboone/data/users/jburridg/Nuance/NUANCE/NUANCE_event_files/output/root/PoT_Nuance_event_files/17th_test_run/events_6147.root,43111,4,h100;h3;h1;h50
OK,/exp/uboone/data/users/jburridg/Nuance/NUANCE/NUANCE_event_files/output/root/PoT_Nuance_event_files/17th_test_run/events_6554.root,43157,4,h100;h3;h1;h50
OK,/exp/uboone/data/users/jburridg/Nuance/NUANCE/NUANCE_event_files/output/root/PoT_Nuance_event_files/17th_test_run/events_5907.root,43778,4,h100;h3;h1;h50
OK,/exp/uboone/data/users/jburridg/Nuance/NUANCE/NUANCE_event_files/output/root/PoT_Nuance_event_files/17th_test_run/events_5889.root,42893,4,h100;h3;h1;h50
OK,/exp/uboone/data/users/jburridg/Nuance/NUANCE/NUANCE_event_files/output/root/PoT_Nuance_event_files/17th_test_run/events_5860.root,45397,4,h100;h3;h1;h50
OK,/exp/uboone/data/users/jburridg/Nuance/NUANCE/NUANCE_event_files/output/root/PoT_Nuance_event_files/17th_test_run/events_6500.root,44076,4,h100;h3;h1;h50
OK,/exp/uboone/data/users/jburridg/Nuance/NUANCE/NUANCE_event_files/output/root/PoT_Nuance_event_files/17th_test_run/events_5953.root,42049,4,h100;h3;h1;h50
OK,/exp/uboone/data/users/jburridg/Nuance/NUANCE/NUANCE_event_files/output/root/PoT_Nuance_event_files/17th_test_run/events_6201.root,44244,4,h100;h3;h1;h50
OK,/exp/uboone/data/users/jburridg/Nuance/NUANCE/NUANCE_event_files/output/root/PoT_Nuance_event_files/17th_test_run/events_6475.root,42493,4,h100;h3;h1;h50
OK,/exp/uboone/data/users/jburridg/Nuance/NUANCE/NUANCE_event_files/output/root/PoT_Nuance_event_files/17th_test_run/events_5768.root,43087,4,h100;h3;h1;h50
OK,/exp/uboone/data/users/jburridg/Nuance/NUANCE/NUANCE_event_files/output/root/PoT_Nuance_event_files/17th_test_run/events_6344.root,42193,4,h100;h3;h1;h50
OK,/exp/uboone/data/users/jburridg/Nuance/NUANCE/NUANCE_event_files/output/root/PoT_Nuance_event_files/17th_test_run/events_6158.root,41381,4,h100;h3;h1;h50
OK,/exp/uboone/data/users/jburridg/Nuance/NUANCE/NUANCE_event_files/output/root/PoT_Nuance_event_files/17th_test_run/events_5888.root,41983,4,h100;h3;h1;h50
OK,/exp/uboone/data/users/jburridg/Nuance/NUANCE/NUANCE_event_files/output/root/PoT_Nuance_event_files/17th_test_run/events_6291.root,43052,4,h100;h3;h1;h50
OK,/exp/uboone/data/users/jburridg/Nuance/NUANCE/NUANCE_event_files/output/root/PoT_Nuance_event_files/17th_test_run/events_5828.root,43887,4,h100;h3;h1;h50
OK,/exp/uboone/data/users/jburridg/Nuance/NUANCE/NUANCE_event_files/output/root/PoT_Nuance_event_files/17th_test_run/events_6666.root,45308,4,h100;h3;h1;h50
OK,/exp/uboone/data/users/jburridg/Nuance/NUANCE/NUANCE_event_files/output/root/PoT_Nuance_event_files/17th_test_run/events_6628.root,43498,4,h100;h3;h1;h50
OK,/exp/uboone/data/users/jburridg/Nuance/NUANCE/NUANCE_event_files/output/root/PoT_Nuance_event_files/17th_test_run/events_6532.root,40505,4,h100;h3;h1;h50
OK,/exp/uboone/data/users/jburridg/Nuance/NUANCE/NUANCE_event_files/output/root/PoT_Nuance_event_files/17th_test_run/events_5883.root,44799,4,h100;h3;h1;h50
OK,/exp/uboone/data/users/jburridg/Nuance/NUANCE/NUANCE_event_files/output/root/PoT_Nuance_event_files/17th_test_run/events_5781.root,46750,4,h100;h3;h1;h50
OK,/exp/uboone/data/users/jburridg/Nuance/NUANCE/NUANCE_event_files/output/root/PoT_Nuance_event_files/17th_test_run/events_6635.root,40790,4,h100;h3;h1;h50
OK,/exp/uboone/data/users/jburridg/Nuance/NUANCE/NUANCE_event_files/output/root/PoT_Nuance_event_files/17th_test_run/events_6193.root,43452,4,h100;h3;h1;h50
OK,/exp/uboone/data/users/jburridg/Nuance/NUANCE/NUANCE_event_files/output/root/PoT_Nuance_event_files/17th_test_run/events_6309.root,41970,4,h100;h3;h1;h50
OK,/exp/uboone/data/users/jburridg/Nuance/NUANCE/NUANCE_event_files/output/root/PoT_Nuance_event_files/17th_test_run/events_6120.root,42313,4,h100;h3;h1;h50
OK,/exp/uboone/data/users/jburridg/Nuance/NUANCE/NUANCE_event_files/output/root/PoT_Nuance_event_files/17th_test_run/events_5703.root,47038,4,h100;h3;h1;h50
OK,/exp/uboone/data/users/jburridg/Nuance/NUANCE/NUANCE_event_files/output/root/PoT_Nuance_event_files/17th_test_run/events_5721.root,43415,4,h100;h3;h1;h50
OK,/exp/uboone/data/users/jburridg/Nuance/NUANCE/NUANCE_event_files/output/root/PoT_Nuance_event_files/17th_test_run/events_6553.root,44458,4,h100;h3;h1;h50
OK,/exp/uboone/data/users/jburridg/Nuance/NUANCE/NUANCE_event_files/output/root/PoT_Nuance_event_files/17th_test_run/events_5855.root,43638,4,h100;h3;h1;h50
OK,/exp/uboone/data/users/jburridg/Nuance/NUANCE/NUANCE_event_files/output/root/PoT_Nuance_event_files/17th_test_run/events_6285.root,41737,4,h100;h3;h1;h50
OK,/exp/uboone/data/users/jburridg/Nuance/NUANCE/NUANCE_event_files/output/root/PoT_Nuance_event_files/17th_test_run/events_5972.root,42728,4,h100;h3;h1;h50
OK,/exp/uboone/data/users/jburridg/Nuance/NUANCE/NUANCE_event_files/output/root/PoT_Nuance_event_files/17th_test_run/events_6577.root,45905,4,h100;h3;h1;h50
OK,/exp/uboone/data/users/jburridg/Nuance/NUANCE/NUANCE_event_files/output/root/PoT_Nuance_event_files/17th_test_run/events_6097.root,40952,4,h100;h3;h1;h50
OK,/exp/uboone/data/users/jburridg/Nuance/NUANCE/NUANCE_event_files/output/root/PoT_Nuance_event_files/17th_test_run/events_6293.root,43287,4,h100;h3;h1;h50
OK,/exp/uboone/data/users/jburridg/Nuance/NUANCE/NUANCE_event_files/output/root/PoT_Nuance_event_files/17th_test_run/events_6072.root,42897,4,h100;h3;h1;h50
OK,/exp/uboone/data/users/jburridg/Nuance/NUANCE/NUANCE_event_files/output/root/PoT_Nuance_event_files/17th_test_run/events_6102.root,41465,4,h100;h3;h1;h50
OK,/exp/uboone/data/users/jburridg/Nuance/NUANCE/NUANCE_event_files/output/root/PoT_Nuance_event_files/17th_test_run/events_6434.root,41944,4,h100;h3;h1;h50
OK,/exp/uboone/data/users/jburridg/Nuance/NUANCE/NUANCE_event_files/output/root/PoT_Nuance_event_files/17th_test_run/events_5804.root,45375,4,h100;h3;h1;h50
OK,/exp/uboone/data/users/jburridg/Nuance/NUANCE/NUANCE_event_files/output/root/PoT_Nuance_event_files/17th_test_run/events_6636.root,43368,4,h100;h3;h1;h50
OK,/exp/uboone/data/users/jburridg/Nuance/NUANCE/NUANCE_event_files/output/root/PoT_Nuance_event_files/17th_test_run/events_6373.root,42211,4,h100;h3;h1;h50
OK,/exp/uboone/data/users/jburridg/Nuance/NUANCE/NUANCE_event_files/output/root/PoT_Nuance_event_files/17th_test_run/events_5772.root,45176,4,h100;h3;h1;h50
OK,/exp/uboone/data/users/jburridg/Nuance/NUANCE/NUANCE_event_files/output/root/PoT_Nuance_event_files/17th_test_run/events_6609.root,41915,4,h100;h3;h1;h50
OK,/exp/uboone/data/users/jburridg/Nuance/NUANCE/NUANCE_event_files/output/root/PoT_Nuance_event_files/17th_test_run/events_6228.root,42508,4,h100;h3;h1;h50
OK,/exp/uboone/data/users/jburridg/Nuance/NUANCE/NUANCE_event_files/output/root/PoT_Nuance_event_files/17th_test_run/events_5878.root,44824,4,h100;h3;h1;h50
OK,/exp/uboone/data/users/jburridg/Nuance/NUANCE/NUANCE_event_files/output/root/PoT_Nuance_event_files/17th_test_run/events_6492.root,43942,4,h100;h3;h1;h50
OK,/exp/uboone/data/users/jburridg/Nuance/NUANCE/NUANCE_event_files/output/root/PoT_Nuance_event_files/17th_test_run/events_6549.root,42131,4,h100;h3;h1;h50
OK,/exp/uboone/data/users/jburridg/Nuance/NUANCE/NUANCE_event_files/output/root/PoT_Nuance_event_files/17th_test_run/events_5816.root,43415,4,h100;h3;h1;h50
OK,/exp/uboone/data/users/jburridg/Nuance/NUANCE/NUANCE_event_files/output/root/PoT_Nuance_event_files/17th_test_run/events_6034.root,42887,4,h100;h3;h1;h50
OK,/exp/uboone/data/users/jburridg/Nuance/NUANCE/NUANCE_event_files/output/root/PoT_Nuance_event_files/17th_test_run/events_6198.root,44498,4,h100;h3;h1;h50
OK,/exp/uboone/data/users/jburridg/Nuance/NUANCE/NUANCE_event_files/output/root/PoT_Nuance_event_files/17th_test_run/events_6416.root,42714,4,h100;h3;h1;h50
OK,/exp/uboone/data/users/jburridg/Nuance/NUANCE/NUANCE_event_files/output/root/PoT_Nuance_event_files/17th_test_run/events_5881.root,42414,4,h100;h3;h1;h50
OK,/exp/uboone/data/users/jburridg/Nuance/NUANCE/NUANCE_event_files/output/root/PoT_Nuance_event_files/17th_test_run/events_6131.root,42956,4,h100;h3;h1;h50
OK,/exp/uboone/data/users/jburridg/Nuance/NUANCE/NUANCE_event_files/output/root/PoT_Nuance_event_files/17th_test_run/events_5877.root,44155,4,h100;h3;h1;h50
OK,/exp/uboone/data/users/jburridg/Nuance/NUANCE/NUANCE_event_files/output/root/PoT_Nuance_event_files/17th_test_run/events_6533.root,45056,4,h100;h3;h1;h50
OK,/exp/uboone/data/users/jburridg/Nuance/NUANCE/NUANCE_event_files/output/root/PoT_Nuance_event_files/17th_test_run/events_6400.root,49431,4,h100;h3;h1;h50
OK,/exp/uboone/data/users/jburridg/Nuance/NUANCE/NUANCE_event_files/output/root/PoT_Nuance_event_files/17th_test_run/events_6697.root,41831,4,h100;h3;h1;h50
OK,/exp/uboone/data/users/jburridg/Nuance/NUANCE/NUANCE_event_files/output/root/PoT_Nuance_event_files/17th_test_run/events_6424.root,42348,4,h100;h3;h1;h50
OK,/exp/uboone/data/users/jburridg/Nuance/NUANCE/NUANCE_event_files/output/root/PoT_Nuance_event_files/17th_test_run/events_5901.root,43597,4,h100;h3;h1;h50
OK,/exp/uboone/data/users/jburridg/Nuance/NUANCE/NUANCE_event_files/output/root/PoT_Nuance_event_files/17th_test_run/events_6531.root,41809,4,h100;h3;h1;h50
OK,/exp/uboone/data/users/jburridg/Nuance/NUANCE/NUANCE_event_files/output/root/PoT_Nuance_event_files/17th_test_run/events_6219.root,43448,4,h100;h3;h1;h50
OK,/exp/uboone/data/users/jburridg/Nuance/NUANCE/NUANCE_event_files/output/root/PoT_Nuance_event_files/17th_test_run/events_6574.root,40803,4,h100;h3;h1;h50
OK,/exp/uboone/data/users/jburridg/Nuance/NUANCE/NUANCE_event_files/output/root/PoT_Nuance_event_files/17th_test_run/events_6444.root,40684,4,h100;h3;h1;h50
OK,/exp/uboone/data/users/jburridg/Nuance/NUANCE/NUANCE_event_files/output/root/PoT_Nuance_event_files/17th_test_run/events_6190.root,43342,4,h100;h3;h1;h50
OK,/exp/uboone/data/users/jburridg/Nuance/NUANCE/NUANCE_event_files/output/root/PoT_Nuance_event_files/17th_test_run/events_6525.root,41367,4,h100;h3;h1;h50
OK,/exp/uboone/data/users/jburridg/Nuance/NUANCE/NUANCE_event_files/output/root/PoT_Nuance_event_files/17th_test_run/events_6451.root,42714,4,h100;h3;h1;h50
OK,/exp/uboone/data/users/jburridg/Nuance/NUANCE/NUANCE_event_files/output/root/PoT_Nuance_event_files/17th_test_run/events_6213.root,46395,4,h100;h3;h1;h50
OK,/exp/uboone/data/users/jburridg/Nuance/NUANCE/NUANCE_event_files/output/root/PoT_Nuance_event_files/17th_test_run/events_6383.root,42431,4,h100;h3;h1;h50
OK,/exp/uboone/data/users/jburridg/Nuance/NUANCE/NUANCE_event_files/output/root/PoT_Nuance_event_files/17th_test_run/events_6226.root,45313,4,h100;h3;h1;h50
OK,/exp/uboone/data/users/jburridg/Nuance/NUANCE/NUANCE_event_files/output/root/PoT_Nuance_event_files/17th_test_run/events_6653.root,41723,4,h100;h3;h1;h50
OK,/exp/uboone/data/users/jburridg/Nuance/NUANCE/NUANCE_event_files/output/root/PoT_Nuance_event_files/17th_test_run/events_6486.root,43753,4,h100;h3;h1;h50
OK,/exp/uboone/data/users/jburridg/Nuance/NUANCE/NUANCE_event_files/output/root/PoT_Nuance_event_files/17th_test_run/events_6057.root,44883,4,h100;h3;h1;h50
OK,/exp/uboone/data/users/jburridg/Nuance/NUANCE/NUANCE_event_files/output/root/PoT_Nuance_event_files/17th_test_run/events_6592.root,41920,4,h100;h3;h1;h50
OK,/exp/uboone/data/users/jburridg/Nuance/NUANCE/NUANCE_event_files/output/root/PoT_Nuance_event_files/17th_test_run/events_6068.root,43050,4,h100;h3;h1;h50
OK,/exp/uboone/data/users/jburridg/Nuance/NUANCE/NUANCE_event_files/output/root/PoT_Nuance_event_files/17th_test_run/events_6037.root,41946,4,h100;h3;h1;h50
OK,/exp/uboone/data/users/jburridg/Nuance/NUANCE/NUANCE_event_files/output/root/PoT_Nuance_event_files/17th_test_run/events_6453.root,41746,4,h100;h3;h1;h50
OK,/exp/uboone/data/users/jburridg/Nuance/NUANCE/NUANCE_event_files/output/root/PoT_Nuance_event_files/17th_test_run/events_6585.root,41815,4,h100;h3;h1;h50
OK,/exp/uboone/data/users/jburridg/Nuance/NUANCE/NUANCE_event_files/output/root/PoT_Nuance_event_files/17th_test_run/events_6597.root,42667,4,h100;h3;h1;h50
OK,/exp/uboone/data/users/jburridg/Nuance/NUANCE/NUANCE_event_files/output/root/PoT_Nuance_event_files/17th_test_run/events_6138.root,42234,4,h100;h3;h1;h50
OK,/exp/uboone/data/users/jburridg/Nuance/NUANCE/NUANCE_event_files/output/root/PoT_Nuance_event_files/17th_test_run/events_6267.root,43531,4,h100;h3;h1;h50
OK,/exp/uboone/data/users/jburridg/Nuance/NUANCE/NUANCE_event_files/output/root/PoT_Nuance_event_files/17th_test_run/events_6257.root,42577,4,h100;h3;h1;h50
OK,/exp/uboone/data/users/jburridg/Nuance/NUANCE/NUANCE_event_files/output/root/PoT_Nuance_event_files/17th_test_run/events_6629.root,43255,4,h100;h3;h1;h50
OK,/exp/uboone/data/users/jburridg/Nuance/NUANCE/NUANCE_event_files/output/root/PoT_Nuance_event_files/17th_test_run/events_6167.root,42815,4,h100;h3;h1;h50
OK,/exp/uboone/data/users/jburridg/Nuance/NUANCE/NUANCE_event_files/output/root/PoT_Nuance_event_files/17th_test_run/events_6073.root,42647,4,h100;h3;h1;h50
OK,/exp/uboone/data/users/jburridg/Nuance/NUANCE/NUANCE_event_files/output/root/PoT_Nuance_event_files/17th_test_run/events_6283.root,42203,4,h100;h3;h1;h50
OK,/exp/uboone/data/users/jburridg/Nuance/NUANCE/NUANCE_event_files/output/root/PoT_Nuance_event_files/17th_test_run/events_5946.root,41741,4,h100;h3;h1;h50
OK,/exp/uboone/data/users/jburridg/Nuance/NUANCE/NUANCE_event_files/output/root/PoT_Nuance_event_files/17th_test_run/events_6461.root,43791,4,h100;h3;h1;h50
OK,/exp/uboone/data/users/jburridg/Nuance/NUANCE/NUANCE_event_files/output/root/PoT_Nuance_event_files/17th_test_run/events_6182.root,43754,4,h100;h3;h1;h50
OK,/exp/uboone/data/users/jburridg/Nuance/NUANCE/NUANCE_event_files/output/root/PoT_Nuance_event_files/17th_test_run/events_5813.root,45118,4,h100;h3;h1;h50
OK,/exp/uboone/data/users/jburridg/Nuance/NUANCE/NUANCE_event_files/output/root/PoT_Nuance_event_files/17th_test_run/events_6414.root,41694,4,h100;h3;h1;h50
OK,/exp/uboone/data/users/jburridg/Nuance/NUANCE/NUANCE_event_files/output/root/PoT_Nuance_event_files/17th_test_run/events_6412.root,42917,4,h100;h3;h1;h50
OK,/exp/uboone/data/users/jburridg/Nuance/NUANCE/NUANCE_event_files/output/root/PoT_Nuance_event_files/17th_test_run/events_6074.root,44312,4,h100;h3;h1;h50
OK,/exp/uboone/data/users/jburridg/Nuance/NUANCE/NUANCE_event_files/output/root/PoT_Nuance_event_files/17th_test_run/events_6602.root,40398,4,h100;h3;h1;h50
OK,/exp/uboone/data/users/jburridg/Nuance/NUANCE/NUANCE_event_files/output/root/PoT_Nuance_event_files/17th_test_run/events_5902.root,45187,4,h100;h3;h1;h50
OK,/exp/uboone/data/users/jburridg/Nuance/NUANCE/NUANCE_event_files/output/root/PoT_Nuance_event_files/17th_test_run/events_6319.root,43485,4,h100;h3;h1;h50
OK,/exp/uboone/data/users/jburridg/Nuance/NUANCE/NUANCE_event_files/output/root/PoT_Nuance_event_files/17th_test_run/events_6571.root,41720,4,h100;h3;h1;h50
OK,/exp/uboone/data/users/jburridg/Nuance/NUANCE/NUANCE_event_files/output/root/PoT_Nuance_event_files/17th_test_run/events_5727.root,42387,4,h100;h3;h1;h50
OK,/exp/uboone/data/users/jburridg/Nuance/NUANCE/NUANCE_event_files/output/root/PoT_Nuance_event_files/17th_test_run/events_5824.root,44794,4,h100;h3;h1;h50
OK,/exp/uboone/data/users/jburridg/Nuance/NUANCE/NUANCE_event_files/output/root/PoT_Nuance_event_files/17th_test_run/events_6240.root,40992,4,h100;h3;h1;h50
OK,/exp/uboone/data/users/jburridg/Nuance/NUANCE/NUANCE_event_files/output/root/PoT_Nuance_event_files/17th_test_run/events_6053.root,44677,4,h100;h3;h1;h50
OK,/exp/uboone/data/users/jburridg/Nuance/NUANCE/NUANCE_event_files/output/root/PoT_Nuance_event_files/17th_test_run/events_6518.root,41194,4,h100;h3;h1;h50
OK,/exp/uboone/data/users/jburridg/Nuance/NUANCE/NUANCE_event_files/output/root/PoT_Nuance_event_files/17th_test_run/events_5833.root,41708,4,h100;h3;h1;h50
OK,/exp/uboone/data/users/jburridg/Nuance/NUANCE/NUANCE_event_files/output/root/PoT_Nuance_event_files/17th_test_run/events_6324.root,44959,4,h100;h3;h1;h50
OK,/exp/uboone/data/users/jburridg/Nuance/NUANCE/NUANCE_event_files/output/root/PoT_Nuance_event_files/17th_test_run/events_6550.root,43534,4,h100;h3;h1;h50
OK,/exp/uboone/data/users/jburridg/Nuance/NUANCE/NUANCE_event_files/output/root/PoT_Nuance_event_files/17th_test_run/events_6470.root,44026,4,h100;h3;h1;h50
OK,/exp/uboone/data/users/jburridg/Nuance/NUANCE/NUANCE_event_files/output/root/PoT_Nuance_event_files/17th_test_run/events_6520.root,42983,4,h100;h3;h1;h50
OK,/exp/uboone/data/users/jburridg/Nuance/NUANCE/NUANCE_event_files/output/root/PoT_Nuance_event_files/17th_test_run/events_6317.root,41806,4,h100;h3;h1;h50
OK,/exp/uboone/data/users/jburridg/Nuance/NUANCE/NUANCE_event_files/output/root/PoT_Nuance_event_files/17th_test_run/events_6361.root,43306,4,h100;h3;h1;h50
OK,/exp/uboone/data/users/jburridg/Nuance/NUANCE/NUANCE_event_files/output/root/PoT_Nuance_event_files/17th_test_run/events_6620.root,44847,4,h100;h3;h1;h50
OK,/exp/uboone/data/users/jburridg/Nuance/NUANCE/NUANCE_event_files/output/root/PoT_Nuance_event_files/17th_test_run/events_6054.root,42806,4,h100;h3;h1;h50
OK,/exp/uboone/data/users/jburridg/Nuance/NUANCE/NUANCE_event_files/output/root/PoT_Nuance_event_files/17th_test_run/events_6618.root,42485,4,h100;h3;h1;h50
OK,/exp/uboone/data/users/jburridg/Nuance/NUANCE/NUANCE_event_files/output/root/PoT_Nuance_event_files/17th_test_run/events_6336.root,41504,4,h100;h3;h1;h50
OK,/exp/uboone/data/users/jburridg/Nuance/NUANCE/NUANCE_event_files/output/root/PoT_Nuance_event_files/17th_test_run/events_6688.root,40845,4,h100;h3;h1;h50
OK,/exp/uboone/data/users/jburridg/Nuance/NUANCE/NUANCE_event_files/output/root/PoT_Nuance_event_files/17th_test_run/events_6358.root,47622,4,h100;h3;h1;h50
OK,/exp/uboone/data/users/jburridg/Nuance/NUANCE/NUANCE_event_files/output/root/PoT_Nuance_event_files/17th_test_run/events_5956.root,45496,4,h100;h3;h1;h50
OK,/exp/uboone/data/users/jburridg/Nuance/NUANCE/NUANCE_event_files/output/root/PoT_Nuance_event_files/17th_test_run/events_5794.root,43114,4,h100;h3;h1;h50
OK,/exp/uboone/data/users/jburridg/Nuance/NUANCE/NUANCE_event_files/output/root/PoT_Nuance_event_files/17th_test_run/events_6501.root,41208,4,h100;h3;h1;h50
OK,/exp/uboone/data/users/jburridg/Nuance/NUANCE/NUANCE_event_files/output/root/PoT_Nuance_event_files/17th_test_run/events_6670.root,44763,4,h100;h3;h1;h50
OK,/exp/uboone/data/users/jburridg/Nuance/NUANCE/NUANCE_event_files/output/root/PoT_Nuance_event_files/17th_test_run/events_6443.root,43791,4,h100;h3;h1;h50
OK,/exp/uboone/data/users/jburridg/Nuance/NUANCE/NUANCE_event_files/output/root/PoT_Nuance_event_files/17th_test_run/events_5764.root,43144,4,h100;h3;h1;h50
OK,/exp/uboone/data/users/jburridg/Nuance/NUANCE/NUANCE_event_files/output/root/PoT_Nuance_event_files/17th_test_run/events_6642.root,42197,4,h100;h3;h1;h50
OK,/exp/uboone/data/users/jburridg/Nuance/NUANCE/NUANCE_event_files/output/root/PoT_Nuance_event_files/17th_test_run/events_6384.root,43506,4,h100;h3;h1;h50
OK,/exp/uboone/data/users/jburridg/Nuance/NUANCE/NUANCE_event_files/output/root/PoT_Nuance_event_files/17th_test_run/events_6128.root,43208,4,h100;h3;h1;h50
OK,/exp/uboone/data/users/jburridg/Nuance/NUANCE/NUANCE_event_files/output/root/PoT_Nuance_event_files/17th_test_run/events_6671.root,42797,4,h100;h3;h1;h50
OK,/exp/uboone/data/users/jburridg/Nuance/NUANCE/NUANCE_event_files/output/root/PoT_Nuance_event_files/17th_test_run/events_6121.root,44977,4,h100;h3;h1;h50
OK,/exp/uboone/data/users/jburridg/Nuance/NUANCE/NUANCE_event_files/output/root/PoT_Nuance_event_files/17th_test_run/events_5944.root,43025,4,h100;h3;h1;h50
OK,/exp/uboone/data/users/jburridg/Nuance/NUANCE/NUANCE_event_files/output/root/PoT_Nuance_event_files/17th_test_run/events_6137.root,41368,4,h100;h3;h1;h50
OK,/exp/uboone/data/users/jburridg/Nuance/NUANCE/NUANCE_event_files/output/root/PoT_Nuance_event_files/17th_test_run/events_6535.root,41939,4,h100;h3;h1;h50
OK,/exp/uboone/data/users/jburridg/Nuance/NUANCE/NUANCE_event_files/output/root/PoT_Nuance_event_files/17th_test_run/events_6445.root,43260,4,h100;h3;h1;h50
OK,/exp/uboone/data/users/jburridg/Nuance/NUANCE/NUANCE_event_files/output/root/PoT_Nuance_event_files/17th_test_run/events_6329.root,43082,4,h100;h3;h1;h50
OK,/exp/uboone/data/users/jburridg/Nuance/NUANCE/NUANCE_event_files/output/root/PoT_Nuance_event_files/17th_test_run/events_5774.root,44955,4,h100;h3;h1;h50
OK,/exp/uboone/data/users/jburridg/Nuance/NUANCE/NUANCE_event_files/output/root/PoT_Nuance_event_files/17th_test_run/events_5869.root,41220,4,h100;h3;h1;h50
OK,/exp/uboone/data/users/jburridg/Nuance/NUANCE/NUANCE_event_files/output/root/PoT_Nuance_event_files/17th_test_run/events_6353.root,45195,4,h100;h3;h1;h50
OK,/exp/uboone/data/users/jburridg/Nuance/NUANCE/NUANCE_event_files/output/root/PoT_Nuance_event_files/17th_test_run/events_5930.root,44362,4,h100;h3;h1;h50
OK,/exp/uboone/data/users/jburridg/Nuance/NUANCE/NUANCE_event_files/output/root/PoT_Nuance_event_files/17th_test_run/events_6241.root,42912,4,h100;h3;h1;h50
OK,/exp/uboone/data/users/jburridg/Nuance/NUANCE/NUANCE_event_files/output/root/PoT_Nuance_event_files/17th_test_run/events_6098.root,44068,4,h100;h3;h1;h50
OK,/exp/uboone/data/users/jburridg/Nuance/NUANCE/NUANCE_event_files/output/root/PoT_Nuance_event_files/17th_test_run/events_6114.root,43476,4,h100;h3;h1;h50
OK,/exp/uboone/data/users/jburridg/Nuance/NUANCE/NUANCE_event_files/output/root/PoT_Nuance_event_files/17th_test_run/events_6165.root,42229,4,h100;h3;h1;h50
OK,/exp/uboone/data/users/jburridg/Nuance/NUANCE/NUANCE_event_files/output/root/PoT_Nuance_event_files/17th_test_run/events_6565.root,42887,4,h100;h3;h1;h50
OK,/exp/uboone/data/users/jburridg/Nuance/NUANCE/NUANCE_event_files/output/root/PoT_Nuance_event_files/17th_test_run/events_6499.root,42376,4,h100;h3;h1;h50
OK,/exp/uboone/data/users/jburridg/Nuance/NUANCE/NUANCE_event_files/output/root/PoT_Nuance_event_files/17th_test_run/events_5986.root,44850,4,h100;h3;h1;h50
OK,/exp/uboone/data/users/jburridg/Nuance/NUANCE/NUANCE_event_files/output/root/PoT_Nuance_event_files/17th_test_run/events_6621.root,42563,4,h100;h3;h1;h50
OK,/exp/uboone/data/users/jburridg/Nuance/NUANCE/NUANCE_event_files/output/root/PoT_Nuance_event_files/17th_test_run/events_6350.root,41470,4,h100;h3;h1;h50
OK,/exp/uboone/data/users/jburridg/Nuance/NUANCE/NUANCE_event_files/output/root/PoT_Nuance_event_files/17th_test_run/events_5904.root,41452,4,h100;h3;h1;h50
OK,/exp/uboone/data/users/jburridg/Nuance/NUANCE/NUANCE_event_files/output/root/PoT_Nuance_event_files/17th_test_run/events_6289.root,43878,4,h100;h3;h1;h50
OK,/exp/uboone/data/users/jburridg/Nuance/NUANCE/NUANCE_event_files/output/root/PoT_Nuance_event_files/17th_test_run/events_6435.root,41228,4,h100;h3;h1;h50
OK,/exp/uboone/data/users/jburridg/Nuance/NUANCE/NUANCE_event_files/output/root/PoT_Nuance_event_files/17th_test_run/events_6206.root,41847,4,h100;h3;h1;h50
OK,/exp/uboone/data/users/jburridg/Nuance/NUANCE/NUANCE_event_files/output/root/PoT_Nuance_event_files/17th_test_run/events_6150.root,41650,4,h100;h3;h1;h50
OK,/exp/uboone/data/users/jburridg/Nuance/NUANCE/NUANCE_event_files/output/root/PoT_Nuance_event_files/17th_test_run/events_6023.root,42666,4,h100;h3;h1;h50
OK,/exp/uboone/data/users/jburridg/Nuance/NUANCE/NUANCE_event_files/output/root/PoT_Nuance_event_files/17th_test_run/events_6021.root,44024,4,h100;h3;h1;h50
OK,/exp/uboone/data/users/jburridg/Nuance/NUANCE/NUANCE_event_files/output/root/PoT_Nuance_event_files/17th_test_run/events_6059.root,42918,4,h100;h3;h1;h50
OK,/exp/uboone/data/users/jburridg/Nuance/NUANCE/NUANCE_event_files/output/root/PoT_Nuance_event_files/17th_test_run/events_5937.root,41811,4,h100;h3;h1;h50
OK,/exp/uboone/data/users/jburridg/Nuance/NUANCE/NUANCE_event_files/output/root/PoT_Nuance_event_files/17th_test_run/events_5845.root,43645,4,h100;h3;h1;h50
OK,/exp/uboone/data/users/jburridg/Nuance/NUANCE/NUANCE_event_files/output/root/PoT_Nuance_event_files/17th_test_run/events_6594.root,45523,4,h100;h3;h1;h50
OK,/exp/uboone/data/users/jburridg/Nuance/NUANCE/NUANCE_event_files/output/root/PoT_Nuance_event_files/17th_test_run/events_6078.root,42840,4,h100;h3;h1;h50
OK,/exp/uboone/data/users/jburridg/Nuance/NUANCE/NUANCE_event_files/output/root/PoT_Nuance_event_files/17th_test_run/events_5820.root,43335,4,h100;h3;h1;h50
OK,/exp/uboone/data/users/jburridg/Nuance/NUANCE/NUANCE_event_files/output/root/PoT_Nuance_event_files/17th_test_run/events_6625.root,42974,4,h100;h3;h1;h50
OK,/exp/uboone/data/users/jburridg/Nuance/NUANCE/NUANCE_event_files/output/root/PoT_Nuance_event_files/17th_test_run/events_5891.root,42139,4,h100;h3;h1;h50
OK,/exp/uboone/data/users/jburridg/Nuance/NUANCE/NUANCE_event_files/output/root/PoT_Nuance_event_files/17th_test_run/events_5854.root,46040,4,h100;h3;h1;h50
OK,/exp/uboone/data/users/jburridg/Nuance/NUANCE/NUANCE_event_files/output/root/PoT_Nuance_event_files/17th_test_run/events_5915.root,42285,4,h100;h3;h1;h50
OK,/exp/uboone/data/users/jburridg/Nuance/NUANCE/NUANCE_event_files/output/root/PoT_Nuance_event_files/17th_test_run/events_5985.root,43676,4,h100;h3;h1;h50
OK,/exp/uboone/data/users/jburridg/Nuance/NUANCE/NUANCE_event_files/output/root/PoT_Nuance_event_files/17th_test_run/events_5962.root,42333,4,h100;h3;h1;h50
OK,/exp/uboone/data/users/jburridg/Nuance/NUANCE/NUANCE_event_files/output/root/PoT_Nuance_event_files/17th_test_run/events_6258.root,43097,4,h100;h3;h1;h50
OK,/exp/uboone/data/users/jburridg/Nuance/NUANCE/NUANCE_event_files/output/root/PoT_Nuance_event_files/17th_test_run/events_6409.root,47566,4,h100;h3;h1;h50
OK,/exp/uboone/data/users/jburridg/Nuance/NUANCE/NUANCE_event_files/output/root/PoT_Nuance_event_files/17th_test_run/events_5994.root,40883,4,h100;h3;h1;h50
OK,/exp/uboone/data/users/jburridg/Nuance/NUANCE/NUANCE_event_files/output/root/PoT_Nuance_event_files/17th_test_run/events_6270.root,41864,4,h100;h3;h1;h50
OK,/exp/uboone/data/users/jburridg/Nuance/NUANCE/NUANCE_event_files/output/root/PoT_Nuance_event_files/17th_test_run/events_6649.root,44098,4,h100;h3;h1;h50
OK,/exp/uboone/data/users/jburridg/Nuance/NUANCE/NUANCE_event_files/output/root/PoT_Nuance_event_files/17th_test_run/events_6355.root,43672,4,h100;h3;h1;h50
OK,/exp/uboone/data/users/jburridg/Nuance/NUANCE/NUANCE_event_files/output/root/PoT_Nuance_event_files/17th_test_run/events_6510.root,42551,4,h100;h3;h1;h50
OK,/exp/uboone/data/users/jburridg/Nuance/NUANCE/NUANCE_event_files/output/root/PoT_Nuance_event_files/17th_test_run/events_6275.root,42062,4,h100;h3;h1;h50
OK,/exp/uboone/data/users/jburridg/Nuance/NUANCE/NUANCE_event_files/output/root/PoT_Nuance_event_files/17th_test_run/events_5949.root,45091,4,h100;h3;h1;h50
OK,/exp/uboone/data/users/jburridg/Nuance/NUANCE/NUANCE_event_files/output/root/PoT_Nuance_event_files/17th_test_run/events_6153.root,47392,4,h100;h3;h1;h50
OK,/exp/uboone/data/users/jburridg/Nuance/NUANCE/NUANCE_event_files/output/root/PoT_Nuance_event_files/17th_test_run/events_6413.root,42226,4,h100;h3;h1;h50
OK,/exp/uboone/data/users/jburridg/Nuance/NUANCE/NUANCE_event_files/output/root/PoT_Nuance_event_files/17th_test_run/events_6695.root,43583,4,h100;h3;h1;h50
OK,/exp/uboone/data/users/jburridg/Nuance/NUANCE/NUANCE_event_files/output/root/PoT_Nuance_event_files/17th_test_run/events_5743.root,42732,4,h100;h3;h1;h50
OK,/exp/uboone/data/users/jburridg/Nuance/NUANCE/NUANCE_event_files/output/root/PoT_Nuance_event_files/17th_test_run/events_6515.root,42266,4,h100;h3;h1;h50
OK,/exp/uboone/data/users/jburridg/Nuance/NUANCE/NUANCE_event_files/output/root/PoT_Nuance_event_files/17th_test_run/events_5997.root,43553,4,h100;h3;h1;h50
OK,/exp/uboone/data/users/jburridg/Nuance/NUANCE/NUANCE_event_files/output/root/PoT_Nuance_event_files/17th_test_run/events_5934.root,43552,4,h100;h3;h1;h50
OK,/exp/uboone/data/users/jburridg/Nuance/NUANCE/NUANCE_event_files/output/root/PoT_Nuance_event_files/17th_test_run/events_5740.root,45591,4,h100;h3;h1;h50
OK,/exp/uboone/data/users/jburridg/Nuance/NUANCE/NUANCE_event_files/output/root/PoT_Nuance_event_files/17th_test_run/events_6610.root,43944,4,h100;h3;h1;h50
OK,/exp/uboone/data/users/jburridg/Nuance/NUANCE/NUANCE_event_files/output/root/PoT_Nuance_event_files/17th_test_run/events_6664.root,44463,4,h100;h3;h1;h50
OK,/exp/uboone/data/users/jburridg/Nuance/NUANCE/NUANCE_event_files/output/root/PoT_Nuance_event_files/17th_test_run/events_6566.root,44803,4,h100;h3;h1;h50
OK,/exp/uboone/data/users/jburridg/Nuance/NUANCE/NUANCE_event_files/output/root/PoT_Nuance_event_files/17th_test_run/events_6490.root,43523,4,h100;h3;h1;h50
OK,/exp/uboone/data/users/jburridg/Nuance/NUANCE/NUANCE_event_files/output/root/PoT_Nuance_event_files/17th_test_run/events_5725.root,43507,4,h100;h3;h1;h50
OK,/exp/uboone/data/users/jburridg/Nuance/NUANCE/NUANCE_event_files/output/root/PoT_Nuance_event_files/17th_test_run/events_5705.root,42269,4,h100;h3;h1;h50
OK,/exp/uboone/data/users/jburridg/Nuance/NUANCE/NUANCE_event_files/output/root/PoT_Nuance_event_files/17th_test_run/events_6205.root,43264,4,h100;h3;h1;h50
OK,/exp/uboone/data/users/jburridg/Nuance/NUANCE/NUANCE_event_files/output/root/PoT_Nuance_event_files/17th_test_run/events_6332.root,40798,4,h100;h3;h1;h50
OK,/exp/uboone/data/users/jburridg/Nuance/NUANCE/NUANCE_event_files/output/root/PoT_Nuance_event_files/17th_test_run/events_6669.root,42878,4,h100;h3;h1;h50
OK,/exp/uboone/data/users/jburridg/Nuance/NUANCE/NUANCE_event_files/output/root/PoT_Nuance_event_files/17th_test_run/events_6075.root,43104,4,h100;h3;h1;h50
OK,/exp/uboone/data/users/jburridg/Nuance/NUANCE/NUANCE_event_files/output/root/PoT_Nuance_event_files/17th_test_run/events_5928.root,44147,4,h100;h3;h1;h50
OK,/exp/uboone/data/users/jburridg/Nuance/NUANCE/NUANCE_event_files/output/root/PoT_Nuance_event_files/17th_test_run/events_6104.root,42484,4,h100;h3;h1;h50
OK,/exp/uboone/data/users/jburridg/Nuance/NUANCE/NUANCE_event_files/output/root/PoT_Nuance_event_files/17th_test_run/events_6433.root,42742,4,h100;h3;h1;h50
OK,/exp/uboone/data/users/jburridg/Nuance/NUANCE/NUANCE_event_files/output/root/PoT_Nuance_event_files/17th_test_run/events_6407.root,43478,4,h100;h3;h1;h50
OK,/exp/uboone/data/users/jburridg/Nuance/NUANCE/NUANCE_event_files/output/root/PoT_Nuance_event_files/17th_test_run/events_5801.root,41300,4,h100;h3;h1;h50
OK,/exp/uboone/data/users/jburridg/Nuance/NUANCE/NUANCE_event_files/output/root/PoT_Nuance_event_files/17th_test_run/events_6397.root,41412,4,h100;h3;h1;h50
OK,/exp/uboone/data/users/jburridg/Nuance/NUANCE/NUANCE_event_files/output/root/PoT_Nuance_event_files/17th_test_run/events_6282.root,44836,4,h100;h3;h1;h50
OK,/exp/uboone/data/users/jburridg/Nuance/NUANCE/NUANCE_event_files/output/root/PoT_Nuance_event_files/17th_test_run/events_6232.root,41992,4,h100;h3;h1;h50
OK,/exp/uboone/data/users/jburridg/Nuance/NUANCE/NUANCE_event_files/output/root/PoT_Nuance_event_files/17th_test_run/events_6658.root,41423,4,h100;h3;h1;h50
OK,/exp/uboone/data/users/jburridg/Nuance/NUANCE/NUANCE_event_files/output/root/PoT_Nuance_event_files/17th_test_run/events_5918.root,41367,4,h100;h3;h1;h50
OK,/exp/uboone/data/users/jburridg/Nuance/NUANCE/NUANCE_event_files/output/root/PoT_Nuance_event_files/17th_test_run/events_6408.root,43821,4,h100;h3;h1;h50
OK,/exp/uboone/data/users/jburridg/Nuance/NUANCE/NUANCE_event_files/output/root/PoT_Nuance_event_files/17th_test_run/events_5897.root,44302,4,h100;h3;h1;h50
OK,/exp/uboone/data/users/jburridg/Nuance/NUANCE/NUANCE_event_files/output/root/PoT_Nuance_event_files/17th_test_run/events_6125.root,41435,4,h100;h3;h1;h50
OK,/exp/uboone/data/users/jburridg/Nuance/NUANCE/NUANCE_event_files/output/root/PoT_Nuance_event_files/17th_test_run/events_6274.root,44171,4,h100;h3;h1;h50
OK,/exp/uboone/data/users/jburridg/Nuance/NUANCE/NUANCE_event_files/output/root/PoT_Nuance_event_files/17th_test_run/events_6622.root,42287,4,h100;h3;h1;h50
OK,/exp/uboone/data/users/jburridg/Nuance/NUANCE/NUANCE_event_files/output/root/PoT_Nuance_event_files/17th_test_run/events_6234.root,43671,4,h100;h3;h1;h50
OK,/exp/uboone/data/users/jburridg/Nuance/NUANCE/NUANCE_event_files/output/root/PoT_Nuance_event_files/17th_test_run/events_5960.root,43475,4,h100;h3;h1;h50
OK,/exp/uboone/data/users/jburridg/Nuance/NUANCE/NUANCE_event_files/output/root/PoT_Nuance_event_files/17th_test_run/events_6063.root,42471,4,h100;h3;h1;h50
OK,/exp/uboone/data/users/jburridg/Nuance/NUANCE/NUANCE_event_files/output/root/PoT_Nuance_event_files/17th_test_run/events_6067.root,44387,4,h100;h3;h1;h50
OK,/exp/uboone/data/users/jburridg/Nuance/NUANCE/NUANCE_event_files/output/root/PoT_Nuance_event_files/17th_test_run/events_6581.root,45414,4,h100;h3;h1;h50
OK,/exp/uboone/data/users/jburridg/Nuance/NUANCE/NUANCE_event_files/output/root/PoT_Nuance_event_files/17th_test_run/events_5784.root,44029,4,h100;h3;h1;h50
OK,/exp/uboone/data/users/jburridg/Nuance/NUANCE/NUANCE_event_files/output/root/PoT_Nuance_event_files/17th_test_run/events_6265.root,45631,4,h100;h3;h1;h50
OK,/exp/uboone/data/users/jburridg/Nuance/NUANCE/NUANCE_event_files/output/root/PoT_Nuance_event_files/17th_test_run/events_6447.root,41644,4,h100;h3;h1;h50
OK,/exp/uboone/data/users/jburridg/Nuance/NUANCE/NUANCE_event_files/output/root/PoT_Nuance_event_files/17th_test_run/events_6612.root,44408,4,h100;h3;h1;h50
OK,/exp/uboone/data/users/jburridg/Nuance/NUANCE/NUANCE_event_files/output/root/PoT_Nuance_event_files/17th_test_run/events_6690.root,42592,4,h100;h3;h1;h50
OK,/exp/uboone/data/users/jburridg/Nuance/NUANCE/NUANCE_event_files/output/root/PoT_Nuance_event_files/17th_test_run/events_5829.root,44684,4,h100;h3;h1;h50
OK,/exp/uboone/data/users/jburridg/Nuance/NUANCE/NUANCE_event_files/output/root/PoT_Nuance_event_files/17th_test_run/events_6378.root,42035,4,h100;h3;h1;h50
OK,/exp/uboone/data/users/jburridg/Nuance/NUANCE/NUANCE_event_files/output/root/PoT_Nuance_event_files/17th_test_run/events_6250.root,42935,4,h100;h3;h1;h50
OK,/exp/uboone/data/users/jburridg/Nuance/NUANCE/NUANCE_event_files/output/root/PoT_Nuance_event_files/17th_test_run/events_6209.root,42967,4,h100;h3;h1;h50
OK,/exp/uboone/data/users/jburridg/Nuance/NUANCE/NUANCE_event_files/output/root/PoT_Nuance_event_files/17th_test_run/events_6033.root,43295,4,h100;h3;h1;h50
OK,/exp/uboone/data/users/jburridg/Nuance/NUANCE/NUANCE_event_files/output/root/PoT_Nuance_event_files/17th_test_run/events_6220.root,42590,4,h100;h3;h1;h50
OK,/exp/uboone/data/users/jburridg/Nuance/NUANCE/NUANCE_event_files/output/root/PoT_Nuance_event_files/17th_test_run/events_6422.root,43151,4,h100;h3;h1;h50
OK,/exp/uboone/data/users/jburridg/Nuance/NUANCE/NUANCE_event_files/output/root/PoT_Nuance_event_files/17th_test_run/events_6478.root,45283,4,h100;h3;h1;h50
OK,/exp/uboone/data/users/jburridg/Nuance/NUANCE/NUANCE_event_files/output/root/PoT_Nuance_event_files/17th_test_run/events_6584.root,44002,4,h100;h3;h1;h50
OK,/exp/uboone/data/users/jburridg/Nuance/NUANCE/NUANCE_event_files/output/root/PoT_Nuance_event_files/17th_test_run/events_6637.root,44083,4,h100;h3;h1;h50
OK,/exp/uboone/data/users/jburridg/Nuance/NUANCE/NUANCE_event_files/output/root/PoT_Nuance_event_files/17th_test_run/events_6468.root,42788,4,h100;h3;h1;h50
OK,/exp/uboone/data/users/jburridg/Nuance/NUANCE/NUANCE_event_files/output/root/PoT_Nuance_event_files/17th_test_run/events_6507.root,41757,4,h100;h3;h1;h50
OK,/exp/uboone/data/users/jburridg/Nuance/NUANCE/NUANCE_event_files/output/root/PoT_Nuance_event_files/17th_test_run/events_5932.root,41643,4,h100;h3;h1;h50
OK,/exp/uboone/data/users/jburridg/Nuance/NUANCE/NUANCE_event_files/output/root/PoT_Nuance_event_files/17th_test_run/events_6462.root,43886,4,h100;h3;h1;h50
OK,/exp/uboone/data/users/jburridg/Nuance/NUANCE/NUANCE_event_files/output/root/PoT_Nuance_event_files/17th_test_run/events_5754.root,46526,4,h100;h3;h1;h50
OK,/exp/uboone/data/users/jburridg/Nuance/NUANCE/NUANCE_event_files/output/root/PoT_Nuance_event_files/17th_test_run/events_6180.root,41043,4,h100;h3;h1;h50
OK,/exp/uboone/data/users/jburridg/Nuance/NUANCE/NUANCE_event_files/output/root/PoT_Nuance_event_files/17th_test_run/events_5999.root,44364,4,h100;h3;h1;h50
OK,/exp/uboone/data/users/jburridg/Nuance/NUANCE/NUANCE_event_files/output/root/PoT_Nuance_event_files/17th_test_run/events_6561.root,43964,4,h100;h3;h1;h50
OK,/exp/uboone/data/users/jburridg/Nuance/NUANCE/NUANCE_event_files/output/root/PoT_Nuance_event_files/17th_test_run/events_6030.root,42028,4,h100;h3;h1;h50
OK,/exp/uboone/data/users/jburridg/Nuance/NUANCE/NUANCE_event_files/output/root/PoT_Nuance_event_files/17th_test_run/events_5739.root,44810,4,h100;h3;h1;h50
OK,/exp/uboone/data/users/jburridg/Nuance/NUANCE/NUANCE_event_files/output/root/PoT_Nuance_event_files/17th_test_run/events_6564.root,44723,4,h100;h3;h1;h50
OK,/exp/uboone/data/users/jburridg/Nuance/NUANCE/NUANCE_event_files/output/root/PoT_Nuance_event_files/17th_test_run/events_5989.root,40831,4,h100;h3;h1;h50
OK,/exp/uboone/data/users/jburridg/Nuance/NUANCE/NUANCE_event_files/output/root/PoT_Nuance_event_files/17th_test_run/events_6679.root,42715,4,h100;h3;h1;h50
OK,/exp/uboone/data/users/jburridg/Nuance/NUANCE/NUANCE_event_files/output/root/PoT_Nuance_event_files/17th_test_run/events_6667.root,42993,4,h100;h3;h1;h50
OK,/exp/uboone/data/users/jburridg/Nuance/NUANCE/NUANCE_event_files/output/root/PoT_Nuance_event_files/17th_test_run/events_6568.root,42519,4,h100;h3;h1;h50
OK,/exp/uboone/data/users/jburridg/Nuance/NUANCE/NUANCE_event_files/output/root/PoT_Nuance_event_files/17th_test_run/events_6315.root,42395,4,h100;h3;h1;h50
OK,/exp/uboone/data/users/jburridg/Nuance/NUANCE/NUANCE_event_files/output/root/PoT_Nuance_event_files/17th_test_run/events_6186.root,42682,4,h100;h3;h1;h50
OK,/exp/uboone/data/users/jburridg/Nuance/NUANCE/NUANCE_event_files/output/root/PoT_Nuance_event_files/17th_test_run/events_5755.root,44506,4,h100;h3;h1;h50
OK,/exp/uboone/data/users/jburridg/Nuance/NUANCE/NUANCE_event_files/output/root/PoT_Nuance_event_files/17th_test_run/events_6639.root,40377,4,h100;h3;h1;h50
OK,/exp/uboone/data/users/jburridg/Nuance/NUANCE/NUANCE_event_files/output/root/PoT_Nuance_event_files/17th_test_run/events_5866.root,41118,4,h100;h3;h1;h50
OK,/exp/uboone/data/users/jburridg/Nuance/NUANCE/NUANCE_event_files/output/root/PoT_Nuance_event_files/17th_test_run/events_5840.root,42086,4,h100;h3;h1;h50
OK,/exp/uboone/data/users/jburridg/Nuance/NUANCE/NUANCE_event_files/output/root/PoT_Nuance_event_files/17th_test_run/events_6460.root,42741,4,h100;h3;h1;h50
OK,/exp/uboone/data/users/jburridg/Nuance/NUANCE/NUANCE_event_files/output/root/PoT_Nuance_event_files/17th_test_run/events_5961.root,46694,4,h100;h3;h1;h50
OK,/exp/uboone/data/users/jburridg/Nuance/NUANCE/NUANCE_event_files/output/root/PoT_Nuance_event_files/17th_test_run/events_5941.root,43072,4,h100;h3;h1;h50
OK,/exp/uboone/data/users/jburridg/Nuance/NUANCE/NUANCE_event_files/output/root/PoT_Nuance_event_files/17th_test_run/events_5733.root,44797,4,h100;h3;h1;h50
OK,/exp/uboone/data/users/jburridg/Nuance/NUANCE/NUANCE_event_files/output/root/PoT_Nuance_event_files/17th_test_run/events_6149.root,42263,4,h100;h3;h1;h50
OK,/exp/uboone/data/users/jburridg/Nuance/NUANCE/NUANCE_event_files/output/root/PoT_Nuance_event_files/17th_test_run/events_6423.root,42012,4,h100;h3;h1;h50
OK,/exp/uboone/data/users/jburridg/Nuance/NUANCE/NUANCE_event_files/output/root/PoT_Nuance_event_files/17th_test_run/events_6429.root,44684,4,h100;h3;h1;h50
OK,/exp/uboone/data/users/jburridg/Nuance/NUANCE/NUANCE_event_files/output/root/PoT_Nuance_event_files/17th_test_run/events_5757.root,46037,4,h100;h3;h1;h50
OK,/exp/uboone/data/users/jburridg/Nuance/NUANCE/NUANCE_event_files/output/root/PoT_Nuance_event_files/17th_test_run/events_6600.root,43681,4,h100;h3;h1;h50
OK,/exp/uboone/data/users/jburridg/Nuance/NUANCE/NUANCE_event_files/output/root/PoT_Nuance_event_files/17th_test_run/events_6039.root,45457,4,h100;h3;h1;h50
OK,/exp/uboone/data/users/jburridg/Nuance/NUANCE/NUANCE_event_files/output/root/PoT_Nuance_event_files/17th_test_run/events_6146.root,44840,4,h100;h3;h1;h50
OK,/exp/uboone/data/users/jburridg/Nuance/NUANCE/NUANCE_event_files/output/root/PoT_Nuance_event_files/17th_test_run/events_6318.root,44993,4,h100;h3;h1;h50
OK,/exp/uboone/data/users/jburridg/Nuance/NUANCE/NUANCE_event_files/output/root/PoT_Nuance_event_files/17th_test_run/events_6659.root,43787,4,h100;h3;h1;h50
OK,/exp/uboone/data/users/jburridg/Nuance/NUANCE/NUANCE_event_files/output/root/PoT_Nuance_event_files/17th_test_run/events_5974.root,43407,4,h100;h3;h1;h50
OK,/exp/uboone/data/users/jburridg/Nuance/NUANCE/NUANCE_event_files/output/root/PoT_Nuance_event_files/17th_test_run/events_6699.root,42272,4,h100;h3;h1;h50
OK,/exp/uboone/data/users/jburridg/Nuance/NUANCE/NUANCE_event_files/output/root/PoT_Nuance_event_files/17th_test_run/events_6411.root,43973,4,h100;h3;h1;h50
OK,/exp/uboone/data/users/jburridg/Nuance/NUANCE/NUANCE_event_files/output/root/PoT_Nuance_event_files/17th_test_run/events_6062.root,44334,4,h100;h3;h1;h50
OK,/exp/uboone/data/users/jburridg/Nuance/NUANCE/NUANCE_event_files/output/root/PoT_Nuance_event_files/17th_test_run/events_5807.root,41585,4,h100;h3;h1;h50
OK,/exp/uboone/data/users/jburridg/Nuance/NUANCE/NUANCE_event_files/output/root/PoT_Nuance_event_files/17th_test_run/events_6441.root,46217,4,h100;h3;h1;h50
OK,/exp/uboone/data/users/jburridg/Nuance/NUANCE/NUANCE_event_files/output/root/PoT_Nuance_event_files/17th_test_run/events_5879.root,41930,4,h100;h3;h1;h50
OK,/exp/uboone/data/users/jburridg/Nuance/NUANCE/NUANCE_event_files/output/root/PoT_Nuance_event_files/17th_test_run/events_5789.root,40834,4,h100;h3;h1;h50
OK,/exp/uboone/data/users/jburridg/Nuance/NUANCE/NUANCE_event_files/output/root/PoT_Nuance_event_files/17th_test_run/events_6449.root,42689,4,h100;h3;h1;h50
OK,/exp/uboone/data/users/jburridg/Nuance/NUANCE/NUANCE_event_files/output/root/PoT_Nuance_event_files/17th_test_run/events_5805.root,43200,4,h100;h3;h1;h50
OK,/exp/uboone/data/users/jburridg/Nuance/NUANCE/NUANCE_event_files/output/root/PoT_Nuance_event_files/17th_test_run/events_6148.root,41507,4,h100;h3;h1;h50
OK,/exp/uboone/data/users/jburridg/Nuance/NUANCE/NUANCE_event_files/output/root/PoT_Nuance_event_files/17th_test_run/events_6044.root,43836,4,h100;h3;h1;h50
OK,/exp/uboone/data/users/jburridg/Nuance/NUANCE/NUANCE_event_files/output/root/PoT_Nuance_event_files/17th_test_run/events_6183.root,45011,4,h100;h3;h1;h50
OK,/exp/uboone/data/users/jburridg/Nuance/NUANCE/NUANCE_event_files/output/root/PoT_Nuance_event_files/17th_test_run/events_5886.root,44020,4,h100;h3;h1;h50
OK,/exp/uboone/data/users/jburridg/Nuance/NUANCE/NUANCE_event_files/output/root/PoT_Nuance_event_files/17th_test_run/events_6187.root,42807,4,h100;h3;h1;h50
OK,/exp/uboone/data/users/jburridg/Nuance/NUANCE/NUANCE_event_files/output/root/PoT_Nuance_event_files/17th_test_run/events_5834.root,42973,4,h100;h3;h1;h50
OK,/exp/uboone/data/users/jburridg/Nuance/NUANCE/NUANCE_event_files/output/root/PoT_Nuance_event_files/17th_test_run/events_6541.root,41540,4,h100;h3;h1;h50
OK,/exp/uboone/data/users/jburridg/Nuance/NUANCE/NUANCE_event_files/output/root/PoT_Nuance_event_files/17th_test_run/events_6248.root,41202,4,h100;h3;h1;h50
OK,/exp/uboone/data/users/jburridg/Nuance/NUANCE/NUANCE_event_files/output/root/PoT_Nuance_event_files/17th_test_run/events_6347.root,44622,4,h100;h3;h1;h50
OK,/exp/uboone/data/users/jburridg/Nuance/NUANCE/NUANCE_event_files/output/root/PoT_Nuance_event_files/17th_test_run/events_6646.root,43662,4,h100;h3;h1;h50
OK,/exp/uboone/data/users/jburridg/Nuance/NUANCE/NUANCE_event_files/output/root/PoT_Nuance_event_files/17th_test_run/events_6095.root,41816,4,h100;h3;h1;h50
OK,/exp/uboone/data/users/jburridg/Nuance/NUANCE/NUANCE_event_files/output/root/PoT_Nuance_event_files/17th_test_run/events_6174.root,45168,4,h100;h3;h1;h50
OK,/exp/uboone/data/users/jburridg/Nuance/NUANCE/NUANCE_event_files/output/root/PoT_Nuance_event_files/17th_test_run/events_6371.root,43645,4,h100;h3;h1;h50
OK,/exp/uboone/data/users/jburridg/Nuance/NUANCE/NUANCE_event_files/output/root/PoT_Nuance_event_files/17th_test_run/events_6362.root,41653,4,h100;h3;h1;h50
OK,/exp/uboone/data/users/jburridg/Nuance/NUANCE/NUANCE_event_files/output/root/PoT_Nuance_event_files/17th_test_run/events_6559.root,44904,4,h100;h3;h1;h50
OK,/exp/uboone/data/users/jburridg/Nuance/NUANCE/NUANCE_event_files/output/root/PoT_Nuance_event_files/17th_test_run/events_5809.root,41159,4,h100;h3;h1;h50
OK,/exp/uboone/data/users/jburridg/Nuance/NUANCE/NUANCE_event_files/output/root/PoT_Nuance_event_files/17th_test_run/events_6122.root,41283,4,h100;h3;h1;h50
OK,/exp/uboone/data/users/jburridg/Nuance/NUANCE/NUANCE_event_files/output/root/PoT_Nuance_event_files/17th_test_run/events_6170.root,42240,4,h100;h3;h1;h50
OK,/exp/uboone/data/users/jburridg/Nuance/NUANCE/NUANCE_event_files/output/root/PoT_Nuance_event_files/17th_test_run/events_6446.root,40896,4,h100;h3;h1;h50
OK,/exp/uboone/data/users/jburridg/Nuance/NUANCE/NUANCE_event_files/output/root/PoT_Nuance_event_files/17th_test_run/events_6608.root,43570,4,h100;h3;h1;h50
OK,/exp/uboone/data/users/jburridg/Nuance/NUANCE/NUANCE_event_files/output/root/PoT_Nuance_event_files/17th_test_run/events_6591.root,44918,4,h100;h3;h1;h50
OK,/exp/uboone/data/users/jburridg/Nuance/NUANCE/NUANCE_event_files/output/root/PoT_Nuance_event_files/17th_test_run/events_6133.root,42634,4,h100;h3;h1;h50
OK,/exp/uboone/data/users/jburridg/Nuance/NUANCE/NUANCE_event_files/output/root/PoT_Nuance_event_files/17th_test_run/events_6530.root,41167,4,h100;h3;h1;h50
OK,/exp/uboone/data/users/jburridg/Nuance/NUANCE/NUANCE_event_files/output/root/PoT_Nuance_event_files/17th_test_run/events_6614.root,45074,4,h100;h3;h1;h50
OK,/exp/uboone/data/users/jburridg/Nuance/NUANCE/NUANCE_event_files/output/root/PoT_Nuance_event_files/17th_test_run/events_6184.root,42491,4,h100;h3;h1;h50
OK,/exp/uboone/data/users/jburridg/Nuance/NUANCE/NUANCE_event_files/output/root/PoT_Nuance_event_files/17th_test_run/events_6197.root,41905,4,h100;h3;h1;h50
OK,/exp/uboone/data/users/jburridg/Nuance/NUANCE/NUANCE_event_files/output/root/PoT_Nuance_event_files/17th_test_run/events_6485.root,43011,4,h100;h3;h1;h50
OK,/exp/uboone/data/users/jburridg/Nuance/NUANCE/NUANCE_event_files/output/root/PoT_Nuance_event_files/17th_test_run/events_6588.root,43658,4,h100;h3;h1;h50
OK,/exp/uboone/data/users/jburridg/Nuance/NUANCE/NUANCE_event_files/output/root/PoT_Nuance_event_files/17th_test_run/events_6119.root,40889,4,h100;h3;h1;h50
OK,/exp/uboone/data/users/jburridg/Nuance/NUANCE/NUANCE_event_files/output/root/PoT_Nuance_event_files/17th_test_run/events_6306.root,43321,4,h100;h3;h1;h50
OK,/exp/uboone/data/users/jburridg/Nuance/NUANCE/NUANCE_event_files/output/root/PoT_Nuance_event_files/17th_test_run/events_6290.root,43868,4,h100;h3;h1;h50
OK,/exp/uboone/data/users/jburridg/Nuance/NUANCE/NUANCE_event_files/output/root/PoT_Nuance_event_files/17th_test_run/events_6320.root,43729,4,h100;h3;h1;h50
OK,/exp/uboone/data/users/jburridg/Nuance/NUANCE/NUANCE_event_files/output/root/PoT_Nuance_event_files/17th_test_run/events_6529.root,43699,4,h100;h3;h1;h50
OK,/exp/uboone/data/users/jburridg/Nuance/NUANCE/NUANCE_event_files/output/root/PoT_Nuance_event_files/17th_test_run/events_5711.root,41749,4,h100;h3;h1;h50
OK,/exp/uboone/data/users/jburridg/Nuance/NUANCE/NUANCE_event_files/output/root/PoT_Nuance_event_files/17th_test_run/events_5750.root,44162,4,h100;h3;h1;h50
OK,/exp/uboone/data/users/jburridg/Nuance/NUANCE/NUANCE_event_files/output/root/PoT_Nuance_event_files/17th_test_run/events_5814.root,42234,4,h100;h3;h1;h50
OK,/exp/uboone/data/users/jburridg/Nuance/NUANCE/NUANCE_event_files/output/root/PoT_Nuance_event_files/17th_test_run/events_6476.root,42596,4,h100;h3;h1;h50
OK,/exp/uboone/data/users/jburridg/Nuance/NUANCE/NUANCE_event_files/output/root/PoT_Nuance_event_files/17th_test_run/events_6256.root,44133,4,h100;h3;h1;h50
OK,/exp/uboone/data/users/jburridg/Nuance/NUANCE/NUANCE_event_files/output/root/PoT_Nuance_event_files/17th_test_run/events_5952.root,42523,4,h100;h3;h1;h50
OK,/exp/uboone/data/users/jburridg/Nuance/NUANCE/NUANCE_event_files/output/root/PoT_Nuance_event_files/17th_test_run/events_6523.root,39300,4,h100;h3;h1;h50
OK,/exp/uboone/data/users/jburridg/Nuance/NUANCE/NUANCE_event_files/output/root/PoT_Nuance_event_files/17th_test_run/events_5715.root,42420,4,h100;h3;h1;h50
OK,/exp/uboone/data/users/jburridg/Nuance/NUANCE/NUANCE_event_files/output/root/PoT_Nuance_event_files/17th_test_run/events_5909.root,43058,4,h100;h3;h1;h50
OK,/exp/uboone/data/users/jburridg/Nuance/NUANCE/NUANCE_event_files/output/root/PoT_Nuance_event_files/17th_test_run/events_6328.root,45545,4,h100;h3;h1;h50
OK,/exp/uboone/data/users/jburridg/Nuance/NUANCE/NUANCE_event_files/output/root/PoT_Nuance_event_files/17th_test_run/events_5831.root,43382,4,h100;h3;h1;h50
OK,/exp/uboone/data/users/jburridg/Nuance/NUANCE/NUANCE_event_files/output/root/PoT_Nuance_event_files/17th_test_run/events_5950.root,41537,4,h100;h3;h1;h50
OK,/exp/uboone/data/users/jburridg/Nuance/NUANCE/NUANCE_event_files/output/root/PoT_Nuance_event_files/17th_test_run/events_6379.root,42433,4,h100;h3;h1;h50
OK,/exp/uboone/data/users/jburridg/Nuance/NUANCE/NUANCE_event_files/output/root/PoT_Nuance_event_files/17th_test_run/events_6313.root,44465,4,h100;h3;h1;h50
OK,/exp/uboone/data/users/jburridg/Nuance/NUANCE/NUANCE_event_files/output/root/PoT_Nuance_event_files/17th_test_run/events_6677.root,43680,4,h100;h3;h1;h50
OK,/exp/uboone/data/users/jburridg/Nuance/NUANCE/NUANCE_event_files/output/root/PoT_Nuance_event_files/17th_test_run/events_6583.root,45255,4,h100;h3;h1;h50
OK,/exp/uboone/data/users/jburridg/Nuance/NUANCE/NUANCE_event_files/output/root/PoT_Nuance_event_files/17th_test_run/events_5702.root,41819,4,h100;h3;h1;h50
OK,/exp/uboone/data/users/jburridg/Nuance/NUANCE/NUANCE_event_files/output/root/PoT_Nuance_event_files/17th_test_run/events_5919.root,42894,4,h100;h3;h1;h50
OK,/exp/uboone/data/users/jburridg/Nuance/NUANCE/NUANCE_event_files/output/root/PoT_Nuance_event_files/17th_test_run/events_6643.root,41848,4,h100;h3;h1;h50
OK,/exp/uboone/data/users/jburridg/Nuance/NUANCE/NUANCE_event_files/output/root/PoT_Nuance_event_files/17th_test_run/events_6655.root,41917,4,h100;h3;h1;h50
OK,/exp/uboone/data/users/jburridg/Nuance/NUANCE/NUANCE_event_files/output/root/PoT_Nuance_event_files/17th_test_run/events_6601.root,44659,4,h100;h3;h1;h50
OK,/exp/uboone/data/users/jburridg/Nuance/NUANCE/NUANCE_event_files/output/root/PoT_Nuance_event_files/17th_test_run/events_6692.root,41974,4,h100;h3;h1;h50
OK,/exp/uboone/data/users/jburridg/Nuance/NUANCE/NUANCE_event_files/output/root/PoT_Nuance_event_files/17th_test_run/events_6665.root,44824,4,h100;h3;h1;h50
OK,/exp/uboone/data/users/jburridg/Nuance/NUANCE/NUANCE_event_files/output/root/PoT_Nuance_event_files/17th_test_run/events_6200.root,43786,4,h100;h3;h1;h50
OK,/exp/uboone/data/users/jburridg/Nuance/NUANCE/NUANCE_event_files/output/root/PoT_Nuance_event_files/17th_test_run/events_6512.root,41449,4,h100;h3;h1;h50
OK,/exp/uboone/data/users/jburridg/Nuance/NUANCE/NUANCE_event_files/output/root/PoT_Nuance_event_files/17th_test_run/events_5913.root,42742,4,h100;h3;h1;h50
OK,/exp/uboone/data/users/jburridg/Nuance/NUANCE/NUANCE_event_files/output/root/PoT_Nuance_event_files/17th_test_run/events_6179.root,44346,4,h100;h3;h1;h50
OK,/exp/uboone/data/users/jburridg/Nuance/NUANCE/NUANCE_event_files/output/root/PoT_Nuance_event_files/17th_test_run/events_6218.root,43877,4,h100;h3;h1;h50
OK,/exp/uboone/data/users/jburridg/Nuance/NUANCE/NUANCE_event_files/output/root/PoT_Nuance_event_files/17th_test_run/events_5752.root,40745,4,h100;h3;h1;h50
OK,/exp/uboone/data/users/jburridg/Nuance/NUANCE/NUANCE_event_files/output/root/PoT_Nuance_event_files/17th_test_run/events_6099.root,46137,4,h100;h3;h1;h50
OK,/exp/uboone/data/users/jburridg/Nuance/NUANCE/NUANCE_event_files/output/root/PoT_Nuance_event_files/17th_test_run/events_6143.root,42479,4,h100;h3;h1;h50
OK,/exp/uboone/data/users/jburridg/Nuance/NUANCE/NUANCE_event_files/output/root/PoT_Nuance_event_files/17th_test_run/events_6372.root,45406,4,h100;h3;h1;h50
OK,/exp/uboone/data/users/jburridg/Nuance/NUANCE/NUANCE_event_files/output/root/PoT_Nuance_event_files/17th_test_run/events_6558.root,41631,4,h100;h3;h1;h50
OK,/exp/uboone/data/users/jburridg/Nuance/NUANCE/NUANCE_event_files/output/root/PoT_Nuance_event_files/17th_test_run/events_6029.root,43034,4,h100;h3;h1;h50
OK,/exp/uboone/data/users/jburridg/Nuance/NUANCE/NUANCE_event_files/output/root/PoT_Nuance_event_files/17th_test_run/events_5856.root,41982,4,h100;h3;h1;h50
OK,/exp/uboone/data/users/jburridg/Nuance/NUANCE/NUANCE_event_files/output/root/PoT_Nuance_event_files/17th_test_run/events_5769.root,43938,4,h100;h3;h1;h50
OK,/exp/uboone/data/users/jburridg/Nuance/NUANCE/NUANCE_event_files/output/root/PoT_Nuance_event_files/17th_test_run/events_6287.root,44094,4,h100;h3;h1;h50
OK,/exp/uboone/data/users/jburridg/Nuance/NUANCE/NUANCE_event_files/output/root/PoT_Nuance_event_files/17th_test_run/events_5759.root,45729,4,h100;h3;h1;h50
OK,/exp/uboone/data/users/jburridg/Nuance/NUANCE/NUANCE_event_files/output/root/PoT_Nuance_event_files/17th_test_run/events_6214.root,43089,4,h100;h3;h1;h50
OK,/exp/uboone/data/users/jburridg/Nuance/NUANCE/NUANCE_event_files/output/root/PoT_Nuance_event_files/17th_test_run/events_6208.root,43922,4,h100;h3;h1;h50
OK,/exp/uboone/data/users/jburridg/Nuance/NUANCE/NUANCE_event_files/output/root/PoT_Nuance_event_files/17th_test_run/events_5971.root,41813,4,h100;h3;h1;h50
OK,/exp/uboone/data/users/jburridg/Nuance/NUANCE/NUANCE_event_files/output/root/PoT_Nuance_event_files/17th_test_run/events_6563.root,42448,4,h100;h3;h1;h50
