status,filepath,size_bytes,n_trees,tree_names
OK,/exp/uboone/data/users/jburridg/Nuance/NUANCE/NUANCE_event_files/output/root/PoT_Nuance_event_files/7th_test_run/events_987.root,43259,4,h100;h3;h1;h50
OK,/exp/uboone/data/users/jburridg/Nuance/NUANCE/NUANCE_event_files/output/root/PoT_Nuance_event_files/7th_test_run/events_1285.root,43553,4,h100;h3;h1;h50
OK,/exp/uboone/data/users/jburridg/Nuance/NUANCE/NUANCE_event_files/output/root/PoT_Nuance_event_files/7th_test_run/events_1209.root,43237,4,h100;h3;h1;h50
OK,/exp/uboone/data/users/jburridg/Nuance/NUANCE/NUANCE_event_files/output/root/PoT_Nuance_event_files/7th_test_run/events_1339.root,43495,4,h100;h3;h1;h50
OK,/exp/uboone/data/users/jburridg/Nuance/NUANCE/NUANCE_event_files/output/root/PoT_Nuance_event_files/7th_test_run/events_1330.root,42121,4,h100;h3;h1;h50
OK,/exp/uboone/data/users/jburridg/Nuance/NUANCE/NUANCE_event_files/output/root/PoT_Nuance_event_files/7th_test_run/events_1008.root,44266,4,h100;h3;h1;h50
OK,/exp/uboone/data/users/jburridg/Nuance/NUANCE/NUANCE_event_files/output/root/PoT_Nuance_event_files/7th_test_run/events_1295.root,44729,4,h100;h3;h1;h50
OK,/exp/uboone/data/users/jburridg/Nuance/NUANCE/NUANCE_event_files/output/root/PoT_Nuance_event_files/7th_test_run/events_858.root,42778,4,h100;h3;h1;h50
OK,/exp/uboone/data/users/jburridg/Nuance/NUANCE/NUANCE_event_files/output/root/PoT_Nuance_event_files/7th_test_run/events_985.root,43004,4,h100;h3;h1;h50
OK,/exp/uboone/data/users/jburridg/Nuance/NUANCE/NUANCE_event_files/output/root/PoT_Nuance_event_files/7th_test_run/events_767.root,40683,4,h100;h3;h1;h50
OK,/exp/uboone/data/users/jburridg/Nuance/NUANCE/NUANCE_event_files/output/root/PoT_Nuance_event_files/7th_test_run/events_819.root,44988,4,h100;h3;h1;h50
OK,/exp/uboone/data/users/jburridg/Nuance/NUANCE/NUANCE_event_files/output/root/PoT_Nuance_event_files/7th_test_run/events_1070.root,41716,4,h100;h3;h1;h50
OK,/exp/uboone/data/users/jburridg/Nuance/NUANCE/NUANCE_event_files/output/root/PoT_Nuance_event_files/7th_test_run/events_1435.root,42693,4,h100;h3;h1;h50
OK,/exp/uboone/data/users/jburridg/Nuance/NUANCE/NUANCE_event_files/output/root/PoT_Nuance_event_files/7th_test_run/events_952.root,43130,4,h100;h3;h1;h50
OK,/exp/uboone/data/users/jburridg/Nuance/NUANCE/NUANCE_event_files/output/root/PoT_Nuance_event_files/7th_test_run/events_847.root,43883,4,h100;h3;h1;h50
OK,/exp/uboone/data/users/jburridg/Nuance/NUANCE/NUANCE_event_files/output/root/PoT_Nuance_event_files/7th_test_run/events_980.root,41882,4,h100;h3;h1;h50
OK,/exp/uboone/data/users/jburridg/Nuance/NUANCE/NUANCE_event_files/output/root/PoT_Nuance_event_files/7th_test_run/events_759.root,44695,4,h100;h3;h1;h50
OK,/exp/uboone/data/users/jburridg/Nuance/NUANCE/NUANCE_event_files/output/root/PoT_Nuance_event_files/7th_test_run/events_794.root,39520,4,h100;h3;h1;h50
OK,/exp/uboone/data/users/jburridg/Nuance/NUANCE/NUANCE_event_files/output/root/PoT_Nuance_event_files/7th_test_run/events_501.root,41639,4,h100;h3;h1;h50
OK,/exp/uboone/data/users/jburridg/Nuance/NUANCE/NUANCE_event_files/output/root/PoT_Nuance_event_files/7th_test_run/events_1029.root,41762,4,h100;h3;h1;h50
OK,/exp/uboone/data/users/jburridg/Nuance/NUANCE/NUANCE_event_files/output/root/PoT_Nuance_event_files/7th_test_run/events_877.root,41756,4,h100;h3;h1;h50
OK,/exp/uboone/data/users/jburridg/Nuance/NUANCE/NUANCE_event_files/output/root/PoT_Nuance_event_files/7th_test_run/events_1399.root,43453,4,h100;h3;h1;h50
OK,/exp/uboone/data/users/jburridg/Nuance/NUANCE/NUANCE_event_files/output/root/PoT_Nuance_event_files/7th_test_run/events_1298.root,44292,4,h100;h3;h1;h50
OK,/exp/uboone/data/users/jburridg/Nuance/NUANCE/NUANCE_event_files/output/root/PoT_Nuance_event_files/7th_test_run/events_735.root,43367,4,h100;h3;h1;h50
OK,/exp/uboone/data/users/jburridg/Nuance/NUANCE/NUANCE_event_files/output/root/PoT_Nuance_event_files/7th_test_run/events_515.root,42178,4,h100;h3;h1;h50
OK,/exp/uboone/data/users/jburridg/Nuance/NUANCE/NUANCE_event_files/output/root/PoT_Nuance_event_files/7th_test_run/events_809.root,43602,4,h100;h3;h1;h50
OK,/exp/uboone/data/users/jburridg/Nuance/NUANCE/NUANCE_event_files/output/root/PoT_Nuance_event_files/7th_test_run/events_1297.root,42435,4,h100;h3;h1;h50
OK,/exp/uboone/data/users/jburridg/Nuance/NUANCE/NUANCE_event_files/output/root/PoT_Nuance_event_files/7th_test_run/events_813.root,40937,4,h100;h3;h1;h50
OK,/exp/uboone/data/users/jburridg/Nuance/NUANCE/NUANCE_event_files/output/root/PoT_Nuance_event_files/7th_test_run/events_1268.root,43549,4,h100;h3;h1;h50
OK,/exp/uboone/data/users/jburridg/Nuance/NUANCE/NUANCE_event_files/output/root/PoT_Nuance_event_files/7th_test_run/events_1266.root,43469,4,h100;h3;h1;h50
OK,/exp/uboone/data/users/jburridg/Nuance/NUANCE/NUANCE_event_files/output/root/PoT_Nuance_event_files/7th_test_run/events_1422.root,44772,4,h100;h3;h1;h50
OK,/exp/uboone/data/users/jburridg/Nuance/NUANCE/NUANCE_event_files/output/root/PoT_Nuance_event_files/7th_test_run/events_1463.root,43139,4,h100;h3;h1;h50
OK,/exp/uboone/data/users/jburridg/Nuance/NUANCE/NUANCE_event_files/output/root/PoT_Nuance_event_files/7th_test_run/events_1195.root,44281,4,h100;h3;h1;h50
OK,/exp/uboone/data/users/jburridg/Nuance/NUANCE/NUANCE_event_files/output/root/PoT_Nuance_event_files/7th_test_run/events_1086.root,39691,4,h100;h3;h1;h50
OK,/exp/uboone/data/users/jburridg/Nuance/NUANCE/NUANCE_event_files/output/root/PoT_Nuance_event_files/7th_test_run/events_884.root,44190,4,h100;h3;h1;h50
OK,/exp/uboone/data/users/jburridg/Nuance/NUANCE/NUANCE_event_files/output/root/PoT_Nuance_event_files/7th_test_run/events_1016.root,44270,4,h100;h3;h1;h50
OK,/exp/uboone/data/users/jburridg/Nuance/NUANCE/NUANCE_event_files/output/root/PoT_Nuance_event_files/7th_test_run/events_747.root,42684,4,h100;h3;h1;h50
OK,/exp/uboone/data/users/jburridg/Nuance/NUANCE/NUANCE_event_files/output/root/PoT_Nuance_event_files/7th_test_run/events_898.root,45271,4,h100;h3;h1;h50
OK,/exp/uboone/data/users/jburridg/Nuance/NUANCE/NUANCE_event_files/output/root/PoT_Nuance_event_files/7th_test_run/events_647.root,46493,4,h100;h3;h1;h50
OK,/exp/uboone/data/users/jburridg/Nuance/NUANCE/NUANCE_event_files/output/root/PoT_Nuance_event_files/7th_test_run/events_1323.root,42652,4,h100;h3;h1;h50
OK,/exp/uboone/data/users/jburridg/Nuance/NUANCE/NUANCE_event_files/output/root/PoT_Nuance_event_files/7th_test_run/events_1134.root,41549,4,h100;h3;h1;h50
OK,/exp/uboone/data/users/jburridg/Nuance/NUANCE/NUANCE_event_files/output/root/PoT_Nuance_event_files/7th_test_run/events_1462.root,45021,4,h100;h3;h1;h50
OK,/exp/uboone/data/users/jburridg/Nuance/NUANCE/NUANCE_event_files/output/root/PoT_Nuance_event_files/7th_test_run/events_978.root,44694,4,h100;h3;h1;h50
OK,/exp/uboone/data/users/jburridg/Nuance/NUANCE/NUANCE_event_files/output/root/PoT_Nuance_event_files/7th_test_run/events_1451.root,45625,4,h100;h3;h1;h50
OK,/exp/uboone/data/users/jburridg/Nuance/NUANCE/NUANCE_event_files/output/root/PoT_Nuance_event_files/7th_test_run/events_700.root,41520,4,h100;h3;h1;h50
OK,/exp/uboone/data/users/jburridg/Nuance/NUANCE/NUANCE_event_files/output/root/PoT_Nuance_event_files/7th_test_run/events_542.root,43638,4,h100;h3;h1;h50
OK,/exp/uboone/data/users/jburridg/Nuance/NUANCE/NUANCE_event_files/output/root/PoT_Nuance_event_files/7th_test_run/events_1479.root,43175,4,h100;h3;h1;h50
OK,/exp/uboone/data/users/jburridg/Nuance/NUANCE/NUANCE_event_files/output/root/PoT_Nuance_event_files/7th_test_run/events_785.root,42415,4,h100;h3;h1;h50
OK,/exp/uboone/data/users/jburridg/Nuance/NUANCE/NUANCE_event_files/output/root/PoT_Nuance_event_files/7th_test_run/events_654.root,43534,4,h100;h3;h1;h50
OK,/exp/uboone/data/users/jburridg/Nuance/NUANCE/NUANCE_event_files/output/root/PoT_Nuance_event_files/7th_test_run/events_1432.root,44412,4,h100;h3;h1;h50
OK,/exp/uboone/data/users/jburridg/Nuance/NUANCE/NUANCE_event_files/output/root/PoT_Nuance_event_files/7th_test_run/events_1168.root,40780,4,h100;h3;h1;h50
OK,/exp/uboone/data/users/jburridg/Nuance/NUANCE/NUANCE_event_files/output/root/PoT_Nuance_event_files/7th_test_run/events_569.root,42536,4,h100;h3;h1;h50
OK,/exp/uboone/data/users/jburridg/Nuance/NUANCE/NUANCE_event_files/output/root/PoT_Nuance_event_files/7th_test_run/events_1385.root,42740,4,h100;h3;h1;h50
OK,/exp/uboone/data/users/jburridg/Nuance/NUANCE/NUANCE_event_files/output/root/PoT_Nuance_event_files/7th_test_run/events_1468.root,44386,4,h100;h3;h1;h50
OK,/exp/uboone/data/users/jburridg/Nuance/NUANCE/NUANCE_event_files/output/root/PoT_Nuance_event_files/7th_test_run/events_556.root,41532,4,h100;h3;h1;h50
OK,/exp/uboone/data/users/jburridg/Nuance/NUANCE/NUANCE_event_files/output/root/PoT_Nuance_event_files/7th_test_run/events_1284.root,41537,4,h100;h3;h1;h50
OK,/exp/uboone/data/users/jburridg/Nuance/NUANCE/NUANCE_event_files/output/root/PoT_Nuance_event_files/7th_test_run/events_669.root,44513,4,h100;h3;h1;h50
OK,/exp/uboone/data/users/jburridg/Nuance/NUANCE/NUANCE_event_files/output/root/PoT_Nuance_event_files/7th_test_run/events_608.root,41124,4,h100;h3;h1;h50
OK,/exp/uboone/data/users/jburridg/Nuance/NUANCE/NUANCE_event_files/output/root/PoT_Nuance_event_files/7th_test_run/events_1223.root,43670,4,h100;h3;h1;h50
OK,/exp/uboone/data/users/jburridg/Nuance/NUANCE/NUANCE_event_files/output/root/PoT_Nuance_event_files/7th_test_run/events_560.root,43357,4,h100;h3;h1;h50
OK,/exp/uboone/data/users/jburridg/Nuance/NUANCE/NUANCE_event_files/output/root/PoT_Nuance_event_files/7th_test_run/events_1007.root,44979,4,h100;h3;h1;h50
OK,/exp/uboone/data/users/jburridg/Nuance/NUANCE/NUANCE_event_files/output/root/PoT_Nuance_event_files/7th_test_run/events_667.root,41468,4,h100;h3;h1;h50
OK,/exp/uboone/data/users/jburridg/Nuance/NUANCE/NUANCE_event_files/output/root/PoT_Nuance_event_files/7th_test_run/events_1464.root,42086,4,h100;h3;h1;h50
OK,/exp/uboone/data/users/jburridg/Nuance/NUANCE/NUANCE_event_files/output/root/PoT_Nuance_event_files/7th_test_run/events_1193.root,44912,4,h100;h3;h1;h50
OK,/exp/uboone/data/users/jburridg/Nuance/NUANCE/NUANCE_event_files/output/root/PoT_Nuance_event_files/7th_test_run/events_823.root,41518,4,h100;h3;h1;h50
OK,/exp/uboone/data/users/jburridg/Nuance/NUANCE/NUANCE_event_files/output/root/PoT_Nuance_event_files/7th_test_run/events_551.root,43698,4,h100;h3;h1;h50
OK,/exp/uboone/data/users/jburridg/Nuance/NUANCE/NUANCE_event_files/output/root/PoT_Nuance_event_files/7th_test_run/events_1025.root,43484,4,h100;h3;h1;h50
OK,/exp/uboone/data/users/jburridg/Nuance/NUANCE/NUANCE_event_files/output/root/PoT_Nuance_event_files/7th_test_run/events_635.root,41476,4,h100;h3;h1;h50
OK,/exp/uboone/data/users/jburridg/Nuance/NUANCE/NUANCE_event_files/output/root/PoT_Nuance_event_files/7th_test_run/events_693.root,45155,4,h100;h3;h1;h50
OK,/exp/uboone/data/users/jburridg/Nuance/NUANCE/NUANCE_event_files/output/root/PoT_Nuance_event_files/7th_test_run/events_742.root,41807,4,h100;h3;h1;h50
OK,/exp/uboone/data/users/jburridg/Nuance/NUANCE/NUANCE_event_files/output/root/PoT_Nuance_event_files/7th_test_run/events_1476.root,44196,4,h100;h3;h1;h50
OK,/exp/uboone/data/users/jburridg/Nuance/NUANCE/NUANCE_event_files/output/root/PoT_Nuance_event_files/7th_test_run/events_1238.root,40202,4,h100;h3;h1;h50
OK,/exp/uboone/data/users/jburridg/Nuance/NUANCE/NUANCE_event_files/output/root/PoT_Nuance_event_files/7th_test_run/events_610.root,44067,4,h100;h3;h1;h50
OK,/exp/uboone/data/users/jburridg/Nuance/NUANCE/NUANCE_event_files/output/root/PoT_Nuance_event_files/7th_test_run/events_1218.root,44027,4,h100;h3;h1;h50
OK,/exp/uboone/data/users/jburridg/Nuance/NUANCE/NUANCE_event_files/output/root/PoT_Nuance_event_files/7th_test_run/events_793.root,46205,4,h100;h3;h1;h50
OK,/exp/uboone/data/users/jburridg/Nuance/NUANCE/NUANCE_event_files/output/root/PoT_Nuance_event_files/7th_test_run/events_1269.root,43953,4,h100;h3;h1;h50
OK,/exp/uboone/data/users/jburridg/Nuance/NUANCE/NUANCE_event_files/output/root/PoT_Nuance_event_files/7th_test_run/events_577.root,45288,4,h100;h3;h1;h50
OK,/exp/uboone/data/users/jburridg/Nuance/NUANCE/NUANCE_event_files/output/root/PoT_Nuance_event_files/7th_test_run/events_1454.root,44593,4,h100;h3;h1;h50
OK,/exp/uboone/data/users/jburridg/Nuance/NUANCE/NUANCE_event_files/output/root/PoT_Nuance_event_files/7th_test_run/events_825.root,42937,4,h100;h3;h1;h50
OK,/exp/uboone/data/users/jburridg/Nuance/NUANCE/NUANCE_event_files/output/root/PoT_Nuance_event_files/7th_test_run/events_1026.root,44270,4,h100;h3;h1;h50
OK,/exp/uboone/data/users/jburridg/Nuance/NUANCE/NUANCE_event_files/output/root/PoT_Nuance_event_files/7th_test_run/events_1322.root,43021,4,h100;h3;h1;h50
OK,/exp/uboone/data/users/jburridg/Nuance/NUANCE/NUANCE_event_files/output/root/PoT_Nuance_event_files/7th_test_run/events_712.root,43146,4,h100;h3;h1;h50
OK,/exp/uboone/data/users/jburridg/Nuance/NUANCE/NUANCE_event_files/output/root/PoT_Nuance_event_files/7th_test_run/events_902.root,42793,4,h100;h3;h1;h50
OK,/exp/uboone/data/users/jburridg/Nuance/NUANCE/NUANCE_event_files/output/root/PoT_Nuance_event_files/7th_test_run/events_659.root,43161,4,h100;h3;h1;h50
OK,/exp/uboone/data/users/jburridg/Nuance/NUANCE/NUANCE_event_files/output/root/PoT_Nuance_event_files/7th_test_run/events_1241.root,42280,4,h100;h3;h1;h50
OK,/exp/uboone/data/users/jburridg/Nuance/NUANCE/NUANCE_event_files/output/root/PoT_Nuance_event_files/7th_test_run/events_598.root,44223,4,h100;h3;h1;h50
OK,/exp/uboone/data/users/jburridg/Nuance/NUANCE/NUANCE_event_files/output/root/PoT_Nuance_event_files/7th_test_run/events_571.root,44508,4,h100;h3;h1;h50
OK,/exp/uboone/data/users/jburridg/Nuance/NUANCE/NUANCE_event_files/output/root/PoT_Nuance_event_files/7th_test_run/events_1182.root,42264,4,h100;h3;h1;h50
OK,/exp/uboone/data/users/jburridg/Nuance/NUANCE/NUANCE_event_files/output/root/PoT_Nuance_event_files/7th_test_run/events_862.root,45049,4,h100;h3;h1;h50
OK,/exp/uboone/data/users/jburridg/Nuance/NUANCE/NUANCE_event_files/output/root/PoT_Nuance_event_files/7th_test_run/events_1085.root,40737,4,h100;h3;h1;h50
OK,/exp/uboone/data/users/jburridg/Nuance/NUANCE/NUANCE_event_files/output/root/PoT_Nuance_event_files/7th_test_run/events_1212.root,43351,4,h100;h3;h1;h50
OK,/exp/uboone/data/users/jburridg/Nuance/NUANCE/NUANCE_event_files/output/root/PoT_Nuance_event_files/7th_test_run/events_984.root,45448,4,h100;h3;h1;h50
OK,/exp/uboone/data/users/jburridg/Nuance/NUANCE/NUANCE_event_files/output/root/PoT_Nuance_event_files/7th_test_run/events_834.root,42386,4,h100;h3;h1;h50
OK,/exp/uboone/data/users/jburridg/Nuance/NUANCE/NUANCE_event_files/output/root/PoT_Nuance_event_files/7th_test_run/events_851.root,42475,4,h100;h3;h1;h50
OK,/exp/uboone/data/users/jburridg/Nuance/NUANCE/NUANCE_event_files/output/root/PoT_Nuance_event_files/7th_test_run/events_1392.root,42170,4,h100;h3;h1;h50
OK,/exp/uboone/data/users/jburridg/Nuance/NUANCE/NUANCE_event_files/output/root/PoT_Nuance_event_files/7th_test_run/events_645.root,42633,4,h100;h3;h1;h50
OK,/exp/uboone/data/users/jburridg/Nuance/NUANCE/NUANCE_event_files/output/root/PoT_Nuance_event_files/7th_test_run/events_777.root,41379,4,h100;h3;h1;h50
OK,/exp/uboone/data/users/jburridg/Nuance/NUANCE/NUANCE_event_files/output/root/PoT_Nuance_event_files/7th_test_run/events_521.root,43484,4,h100;h3;h1;h50
OK,/exp/uboone/data/users/jburridg/Nuance/NUANCE/NUANCE_event_files/output/root/PoT_Nuance_event_files/7th_test_run/events_1349.root,45985,4,h100;h3;h1;h50
OK,/exp/uboone/data/users/jburridg/Nuance/NUANCE/NUANCE_event_files/output/root/PoT_Nuance_event_files/7th_test_run/events_1041.root,46101,4,h100;h3;h1;h50
OK,/exp/uboone/data/users/jburridg/Nuance/NUANCE/NUANCE_event_files/output/root/PoT_Nuance_event_files/7th_test_run/events_601.root,42388,4,h100;h3;h1;h50
OK,/exp/uboone/data/users/jburridg/Nuance/NUANCE/NUANCE_event_files/output/root/PoT_Nuance_event_files/7th_test_run/events_928.root,43061,4,h100;h3;h1;h50
OK,/exp/uboone/data/users/jburridg/Nuance/NUANCE/NUANCE_event_files/output/root/PoT_Nuance_event_files/7th_test_run/events_1052.root,40178,4,h100;h3;h1;h50
OK,/exp/uboone/data/users/jburridg/Nuance/NUANCE/NUANCE_event_files/output/root/PoT_Nuance_event_files/7th_test_run/events_1394.root,43341,4,h100;h3;h1;h50
OK,/exp/uboone/data/users/jburridg/Nuance/NUANCE/NUANCE_event_files/output/root/PoT_Nuance_event_files/7th_test_run/events_878.root,41458,4,h100;h3;h1;h50
OK,/exp/uboone/data/users/jburridg/Nuance/NUANCE/NUANCE_event_files/output/root/PoT_Nuance_event_files/7th_test_run/events_799.root,43786,4,h100;h3;h1;h50
OK,/exp/uboone/data/users/jburridg/Nuance/NUANCE/NUANCE_event_files/output/root/PoT_Nuance_event_files/7th_test_run/events_1030.root,41811,4,h100;h3;h1;h50
OK,/exp/uboone/data/users/jburridg/Nuance/NUANCE/NUANCE_event_files/output/root/PoT_Nuance_event_files/7th_test_run/events_1391.root,45364,4,h100;h3;h1;h50
OK,/exp/uboone/data/users/jburridg/Nuance/NUANCE/NUANCE_event_files/output/root/PoT_Nuance_event_files/7th_test_run/events_1361.root,44232,4,h100;h3;h1;h50
OK,/exp/uboone/data/users/jburridg/Nuance/NUANCE/NUANCE_event_files/output/root/PoT_Nuance_event_files/7th_test_run/events_1064.root,43473,4,h100;h3;h1;h50
OK,/exp/uboone/data/users/jburridg/Nuance/NUANCE/NUANCE_event_files/output/root/PoT_Nuance_event_files/7th_test_run/events_513.root,40239,4,h100;h3;h1;h50
OK,/exp/uboone/data/users/jburridg/Nuance/NUANCE/NUANCE_event_files/output/root/PoT_Nuance_event_files/7th_test_run/events_1135.root,44790,4,h100;h3;h1;h50
OK,/exp/uboone/data/users/jburridg/Nuance/NUANCE/NUANCE_event_files/output/root/PoT_Nuance_event_files/7th_test_run/events_1117.root,43456,4,h100;h3;h1;h50
OK,/exp/uboone/data/users/jburridg/Nuance/NUANCE/NUANCE_event_files/output/root/PoT_Nuance_event_files/7th_test_run/events_808.root,41871,4,h100;h3;h1;h50
OK,/exp/uboone/data/users/jburridg/Nuance/NUANCE/NUANCE_event_files/output/root/PoT_Nuance_event_files/7th_test_run/events_714.root,42227,4,h100;h3;h1;h50
OK,/exp/uboone/data/users/jburridg/Nuance/NUANCE/NUANCE_event_files/output/root/PoT_Nuance_event_files/7th_test_run/events_962.root,45012,4,h100;h3;h1;h50
OK,/exp/uboone/data/users/jburridg/Nuance/NUANCE/NUANCE_event_files/output/root/PoT_Nuance_event_files/7th_test_run/events_1115.root,40646,4,h100;h3;h1;h50
OK,/exp/uboone/data/users/jburridg/Nuance/NUANCE/NUANCE_event_files/output/root/PoT_Nuance_event_files/7th_test_run/events_876.root,41581,4,h100;h3;h1;h50
OK,/exp/uboone/data/users/jburridg/Nuance/NUANCE/NUANCE_event_files/output/root/PoT_Nuance_event_files/7th_test_run/events_895.root,44308,4,h100;h3;h1;h50
OK,/exp/uboone/data/users/jburridg/Nuance/NUANCE/NUANCE_event_files/output/root/PoT_Nuance_event_files/7th_test_run/events_894.root,44264,4,h100;h3;h1;h50
OK,/exp/uboone/data/users/jburridg/Nuance/NUANCE/NUANCE_event_files/output/root/PoT_Nuance_event_files/7th_test_run/events_621.root,43108,4,h100;h3;h1;h50
OK,/exp/uboone/data/users/jburridg/Nuance/NUANCE/NUANCE_event_files/output/root/PoT_Nuance_event_files/7th_test_run/events_607.root,43422,4,h100;h3;h1;h50
OK,/exp/uboone/data/users/jburridg/Nuance/NUANCE/NUANCE_event_files/output/root/PoT_Nuance_event_files/7th_test_run/events_1273.root,43699,4,h100;h3;h1;h50
OK,/exp/uboone/data/users/jburridg/Nuance/NUANCE/NUANCE_event_files/output/root/PoT_Nuance_event_files/7th_test_run/events_848.root,41717,4,h100;h3;h1;h50
OK,/exp/uboone/data/users/jburridg/Nuance/NUANCE/NUANCE_event_files/output/root/PoT_Nuance_event_files/7th_test_run/events_947.root,41967,4,h100;h3;h1;h50
OK,/exp/uboone/data/users/jburridg/Nuance/NUANCE/NUANCE_event_files/output/root/PoT_Nuance_event_files/7th_test_run/events_592.root,42289,4,h100;h3;h1;h50
OK,/exp/uboone/data/users/jburridg/Nuance/NUANCE/NUANCE_event_files/output/root/PoT_Nuance_event_files/7th_test_run/events_1216.root,42192,4,h100;h3;h1;h50
OK,/exp/uboone/data/users/jburridg/Nuance/NUANCE/NUANCE_event_files/output/root/PoT_Nuance_event_files/7th_test_run/events_976.root,45194,4,h100;h3;h1;h50
OK,/exp/uboone/data/users/jburridg/Nuance/NUANCE/NUANCE_event_files/output/root/PoT_Nuance_event_files/7th_test_run/events_1194.root,41231,4,h100;h3;h1;h50
OK,/exp/uboone/data/users/jburridg/Nuance/NUANCE/NUANCE_event_files/output/root/PoT_Nuance_event_files/7th_test_run/events_703.root,42056,4,h100;h3;h1;h50
OK,/exp/uboone/data/users/jburridg/Nuance/NUANCE/NUANCE_event_files/output/root/PoT_Nuance_event_files/7th_test_run/events_1439.root,44620,4,h100;h3;h1;h50
OK,/exp/uboone/data/users/jburridg/Nuance/NUANCE/NUANCE_event_files/output/root/PoT_Nuance_event_files/7th_test_run/events_639.root,42312,4,h100;h3;h1;h50
OK,/exp/uboone/data/users/jburridg/Nuance/NUANCE/NUANCE_event_files/output/root/PoT_Nuance_event_files/7th_test_run/events_1145.root,43423,4,h100;h3;h1;h50
OK,/exp/uboone/data/users/jburridg/Nuance/NUANCE/NUANCE_event_files/output/root/PoT_Nuance_event_files/7th_test_run/events_657.root,44006,4,h100;h3;h1;h50
OK,/exp/uboone/data/users/jburridg/Nuance/NUANCE/NUANCE_event_files/output/root/PoT_Nuance_event_files/7th_test_run/events_1100.root,42644,4,h100;h3;h1;h50
OK,/exp/uboone/data/users/jburridg/Nuance/NUANCE/NUANCE_event_files/output/root/PoT_Nuance_event_files/7th_test_run/events_1155.root,42673,4,h100;h3;h1;h50
OK,/exp/uboone/data/users/jburridg/Nuance/NUANCE/NUANCE_event_files/output/root/PoT_Nuance_event_files/7th_test_run/events_1071.root,42663,4,h100;h3;h1;h50
OK,/exp/uboone/data/users/jburridg/Nuance/NUANCE/NUANCE_event_files/output/root/PoT_Nuance_event_files/7th_test_run/events_609.root,43633,4,h100;h3;h1;h50
OK,/exp/uboone/data/users/jburridg/Nuance/NUANCE/NUANCE_event_files/output/root/PoT_Nuance_event_files/7th_test_run/events_1021.root,42601,4,h100;h3;h1;h50
OK,/exp/uboone/data/users/jburridg/Nuance/NUANCE/NUANCE_event_files/output/root/PoT_Nuance_event_files/7th_test_run/events_686.root,43154,4,h100;h3;h1;h50
OK,/exp/uboone/data/users/jburridg/Nuance/NUANCE/NUANCE_event_files/output/root/PoT_Nuance_event_files/7th_test_run/events_865.root,43442,4,h100;h3;h1;h50
OK,/exp/uboone/data/users/jburridg/Nuance/NUANCE/NUANCE_event_files/output/root/PoT_Nuance_event_files/7th_test_run/events_843.root,41792,4,h100;h3;h1;h50
OK,/exp/uboone/data/users/jburridg/Nuance/NUANCE/NUANCE_event_files/output/root/PoT_Nuance_event_files/7th_test_run/events_1142.root,43705,4,h100;h3;h1;h50
OK,/exp/uboone/data/users/jburridg/Nuance/NUANCE/NUANCE_event_files/output/root/PoT_Nuance_event_files/7th_test_run/events_539.root,41913,4,h100;h3;h1;h50
OK,/exp/uboone/data/users/jburridg/Nuance/NUANCE/NUANCE_event_files/output/root/PoT_Nuance_event_files/7th_test_run/events_751.root,45321,4,h100;h3;h1;h50
OK,/exp/uboone/data/users/jburridg/Nuance/NUANCE/NUANCE_event_files/output/root/PoT_Nuance_event_files/7th_test_run/events_967.root,42878,4,h100;h3;h1;h50
OK,/exp/uboone/data/users/jburridg/Nuance/NUANCE/NUANCE_event_files/output/root/PoT_Nuance_event_files/7th_test_run/events_1253.root,43279,4,h100;h3;h1;h50
OK,/exp/uboone/data/users/jburridg/Nuance/NUANCE/NUANCE_event_files/output/root/PoT_Nuance_event_files/7th_test_run/events_900.root,39979,4,h100;h3;h1;h50
OK,/exp/uboone/data/users/jburridg/Nuance/NUANCE/NUANCE_event_files/output/root/PoT_Nuance_event_files/7th_test_run/events_1028.root,43743,4,h100;h3;h1;h50
OK,/exp/uboone/data/users/jburridg/Nuance/NUANCE/NUANCE_event_files/output/root/PoT_Nuance_event_files/7th_test_run/events_1095.root,42061,4,h100;h3;h1;h50
OK,/exp/uboone/data/users/jburridg/Nuance/NUANCE/NUANCE_event_files/output/root/PoT_Nuance_event_files/7th_test_run/events_1092.root,44510,4,h100;h3;h1;h50
OK,/exp/uboone/data/users/jburridg/Nuance/NUANCE/NUANCE_event_files/output/root/PoT_Nuance_event_files/7th_test_run/events_506.root,42173,4,h100;h3;h1;h50
OK,/exp/uboone/data/users/jburridg/Nuance/NUANCE/NUANCE_event_files/output/root/PoT_Nuance_event_files/7th_test_run/events_1342.root,44464,4,h100;h3;h1;h50
OK,/exp/uboone/data/users/jburridg/Nuance/NUANCE/NUANCE_event_files/output/root/PoT_Nuance_event_files/7th_test_run/events_1428.root,42606,4,h100;h3;h1;h50
OK,/exp/uboone/data/users/jburridg/Nuance/NUANCE/NUANCE_event_files/output/root/PoT_Nuance_event_files/7th_test_run/events_1203.root,44001,4,h100;h3;h1;h50
OK,/exp/uboone/data/users/jburridg/Nuance/NUANCE/NUANCE_event_files/output/root/PoT_Nuance_event_files/7th_test_run/events_1047.root,46468,4,h100;h3;h1;h50
OK,/exp/uboone/data/users/jburridg/Nuance/NUANCE/NUANCE_event_files/output/root/PoT_Nuance_event_files/7th_test_run/events_1459.root,42158,4,h100;h3;h1;h50
OK,/exp/uboone/data/users/jburridg/Nuance/NUANCE/NUANCE_event_files/output/root/PoT_Nuance_event_files/7th_test_run/events_958.root,41486,4,h100;h3;h1;h50
OK,/exp/uboone/data/users/jburridg/Nuance/NUANCE/NUANCE_event_files/output/root/PoT_Nuance_event_files/7th_test_run/events_1000.root,42263,4,h100;h3;h1;h50
OK,/exp/uboone/data/users/jburridg/Nuance/NUANCE/NUANCE_event_files/output/root/PoT_Nuance_event_files/7th_test_run/events_1314.root,43523,4,h100;h3;h1;h50
OK,/exp/uboone/data/users/jburridg/Nuance/NUANCE/NUANCE_event_files/output/root/PoT_Nuance_event_files/7th_test_run/events_887.root,43282,4,h100;h3;h1;h50
OK,/exp/uboone/data/users/jburridg/Nuance/NUANCE/NUANCE_event_files/output/root/PoT_Nuance_event_files/7th_test_run/events_859.root,44708,4,h100;h3;h1;h50
OK,/exp/uboone/data/users/jburridg/Nuance/NUANCE/NUANCE_event_files/output/root/PoT_Nuance_event_files/7th_test_run/events_1214.root,43585,4,h100;h3;h1;h50
OK,/exp/uboone/data/users/jburridg/Nuance/NUANCE/NUANCE_event_files/output/root/PoT_Nuance_event_files/7th_test_run/events_1024.root,40501,4,h100;h3;h1;h50
OK,/exp/uboone/data/users/jburridg/Nuance/NUANCE/NUANCE_event_files/output/root/PoT_Nuance_event_files/7th_test_run/events_1244.root,43373,4,h100;h3;h1;h50
OK,/exp/uboone/data/users/jburridg/Nuance/NUANCE/NUANCE_event_files/output/root/PoT_Nuance_event_files/7th_test_run/events_936.root,41858,4,h100;h3;h1;h50
OK,/exp/uboone/data/users/jburridg/Nuance/NUANCE/NUANCE_event_files/output/root/PoT_Nuance_event_files/7th_test_run/events_1246.root,42250,4,h100;h3;h1;h50
OK,/exp/uboone/data/users/jburridg/Nuance/NUANCE/NUANCE_event_files/output/root/PoT_Nuance_event_files/7th_test_run/events_1374.root,42885,4,h100;h3;h1;h50
OK,/exp/uboone/data/users/jburridg/Nuance/NUANCE/NUANCE_event_files/output/root/PoT_Nuance_event_files/7th_test_run/events_1396.root,43217,4,h100;h3;h1;h50
OK,/exp/uboone/data/users/jburridg/Nuance/NUANCE/NUANCE_event_files/output/root/PoT_Nuance_event_files/7th_test_run/events_532.root,43675,4,h100;h3;h1;h50
OK,/exp/uboone/data/users/jburridg/Nuance/NUANCE/NUANCE_event_files/output/root/PoT_Nuance_event_files/7th_test_run/events_1386.root,43464,4,h100;h3;h1;h50
OK,/exp/uboone/data/users/jburridg/Nuance/NUANCE/NUANCE_event_files/output/root/PoT_Nuance_event_files/7th_test_run/events_864.root,45910,4,h100;h3;h1;h50
OK,/exp/uboone/data/users/jburridg/Nuance/NUANCE/NUANCE_event_files/output/root/PoT_Nuance_event_files/7th_test_run/events_1441.root,42811,4,h100;h3;h1;h50
OK,/exp/uboone/data/users/jburridg/Nuance/NUANCE/NUANCE_event_files/output/root/PoT_Nuance_event_files/7th_test_run/events_845.root,42500,4,h100;h3;h1;h50
OK,/exp/uboone/data/users/jburridg/Nuance/NUANCE/NUANCE_event_files/output/root/PoT_Nuance_event_files/7th_test_run/events_520.root,44236,4,h100;h3;h1;h50
OK,/exp/uboone/data/users/jburridg/Nuance/NUANCE/NUANCE_event_files/output/root/PoT_Nuance_event_files/7th_test_run/events_1081.root,42455,4,h100;h3;h1;h50
OK,/exp/uboone/data/users/jburridg/Nuance/NUANCE/NUANCE_event_files/output/root/PoT_Nuance_event_files/7th_test_run/events_966.root,44506,4,h100;h3;h1;h50
OK,/exp/uboone/data/users/jburridg/Nuance/NUANCE/NUANCE_event_files/output/root/PoT_Nuance_event_files/7th_test_run/events_558.root,44399,4,h100;h3;h1;h50
OK,/exp/uboone/data/users/jburridg/Nuance/NUANCE/NUANCE_event_files/output/root/PoT_Nuance_event_files/7th_test_run/events_885.root,43379,4,h100;h3;h1;h50
OK,/exp/uboone/data/users/jburridg/Nuance/NUANCE/NUANCE_event_files/output/root/PoT_Nuance_event_files/7th_test_run/events_1457.root,42353,4,h100;h3;h1;h50
OK,/exp/uboone/data/users/jburridg/Nuance/NUANCE/NUANCE_event_files/output/root/PoT_Nuance_event_files/7th_test_run/events_719.root,39902,4,h100;h3;h1;h50
OK,/exp/uboone/data/users/jburridg/Nuance/NUANCE/NUANCE_event_files/output/root/PoT_Nuance_event_files/7th_test_run/events_1051.root,44523,4,h100;h3;h1;h50
OK,/exp/uboone/data/users/jburridg/Nuance/NUANCE/NUANCE_event_files/output/root/PoT_Nuance_event_files/7th_test_run/events_1073.root,43345,4,h100;h3;h1;h50
OK,/exp/uboone/data/users/jburridg/Nuance/NUANCE/NUANCE_event_files/output/root/PoT_Nuance_event_files/7th_test_run/events_1035.root,45208,4,h100;h3;h1;h50
OK,/exp/uboone/data/users/jburridg/Nuance/NUANCE/NUANCE_event_files/output/root/PoT_Nuance_event_files/7th_test_run/events_505.root,42507,4,h100;h3;h1;h50
OK,/exp/uboone/data/users/jburridg/Nuance/NUANCE/NUANCE_event_files/output/root/PoT_Nuance_event_files/7th_test_run/events_755.root,42272,4,h100;h3;h1;h50
OK,/exp/uboone/data/users/jburridg/Nuance/NUANCE/NUANCE_event_files/output/root/PoT_Nuance_event_files/7th_test_run/events_632.root,43370,4,h100;h3;h1;h50
OK,/exp/uboone/data/users/jburridg/Nuance/NUANCE/NUANCE_event_files/output/root/PoT_Nuance_event_files/7th_test_run/events_1275.root,41592,4,h100;h3;h1;h50
OK,/exp/uboone/data/users/jburridg/Nuance/NUANCE/NUANCE_event_files/output/root/PoT_Nuance_event_files/7th_test_run/events_1356.root,44911,4,h100;h3;h1;h50
OK,/exp/uboone/data/users/jburridg/Nuance/NUANCE/NUANCE_event_files/output/root/PoT_Nuance_event_files/7th_test_run/events_1406.root,41828,4,h100;h3;h1;h50
OK,/exp/uboone/data/users/jburridg/Nuance/NUANCE/NUANCE_event_files/output/root/PoT_Nuance_event_files/7th_test_run/events_989.root,43871,4,h100;h3;h1;h50
OK,/exp/uboone/data/users/jburridg/Nuance/NUANCE/NUANCE_event_files/output/root/PoT_Nuance_event_files/7th_test_run/events_1341.root,44282,4,h100;h3;h1;h50
OK,/exp/uboone/data/users/jburridg/Nuance/NUANCE/NUANCE_event_files/output/root/PoT_Nuance_event_files/7th_test_run/events_1473.root,44426,4,h100;h3;h1;h50
OK,/exp/uboone/data/users/jburridg/Nuance/NUANCE/NUANCE_event_files/output/root/PoT_Nuance_event_files/7th_test_run/events_1334.root,44825,4,h100;h3;h1;h50
OK,/exp/uboone/data/users/jburridg/Nuance/NUANCE/NUANCE_event_files/output/root/PoT_Nuance_event_files/7th_test_run/events_943.root,45534,4,h100;h3;h1;h50
OK,/exp/uboone/data/users/jburridg/Nuance/NUANCE/NUANCE_event_files/output/root/PoT_Nuance_event_files/7th_test_run/events_1438.root,42922,4,h100;h3;h1;h50
OK,/exp/uboone/data/users/jburridg/Nuance/NUANCE/NUANCE_event_files/output/root/PoT_Nuance_event_files/7th_test_run/events_1068.root,43358,4,h100;h3;h1;h50
OK,/exp/uboone/data/users/jburridg/Nuance/NUANCE/NUANCE_event_files/output/root/PoT_Nuance_event_files/7th_test_run/events_1384.root,43725,4,h100;h3;h1;h50
OK,/exp/uboone/data/users/jburridg/Nuance/NUANCE/NUANCE_event_files/output/root/PoT_Nuance_event_files/7th_test_run/events_648.root,43772,4,h100;h3;h1;h50
OK,/exp/uboone/data/users/jburridg/Nuance/NUANCE/NUANCE_event_files/output/root/PoT_Nuance_event_files/7th_test_run/events_1239.root,42755,4,h100;h3;h1;h50
OK,/exp/uboone/data/users/jburridg/Nuance/NUANCE/NUANCE_event_files/output/root/PoT_Nuance_event_files/7th_test_run/events_830.root,42554,4,h100;h3;h1;h50
OK,/exp/uboone/data/users/jburridg/Nuance/NUANCE/NUANCE_event_files/output/root/PoT_Nuance_event_files/7th_test_run/events_1257.root,43774,4,h100;h3;h1;h50
OK,/exp/uboone/data/users/jburridg/Nuance/NUANCE/NUANCE_event_files/output/root/PoT_Nuance_event_files/7th_test_run/events_1038.root,44595,4,h100;h3;h1;h50
OK,/exp/uboone/data/users/jburridg/Nuance/NUANCE/NUANCE_event_files/output/root/PoT_Nuance_event_files/7th_test_run/events_1450.root,44016,4,h100;h3;h1;h50
OK,/exp/uboone/data/users/jburridg/Nuance/NUANCE/NUANCE_event_files/output/root/PoT_Nuance_event_files/7th_test_run/events_760.root,45858,4,h100;h3;h1;h50
OK,/exp/uboone/data/users/jburridg/Nuance/NUANCE/NUANCE_event_files/output/root/PoT_Nuance_event_files/7th_test_run/events_979.root,43148,4,h100;h3;h1;h50
OK,/exp/uboone/data/users/jburridg/Nuance/NUANCE/NUANCE_event_files/output/root/PoT_Nuance_event_files/7th_test_run/events_1222.root,42482,4,h100;h3;h1;h50
OK,/exp/uboone/data/users/jburridg/Nuance/NUANCE/NUANCE_event_files/output/root/PoT_Nuance_event_files/7th_test_run/events_1477.root,41935,4,h100;h3;h1;h50
OK,/exp/uboone/data/users/jburridg/Nuance/NUANCE/NUANCE_event_files/output/root/PoT_Nuance_event_files/7th_test_run/events_1083.root,44104,4,h100;h3;h1;h50
OK,/exp/uboone/data/users/jburridg/Nuance/NUANCE/NUANCE_event_files/output/root/PoT_Nuance_event_files/7th_test_run/events_757.root,41282,4,h100;h3;h1;h50
OK,/exp/uboone/data/users/jburridg/Nuance/NUANCE/NUANCE_event_files/output/root/PoT_Nuance_event_files/7th_test_run/events_1461.root,42412,4,h100;h3;h1;h50
OK,/exp/uboone/data/users/jburridg/Nuance/NUANCE/NUANCE_event_files/output/root/PoT_Nuance_event_files/7th_test_run/events_591.root,43411,4,h100;h3;h1;h50
OK,/exp/uboone/data/users/jburridg/Nuance/NUANCE/NUANCE_event_files/output/root/PoT_Nuance_event_files/7th_test_run/events_524.root,40356,4,h100;h3;h1;h50
OK,/exp/uboone/data/users/jburridg/Nuance/NUANCE/NUANCE_event_files/output/root/PoT_Nuance_event_files/7th_test_run/events_1113.root,41329,4,h100;h3;h1;h50
OK,/exp/uboone/data/users/jburridg/Nuance/NUANCE/NUANCE_event_files/output/root/PoT_Nuance_event_files/7th_test_run/events_927.root,42998,4,h100;h3;h1;h50
OK,/exp/uboone/data/users/jburridg/Nuance/NUANCE/NUANCE_event_files/output/root/PoT_Nuance_event_files/7th_test_run/events_805.root,43435,4,h100;h3;h1;h50
OK,/exp/uboone/data/users/jburridg/Nuance/NUANCE/NUANCE_event_files/output/root/PoT_Nuance_event_files/7th_test_run/events_839.root,42499,4,h100;h3;h1;h50
OK,/exp/uboone/data/users/jburridg/Nuance/NUANCE/NUANCE_event_files/output/root/PoT_Nuance_event_files/7th_test_run/events_576.root,42774,4,h100;h3;h1;h50
OK,/exp/uboone/data/users/jburridg/Nuance/NUANCE/NUANCE_event_files/output/root/PoT_Nuance_event_files/7th_test_run/events_996.root,44845,4,h100;h3;h1;h50
OK,/exp/uboone/data/users/jburridg/Nuance/NUANCE/NUANCE_event_files/output/root/PoT_Nuance_event_files/7th_test_run/events_817.root,42349,4,h100;h3;h1;h50
OK,/exp/uboone/data/users/jburridg/Nuance/NUANCE/NUANCE_event_files/output/root/PoT_Nuance_event_files/7th_test_run/events_1278.root,42060,4,h100;h3;h1;h50
OK,/exp/uboone/data/users/jburridg/Nuance/NUANCE/NUANCE_event_files/output/root/PoT_Nuance_event_files/7th_test_run/events_687.root,44068,4,h100;h3;h1;h50
OK,/exp/uboone/data/users/jburridg/Nuance/NUANCE/NUANCE_event_files/output/root/PoT_Nuance_event_files/7th_test_run/events_1375.root,42442,4,h100;h3;h1;h50
OK,/exp/uboone/data/users/jburridg/Nuance/NUANCE/NUANCE_event_files/output/root/PoT_Nuance_event_files/7th_test_run/events_1101.root,41440,4,h100;h3;h1;h50
OK,/exp/uboone/data/users/jburridg/Nuance/NUANCE/NUANCE_event_files/output/root/PoT_Nuance_event_files/7th_test_run/events_1340.root,44159,4,h100;h3;h1;h50
OK,/exp/uboone/data/users/jburridg/Nuance/NUANCE/NUANCE_event_files/output/root/PoT_Nuance_event_files/7th_test_run/events_670.root,42782,4,h100;h3;h1;h50
OK,/exp/uboone/data/users/jburridg/Nuance/NUANCE/NUANCE_event_files/output/root/PoT_Nuance_event_files/7th_test_run/events_582.root,43369,4,h100;h3;h1;h50
OK,/exp/uboone/data/users/jburridg/Nuance/NUANCE/NUANCE_event_files/output/root/PoT_Nuance_event_files/7th_test_run/events_1289.root,41499,4,h100;h3;h1;h50
OK,/exp/uboone/data/users/jburridg/Nuance/NUANCE/NUANCE_event_files/output/root/PoT_Nuance_event_files/7th_test_run/events_993.root,42205,4,h100;h3;h1;h50
OK,/exp/uboone/data/users/jburridg/Nuance/NUANCE/NUANCE_event_files/output/root/PoT_Nuance_event_files/7th_test_run/events_933.root,45573,4,h100;h3;h1;h50
OK,/exp/uboone/data/users/jburridg/Nuance/NUANCE/NUANCE_event_files/output/root/PoT_Nuance_event_files/7th_test_run/events_1475.root,44362,4,h100;h3;h1;h50
OK,/exp/uboone/data/users/jburridg/Nuance/NUANCE/NUANCE_event_files/output/root/PoT_Nuance_event_files/7th_test_run/events_1354.root,44128,4,h100;h3;h1;h50
OK,/exp/uboone/data/users/jburridg/Nuance/NUANCE/NUANCE_event_files/output/root/PoT_Nuance_event_files/7th_test_run/events_566.root,42107,4,h100;h3;h1;h50
OK,/exp/uboone/data/users/jburridg/Nuance/NUANCE/NUANCE_event_files/output/root/PoT_Nuance_event_files/7th_test_run/events_548.root,40168,4,h100;h3;h1;h50
OK,/exp/uboone/data/users/jburridg/Nuance/NUANCE/NUANCE_event_files/output/root/PoT_Nuance_event_files/7th_test_run/events_857.root,44053,4,h100;h3;h1;h50
OK,/exp/uboone/data/users/jburridg/Nuance/NUANCE/NUANCE_event_files/output/root/PoT_Nuance_event_files/7th_test_run/events_527.root,42681,4,h100;h3;h1;h50
OK,/exp/uboone/data/users/jburridg/Nuance/NUANCE/NUANCE_event_files/output/root/PoT_Nuance_event_files/7th_test_run/events_1227.root,40446,4,h100;h3;h1;h50
OK,/exp/uboone/data/users/jburridg/Nuance/NUANCE/NUANCE_event_files/output/root/PoT_Nuance_event_files/7th_test_run/events_683.root,41296,4,h100;h3;h1;h50
OK,/exp/uboone/data/users/jburridg/Nuance/NUANCE/NUANCE_event_files/output/root/PoT_Nuance_event_files/7th_test_run/events_530.root,41030,4,h100;h3;h1;h50
OK,/exp/uboone/data/users/jburridg/Nuance/NUANCE/NUANCE_event_files/output/root/PoT_Nuance_event_files/7th_test_run/events_889.root,44865,4,h100;h3;h1;h50
OK,/exp/uboone/data/users/jburridg/Nuance/NUANCE/NUANCE_event_files/output/root/PoT_Nuance_event_files/7th_test_run/events_644.root,45715,4,h100;h3;h1;h50
OK,/exp/uboone/data/users/jburridg/Nuance/NUANCE/NUANCE_event_files/output/root/PoT_Nuance_event_files/7th_test_run/events_1290.root,42269,4,h100;h3;h1;h50
OK,/exp/uboone/data/users/jburridg/Nuance/NUANCE/NUANCE_event_files/output/root/PoT_Nuance_event_files/7th_test_run/events_922.root,44247,4,h100;h3;h1;h50
OK,/exp/uboone/data/users/jburridg/Nuance/NUANCE/NUANCE_event_files/output/root/PoT_Nuance_event_files/7th_test_run/events_1291.root,41748,4,h100;h3;h1;h50
OK,/exp/uboone/data/users/jburridg/Nuance/NUANCE/NUANCE_event_files/output/root/PoT_Nuance_event_files/7th_test_run/events_1118.root,41466,4,h100;h3;h1;h50
OK,/exp/uboone/data/users/jburridg/Nuance/NUANCE/NUANCE_event_files/output/root/PoT_Nuance_event_files/7th_test_run/events_716.root,41163,4,h100;h3;h1;h50
OK,/exp/uboone/data/users/jburridg/Nuance/NUANCE/NUANCE_event_files/output/root/PoT_Nuance_event_files/7th_test_run/events_945.root,42243,4,h100;h3;h1;h50
OK,/exp/uboone/data/users/jburridg/Nuance/NUANCE/NUANCE_event_files/output/root/PoT_Nuance_event_files/7th_test_run/events_1407.root,44266,4,h100;h3;h1;h50
OK,/exp/uboone/data/users/jburridg/Nuance/NUANCE/NUANCE_event_files/output/root/PoT_Nuance_event_files/7th_test_run/events_538.root,39975,4,h100;h3;h1;h50
OK,/exp/uboone/data/users/jburridg/Nuance/NUANCE/NUANCE_event_files/output/root/PoT_Nuance_event_files/7th_test_run/events_1107.root,42934,4,h100;h3;h1;h50
OK,/exp/uboone/data/users/jburridg/Nuance/NUANCE/NUANCE_event_files/output/root/PoT_Nuance_event_files/7th_test_run/events_917.root,41621,4,h100;h3;h1;h50
OK,/exp/uboone/data/users/jburridg/Nuance/NUANCE/NUANCE_event_files/output/root/PoT_Nuance_event_files/7th_test_run/events_1215.root,41674,4,h100;h3;h1;h50
OK,/exp/uboone/data/users/jburridg/Nuance/NUANCE/NUANCE_event_files/output/root/PoT_Nuance_event_files/7th_test_run/events_896.root,44134,4,h100;h3;h1;h50
OK,/exp/uboone/data/users/jburridg/Nuance/NUANCE/NUANCE_event_files/output/root/PoT_Nuance_event_files/7th_test_run/events_717.root,44185,4,h100;h3;h1;h50
OK,/exp/uboone/data/users/jburridg/Nuance/NUANCE/NUANCE_event_files/output/root/PoT_Nuance_event_files/7th_test_run/events_649.root,45634,4,h100;h3;h1;h50
OK,/exp/uboone/data/users/jburridg/Nuance/NUANCE/NUANCE_event_files/output/root/PoT_Nuance_event_files/7th_test_run/events_546.root,45035,4,h100;h3;h1;h50
OK,/exp/uboone/data/users/jburridg/Nuance/NUANCE/NUANCE_event_files/output/root/PoT_Nuance_event_files/7th_test_run/events_1076.root,40239,4,h100;h3;h1;h50
OK,/exp/uboone/data/users/jburridg/Nuance/NUANCE/NUANCE_event_files/output/root/PoT_Nuance_event_files/7th_test_run/events_1409.root,45857,4,h100;h3;h1;h50
OK,/exp/uboone/data/users/jburridg/Nuance/NUANCE/NUANCE_event_files/output/root/PoT_Nuance_event_files/7th_test_run/events_535.root,43129,4,h100;h3;h1;h50
OK,/exp/uboone/data/users/jburridg/Nuance/NUANCE/NUANCE_event_files/output/root/PoT_Nuance_event_files/7th_test_run/events_804.root,43975,4,h100;h3;h1;h50
OK,/exp/uboone/data/users/jburridg/Nuance/NUANCE/NUANCE_event_files/output/root/PoT_Nuance_event_files/7th_test_run/events_970.root,42907,4,h100;h3;h1;h50
OK,/exp/uboone/data/users/jburridg/Nuance/NUANCE/NUANCE_event_files/output/root/PoT_Nuance_event_files/7th_test_run/events_1162.root,41582,4,h100;h3;h1;h50
OK,/exp/uboone/data/users/jburridg/Nuance/NUANCE/NUANCE_event_files/output/root/PoT_Nuance_event_files/7th_test_run/events_1250.root,43109,4,h100;h3;h1;h50
OK,/exp/uboone/data/users/jburridg/Nuance/NUANCE/NUANCE_event_files/output/root/PoT_Nuance_event_files/7th_test_run/events_1429.root,42377,4,h100;h3;h1;h50
OK,/exp/uboone/data/users/jburridg/Nuance/NUANCE/NUANCE_event_files/output/root/PoT_Nuance_event_files/7th_test_run/events_1401.root,43706,4,h100;h3;h1;h50
OK,/exp/uboone/data/users/jburridg/Nuance/NUANCE/NUANCE_event_files/output/root/PoT_Nuance_event_files/7th_test_run/events_1233.root,42465,4,h100;h3;h1;h50
OK,/exp/uboone/data/users/jburridg/Nuance/NUANCE/NUANCE_event_files/output/root/PoT_Nuance_event_files/7th_test_run/events_1369.root,43828,4,h100;h3;h1;h50
OK,/exp/uboone/data/users/jburridg/Nuance/NUANCE/NUANCE_event_files/output/root/PoT_Nuance_event_files/7th_test_run/events_901.root,45727,4,h100;h3;h1;h50
OK,/exp/uboone/data/users/jburridg/Nuance/NUANCE/NUANCE_event_files/output/root/PoT_Nuance_event_files/7th_test_run/events_662.root,43002,4,h100;h3;h1;h50
OK,/exp/uboone/data/users/jburridg/Nuance/NUANCE/NUANCE_event_files/output/root/PoT_Nuance_event_files/7th_test_run/events_1003.root,43177,4,h100;h3;h1;h50
OK,/exp/uboone/data/users/jburridg/Nuance/NUANCE/NUANCE_event_files/output/root/PoT_Nuance_event_files/7th_test_run/events_961.root,42726,4,h100;h3;h1;h50
OK,/exp/uboone/data/users/jburridg/Nuance/NUANCE/NUANCE_event_files/output/root/PoT_Nuance_event_files/7th_test_run/events_787.root,44637,4,h100;h3;h1;h50
OK,/exp/uboone/data/users/jburridg/Nuance/NUANCE/NUANCE_event_files/output/root/PoT_Nuance_event_files/7th_test_run/events_1091.root,40879,4,h100;h3;h1;h50
OK,/exp/uboone/data/users/jburridg/Nuance/NUANCE/NUANCE_event_files/output/root/PoT_Nuance_event_files/7th_test_run/events_1148.root,42188,4,h100;h3;h1;h50
OK,/exp/uboone/data/users/jburridg/Nuance/NUANCE/NUANCE_event_files/output/root/PoT_Nuance_event_files/7th_test_run/events_1176.root,43379,4,h100;h3;h1;h50
OK,/exp/uboone/data/users/jburridg/Nuance/NUANCE/NUANCE_event_files/output/root/PoT_Nuance_event_files/7th_test_run/events_559.root,44031,4,h100;h3;h1;h50
OK,/exp/uboone/data/users/jburridg/Nuance/NUANCE/NUANCE_event_files/output/root/PoT_Nuance_event_files/7th_test_run/events_960.root,40500,4,h100;h3;h1;h50
OK,/exp/uboone/data/users/jburridg/Nuance/NUANCE/NUANCE_event_files/output/root/PoT_Nuance_event_files/7th_test_run/events_968.root,42438,4,h100;h3;h1;h50
OK,/exp/uboone/data/users/jburridg/Nuance/NUANCE/NUANCE_event_files/output/root/PoT_Nuance_event_files/7th_test_run/events_1325.root,43273,4,h100;h3;h1;h50
OK,/exp/uboone/data/users/jburridg/Nuance/NUANCE/NUANCE_event_files/output/root/PoT_Nuance_event_files/7th_test_run/events_1345.root,41372,4,h100;h3;h1;h50
OK,/exp/uboone/data/users/jburridg/Nuance/NUANCE/NUANCE_event_files/output/root/PoT_Nuance_event_files/7th_test_run/events_529.root,42985,4,h100;h3;h1;h50
OK,/exp/uboone/data/users/jburridg/Nuance/NUANCE/NUANCE_event_files/output/root/PoT_Nuance_event_files/7th_test_run/events_831.root,42667,4,h100;h3;h1;h50
OK,/exp/uboone/data/users/jburridg/Nuance/NUANCE/NUANCE_event_files/output/root/PoT_Nuance_event_files/7th_test_run/events_713.root,43220,4,h100;h3;h1;h50
OK,/exp/uboone/data/users/jburridg/Nuance/NUANCE/NUANCE_event_files/output/root/PoT_Nuance_event_files/7th_test_run/events_718.root,43113,4,h100;h3;h1;h50
OK,/exp/uboone/data/users/jburridg/Nuance/NUANCE/NUANCE_event_files/output/root/PoT_Nuance_event_files/7th_test_run/events_502.root,42251,4,h100;h3;h1;h50
OK,/exp/uboone/data/users/jburridg/Nuance/NUANCE/NUANCE_event_files/output/root/PoT_Nuance_event_files/7th_test_run/events_1125.root,44044,4,h100;h3;h1;h50
OK,/exp/uboone/data/users/jburridg/Nuance/NUANCE/NUANCE_event_files/output/root/PoT_Nuance_event_files/7th_test_run/events_1173.root,41646,4,h100;h3;h1;h50
OK,/exp/uboone/data/users/jburridg/Nuance/NUANCE/NUANCE_event_files/output/root/PoT_Nuance_event_files/7th_test_run/events_911.root,42946,4,h100;h3;h1;h50
OK,/exp/uboone/data/users/jburridg/Nuance/NUANCE/NUANCE_event_files/output/root/PoT_Nuance_event_files/7th_test_run/events_743.root,45323,4,h100;h3;h1;h50
OK,/exp/uboone/data/users/jburridg/Nuance/NUANCE/NUANCE_event_files/output/root/PoT_Nuance_event_files/7th_test_run/events_634.root,42955,4,h100;h3;h1;h50
OK,/exp/uboone/data/users/jburridg/Nuance/NUANCE/NUANCE_event_files/output/root/PoT_Nuance_event_files/7th_test_run/events_749.root,44662,4,h100;h3;h1;h50
OK,/exp/uboone/data/users/jburridg/Nuance/NUANCE/NUANCE_event_files/output/root/PoT_Nuance_event_files/7th_test_run/events_1310.root,43330,4,h100;h3;h1;h50
OK,/exp/uboone/data/users/jburridg/Nuance/NUANCE/NUANCE_event_files/output/root/PoT_Nuance_event_files/7th_test_run/events_983.root,41856,4,h100;h3;h1;h50
OK,/exp/uboone/data/users/jburridg/Nuance/NUANCE/NUANCE_event_files/output/root/PoT_Nuance_event_files/7th_test_run/events_766.root,41260,4,h100;h3;h1;h50
OK,/exp/uboone/data/users/jburridg/Nuance/NUANCE/NUANCE_event_files/output/root/PoT_Nuance_event_files/7th_test_run/events_1393.root,42466,4,h100;h3;h1;h50
OK,/exp/uboone/data/users/jburridg/Nuance/NUANCE/NUANCE_event_files/output/root/PoT_Nuance_event_files/7th_test_run/events_1442.root,42817,4,h100;h3;h1;h50
OK,/exp/uboone/data/users/jburridg/Nuance/NUANCE/NUANCE_event_files/output/root/PoT_Nuance_event_files/7th_test_run/events_723.root,43572,4,h100;h3;h1;h50
OK,/exp/uboone/data/users/jburridg/Nuance/NUANCE/NUANCE_event_files/output/root/PoT_Nuance_event_files/7th_test_run/events_1281.root,45056,4,h100;h3;h1;h50
OK,/exp/uboone/data/users/jburridg/Nuance/NUANCE/NUANCE_event_files/output/root/PoT_Nuance_event_files/7th_test_run/events_1252.root,41873,4,h100;h3;h1;h50
OK,/exp/uboone/data/users/jburridg/Nuance/NUANCE/NUANCE_event_files/output/root/PoT_Nuance_event_files/7th_test_run/events_959.root,42048,4,h100;h3;h1;h50
OK,/exp/uboone/data/users/jburridg/Nuance/NUANCE/NUANCE_event_files/output/root/PoT_Nuance_event_files/7th_test_run/events_762.root,43070,4,h100;h3;h1;h50
OK,/exp/uboone/data/users/jburridg/Nuance/NUANCE/NUANCE_event_files/output/root/PoT_Nuance_event_files/7th_test_run/events_1057.root,43087,4,h100;h3;h1;h50
OK,/exp/uboone/data/users/jburridg/Nuance/NUANCE/NUANCE_event_files/output/root/PoT_Nuance_event_files/7th_test_run/events_1217.root,42179,4,h100;h3;h1;h50
OK,/exp/uboone/data/users/jburridg/Nuance/NUANCE/NUANCE_event_files/output/root/PoT_Nuance_event_files/7th_test_run/events_606.root,44036,4,h100;h3;h1;h50
OK,/exp/uboone/data/users/jburridg/Nuance/NUANCE/NUANCE_event_files/output/root/PoT_Nuance_event_files/7th_test_run/events_1336.root,41875,4,h100;h3;h1;h50
OK,/exp/uboone/data/users/jburridg/Nuance/NUANCE/NUANCE_event_files/output/root/PoT_Nuance_event_files/7th_test_run/events_1390.root,44788,4,h100;h3;h1;h50
OK,/exp/uboone/data/users/jburridg/Nuance/NUANCE/NUANCE_event_files/output/root/PoT_Nuance_event_files/7th_test_run/events_619.root,43847,4,h100;h3;h1;h50
OK,/exp/uboone/data/users/jburridg/Nuance/NUANCE/NUANCE_event_files/output/root/PoT_Nuance_event_files/7th_test_run/events_871.root,42202,4,h100;h3;h1;h50
OK,/exp/uboone/data/users/jburridg/Nuance/NUANCE/NUANCE_event_files/output/root/PoT_Nuance_event_files/7th_test_run/events_680.root,42746,4,h100;h3;h1;h50
OK,/exp/uboone/data/users/jburridg/Nuance/NUANCE/NUANCE_event_files/output/root/PoT_Nuance_event_files/7th_test_run/events_596.root,40822,4,h100;h3;h1;h50
OK,/exp/uboone/data/users/jburridg/Nuance/NUANCE/NUANCE_event_files/output/root/PoT_Nuance_event_files/7th_test_run/events_1181.root,41518,4,h100;h3;h1;h50
OK,/exp/uboone/data/users/jburridg/Nuance/NUANCE/NUANCE_event_files/output/root/PoT_Nuance_event_files/7th_test_run/events_1094.root,40132,4,h100;h3;h1;h50
OK,/exp/uboone/data/users/jburridg/Nuance/NUANCE/NUANCE_event_files/output/root/PoT_Nuance_event_files/7th_test_run/events_931.root,42641,4,h100;h3;h1;h50
OK,/exp/uboone/data/users/jburridg/Nuance/NUANCE/NUANCE_event_files/output/root/PoT_Nuance_event_files/7th_test_run/events_941.root,41931,4,h100;h3;h1;h50
OK,/exp/uboone/data/users/jburridg/Nuance/NUANCE/NUANCE_event_files/output/root/PoT_Nuance_event_files/7th_test_run/events_1062.root,39794,4,h100;h3;h1;h50
OK,/exp/uboone/data/users/jburridg/Nuance/NUANCE/NUANCE_event_files/output/root/PoT_Nuance_event_files/7th_test_run/events_1472.root,41354,4,h100;h3;h1;h50
OK,/exp/uboone/data/users/jburridg/Nuance/NUANCE/NUANCE_event_files/output/root/PoT_Nuance_event_files/7th_test_run/events_746.root,45611,4,h100;h3;h1;h50
OK,/exp/uboone/data/users/jburridg/Nuance/NUANCE/NUANCE_event_files/output/root/PoT_Nuance_event_files/7th_test_run/events_1267.root,44804,4,h100;h3;h1;h50
OK,/exp/uboone/data/users/jburridg/Nuance/NUANCE/NUANCE_event_files/output/root/PoT_Nuance_event_files/7th_test_run/events_1114.root,40875,4,h100;h3;h1;h50
OK,/exp/uboone/data/users/jburridg/Nuance/NUANCE/NUANCE_event_files/output/root/PoT_Nuance_event_files/7th_test_run/events_811.root,40634,4,h100;h3;h1;h50
OK,/exp/uboone/data/users/jburridg/Nuance/NUANCE/NUANCE_event_files/output/root/PoT_Nuance_event_files/7th_test_run/events_1350.root,42028,4,h100;h3;h1;h50
OK,/exp/uboone/data/users/jburridg/Nuance/NUANCE/NUANCE_event_files/output/root/PoT_Nuance_event_files/7th_test_run/events_617.root,43332,4,h100;h3;h1;h50
OK,/exp/uboone/data/users/jburridg/Nuance/NUANCE/NUANCE_event_files/output/root/PoT_Nuance_event_files/7th_test_run/events_732.root,42784,4,h100;h3;h1;h50
OK,/exp/uboone/data/users/jburridg/Nuance/NUANCE/NUANCE_event_files/output/root/PoT_Nuance_event_files/7th_test_run/events_710.root,41713,4,h100;h3;h1;h50
OK,/exp/uboone/data/users/jburridg/Nuance/NUANCE/NUANCE_event_files/output/root/PoT_Nuance_event_files/7th_test_run/events_622.root,44213,4,h100;h3;h1;h50
OK,/exp/uboone/data/users/jburridg/Nuance/NUANCE/NUANCE_event_files/output/root/PoT_Nuance_event_files/7th_test_run/events_1460.root,41132,4,h100;h3;h1;h50
OK,/exp/uboone/data/users/jburridg/Nuance/NUANCE/NUANCE_event_files/output/root/PoT_Nuance_event_files/7th_test_run/events_1446.root,44070,4,h100;h3;h1;h50
OK,/exp/uboone/data/users/jburridg/Nuance/NUANCE/NUANCE_event_files/output/root/PoT_Nuance_event_files/7th_test_run/events_1249.root,41535,4,h100;h3;h1;h50
OK,/exp/uboone/data/users/jburridg/Nuance/NUANCE/NUANCE_event_files/output/root/PoT_Nuance_event_files/7th_test_run/events_1036.root,42306,4,h100;h3;h1;h50
OK,/exp/uboone/data/users/jburridg/Nuance/NUANCE/NUANCE_event_files/output/root/PoT_Nuance_event_files/7th_test_run/events_1337.root,40816,4,h100;h3;h1;h50
OK,/exp/uboone/data/users/jburridg/Nuance/NUANCE/NUANCE_event_files/output/root/PoT_Nuance_event_files/7th_test_run/events_510.root,44945,4,h100;h3;h1;h50
OK,/exp/uboone/data/users/jburridg/Nuance/NUANCE/NUANCE_event_files/output/root/PoT_Nuance_event_files/7th_test_run/events_1207.root,44390,4,h100;h3;h1;h50
OK,/exp/uboone/data/users/jburridg/Nuance/NUANCE/NUANCE_event_files/output/root/PoT_Nuance_event_files/7th_test_run/events_1161.root,46230,4,h100;h3;h1;h50
OK,/exp/uboone/data/users/jburridg/Nuance/NUANCE/NUANCE_event_files/output/root/PoT_Nuance_event_files/7th_test_run/events_1251.root,44151,4,h100;h3;h1;h50
OK,/exp/uboone/data/users/jburridg/Nuance/NUANCE/NUANCE_event_files/output/root/PoT_Nuance_event_files/7th_test_run/events_1316.root,42878,4,h100;h3;h1;h50
OK,/exp/uboone/data/users/jburridg/Nuance/NUANCE/NUANCE_event_files/output/root/PoT_Nuance_event_files/7th_test_run/events_986.root,42950,4,h100;h3;h1;h50
OK,/exp/uboone/data/users/jburridg/Nuance/NUANCE/NUANCE_event_files/output/root/PoT_Nuance_event_files/7th_test_run/events_568.root,44403,4,h100;h3;h1;h50
OK,/exp/uboone/data/users/jburridg/Nuance/NUANCE/NUANCE_event_files/output/root/PoT_Nuance_event_files/7th_test_run/events_893.root,41730,4,h100;h3;h1;h50
OK,/exp/uboone/data/users/jburridg/Nuance/NUANCE/NUANCE_event_files/output/root/PoT_Nuance_event_files/7th_test_run/events_1185.root,42384,4,h100;h3;h1;h50
OK,/exp/uboone/data/users/jburridg/Nuance/NUANCE/NUANCE_event_files/output/root/PoT_Nuance_event_files/7th_test_run/events_526.root,42806,4,h100;h3;h1;h50
OK,/exp/uboone/data/users/jburridg/Nuance/NUANCE/NUANCE_event_files/output/root/PoT_Nuance_event_files/7th_test_run/events_776.root,41446,4,h100;h3;h1;h50
OK,/exp/uboone/data/users/jburridg/Nuance/NUANCE/NUANCE_event_files/output/root/PoT_Nuance_event_files/7th_test_run/events_581.root,41214,4,h100;h3;h1;h50
OK,/exp/uboone/data/users/jburridg/Nuance/NUANCE/NUANCE_event_files/output/root/PoT_Nuance_event_files/7th_test_run/events_587.root,41513,4,h100;h3;h1;h50
OK,/exp/uboone/data/users/jburridg/Nuance/NUANCE/NUANCE_event_files/output/root/PoT_Nuance_event_files/7th_test_run/events_727.root,42355,4,h100;h3;h1;h50
OK,/exp/uboone/data/users/jburridg/Nuance/NUANCE/NUANCE_event_files/output/root/PoT_Nuance_event_files/7th_test_run/events_528.root,43171,4,h100;h3;h1;h50
OK,/exp/uboone/data/users/jburridg/Nuance/NUANCE/NUANCE_event_files/output/root/PoT_Nuance_event_files/7th_test_run/events_565.root,41087,4,h100;h3;h1;h50
OK,/exp/uboone/data/users/jburridg/Nuance/NUANCE/NUANCE_event_files/output/root/PoT_Nuance_event_files/7th_test_run/events_1366.root,44346,4,h100;h3;h1;h50
OK,/exp/uboone/data/users/jburridg/Nuance/NUANCE/NUANCE_event_files/output/root/PoT_Nuance_event_files/7th_test_run/events_881.root,45677,4,h100;h3;h1;h50
OK,/exp/uboone/data/users/jburridg/Nuance/NUANCE/NUANCE_event_files/output/root/PoT_Nuance_event_files/7th_test_run/events_869.root,39102,4,h100;h3;h1;h50
OK,/exp/uboone/data/users/jburridg/Nuance/NUANCE/NUANCE_event_files/output/root/PoT_Nuance_event_files/7th_test_run/events_1121.root,44687,4,h100;h3;h1;h50
OK,/exp/uboone/data/users/jburridg/Nuance/NUANCE/NUANCE_event_files/output/root/PoT_Nuance_event_files/7th_test_run/events_1178.root,41893,4,h100;h3;h1;h50
OK,/exp/uboone/data/users/jburridg/Nuance/NUANCE/NUANCE_event_files/output/root/PoT_Nuance_event_files/7th_test_run/events_1346.root,44042,4,h100;h3;h1;h50
OK,/exp/uboone/data/users/jburridg/Nuance/NUANCE/NUANCE_event_files/output/root/PoT_Nuance_event_files/7th_test_run/events_790.root,41989,4,h100;h3;h1;h50
OK,/exp/uboone/data/users/jburridg/Nuance/NUANCE/NUANCE_event_files/output/root/PoT_Nuance_event_files/7th_test_run/events_1410.root,42889,4,h100;h3;h1;h50
OK,/exp/uboone/data/users/jburridg/Nuance/NUANCE/NUANCE_event_files/output/root/PoT_Nuance_event_files/7th_test_run/events_589.root,43055,4,h100;h3;h1;h50
OK,/exp/uboone/data/users/jburridg/Nuance/NUANCE/NUANCE_event_files/output/root/PoT_Nuance_event_files/7th_test_run/events_1265.root,44135,4,h100;h3;h1;h50
OK,/exp/uboone/data/users/jburridg/Nuance/NUANCE/NUANCE_event_files/output/root/PoT_Nuance_event_files/7th_test_run/events_637.root,40624,4,h100;h3;h1;h50
OK,/exp/uboone/data/users/jburridg/Nuance/NUANCE/NUANCE_event_files/output/root/PoT_Nuance_event_files/7th_test_run/events_942.root,44565,4,h100;h3;h1;h50
OK,/exp/uboone/data/users/jburridg/Nuance/NUANCE/NUANCE_event_files/output/root/PoT_Nuance_event_files/7th_test_run/events_1019.root,42136,4,h100;h3;h1;h50
OK,/exp/uboone/data/users/jburridg/Nuance/NUANCE/NUANCE_event_files/output/root/PoT_Nuance_event_files/7th_test_run/events_1430.root,43564,4,h100;h3;h1;h50
OK,/exp/uboone/data/users/jburridg/Nuance/NUANCE/NUANCE_event_files/output/root/PoT_Nuance_event_files/7th_test_run/events_642.root,42357,4,h100;h3;h1;h50
OK,/exp/uboone/data/users/jburridg/Nuance/NUANCE/NUANCE_event_files/output/root/PoT_Nuance_event_files/7th_test_run/events_995.root,42850,4,h100;h3;h1;h50
OK,/exp/uboone/data/users/jburridg/Nuance/NUANCE/NUANCE_event_files/output/root/PoT_Nuance_event_files/7th_test_run/events_919.root,42925,4,h100;h3;h1;h50
OK,/exp/uboone/data/users/jburridg/Nuance/NUANCE/NUANCE_event_files/output/root/PoT_Nuance_event_files/7th_test_run/events_1131.root,43457,4,h100;h3;h1;h50
OK,/exp/uboone/data/users/jburridg/Nuance/NUANCE/NUANCE_event_files/output/root/PoT_Nuance_event_files/7th_test_run/events_872.root,39369,4,h100;h3;h1;h50
OK,/exp/uboone/data/users/jburridg/Nuance/NUANCE/NUANCE_event_files/output/root/PoT_Nuance_event_files/7th_test_run/events_1012.root,42391,4,h100;h3;h1;h50
OK,/exp/uboone/data/users/jburridg/Nuance/NUANCE/NUANCE_event_files/output/root/PoT_Nuance_event_files/7th_test_run/events_1245.root,45254,4,h100;h3;h1;h50
OK,/exp/uboone/data/users/jburridg/Nuance/NUANCE/NUANCE_event_files/output/root/PoT_Nuance_event_files/7th_test_run/events_750.root,42269,4,h100;h3;h1;h50
OK,/exp/uboone/data/users/jburridg/Nuance/NUANCE/NUANCE_event_files/output/root/PoT_Nuance_event_files/7th_test_run/events_572.root,44764,4,h100;h3;h1;h50
OK,/exp/uboone/data/users/jburridg/Nuance/NUANCE/NUANCE_event_files/output/root/PoT_Nuance_event_files/7th_test_run/events_1102.root,43598,4,h100;h3;h1;h50
OK,/exp/uboone/data/users/jburridg/Nuance/NUANCE/NUANCE_event_files/output/root/PoT_Nuance_event_files/7th_test_run/events_1196.root,39929,4,h100;h3;h1;h50
OK,/exp/uboone/data/users/jburridg/Nuance/NUANCE/NUANCE_event_files/output/root/PoT_Nuance_event_files/7th_test_run/events_741.root,43170,4,h100;h3;h1;h50
OK,/exp/uboone/data/users/jburridg/Nuance/NUANCE/NUANCE_event_files/output/root/PoT_Nuance_event_files/7th_test_run/events_1140.root,43244,4,h100;h3;h1;h50
OK,/exp/uboone/data/users/jburridg/Nuance/NUANCE/NUANCE_event_files/output/root/PoT_Nuance_event_files/7th_test_run/events_1232.root,44346,4,h100;h3;h1;h50
OK,/exp/uboone/data/users/jburridg/Nuance/NUANCE/NUANCE_event_files/output/root/PoT_Nuance_event_files/7th_test_run/events_1403.root,44071,4,h100;h3;h1;h50
OK,/exp/uboone/data/users/jburridg/Nuance/NUANCE/NUANCE_event_files/output/root/PoT_Nuance_event_files/7th_test_run/events_623.root,44627,4,h100;h3;h1;h50
OK,/exp/uboone/data/users/jburridg/Nuance/NUANCE/NUANCE_event_files/output/root/PoT_Nuance_event_files/7th_test_run/events_1197.root,42405,4,h100;h3;h1;h50
OK,/exp/uboone/data/users/jburridg/Nuance/NUANCE/NUANCE_event_files/output/root/PoT_Nuance_event_files/7th_test_run/events_792.root,41545,4,h100;h3;h1;h50
OK,/exp/uboone/data/users/jburridg/Nuance/NUANCE/NUANCE_event_files/output/root/PoT_Nuance_event_files/7th_test_run/events_600.root,43722,4,h100;h3;h1;h50
OK,/exp/uboone/data/users/jburridg/Nuance/NUANCE/NUANCE_event_files/output/root/PoT_Nuance_event_files/7th_test_run/events_1171.root,39181,4,h100;h3;h1;h50
OK,/exp/uboone/data/users/jburridg/Nuance/NUANCE/NUANCE_event_files/output/root/PoT_Nuance_event_files/7th_test_run/events_543.root,43504,4,h100;h3;h1;h50
OK,/exp/uboone/data/users/jburridg/Nuance/NUANCE/NUANCE_event_files/output/root/PoT_Nuance_event_files/7th_test_run/events_1348.root,42876,4,h100;h3;h1;h50
OK,/exp/uboone/data/users/jburridg/Nuance/NUANCE/NUANCE_event_files/output/root/PoT_Nuance_event_files/7th_test_run/events_525.root,47624,4,h100;h3;h1;h50
OK,/exp/uboone/data/users/jburridg/Nuance/NUANCE/NUANCE_event_files/output/root/PoT_Nuance_event_files/7th_test_run/events_929.root,46487,4,h100;h3;h1;h50
OK,/exp/uboone/data/users/jburridg/Nuance/NUANCE/NUANCE_event_files/output/root/PoT_Nuance_event_files/7th_test_run/events_1437.root,43969,4,h100;h3;h1;h50
OK,/exp/uboone/data/users/jburridg/Nuance/NUANCE/NUANCE_event_files/output/root/PoT_Nuance_event_files/7th_test_run/events_764.root,45005,4,h100;h3;h1;h50
OK,/exp/uboone/data/users/jburridg/Nuance/NUANCE/NUANCE_event_files/output/root/PoT_Nuance_event_files/7th_test_run/events_1311.root,41401,4,h100;h3;h1;h50
OK,/exp/uboone/data/users/jburridg/Nuance/NUANCE/NUANCE_event_files/output/root/PoT_Nuance_event_files/7th_test_run/events_523.root,41727,4,h100;h3;h1;h50
OK,/exp/uboone/data/users/jburridg/Nuance/NUANCE/NUANCE_event_files/output/root/PoT_Nuance_event_files/7th_test_run/events_1317.root,44713,4,h100;h3;h1;h50
OK,/exp/uboone/data/users/jburridg/Nuance/NUANCE/NUANCE_event_files/output/root/PoT_Nuance_event_files/7th_test_run/events_1240.root,42104,4,h100;h3;h1;h50
OK,/exp/uboone/data/users/jburridg/Nuance/NUANCE/NUANCE_event_files/output/root/PoT_Nuance_event_files/7th_test_run/events_689.root,45923,4,h100;h3;h1;h50
OK,/exp/uboone/data/users/jburridg/Nuance/NUANCE/NUANCE_event_files/output/root/PoT_Nuance_event_files/7th_test_run/events_853.root,41876,4,h100;h3;h1;h50
OK,/exp/uboone/data/users/jburridg/Nuance/NUANCE/NUANCE_event_files/output/root/PoT_Nuance_event_files/7th_test_run/events_1020.root,39138,4,h100;h3;h1;h50
OK,/exp/uboone/data/users/jburridg/Nuance/NUANCE/NUANCE_event_files/output/root/PoT_Nuance_event_files/7th_test_run/events_585.root,42941,4,h100;h3;h1;h50
OK,/exp/uboone/data/users/jburridg/Nuance/NUANCE/NUANCE_event_files/output/root/PoT_Nuance_event_files/7th_test_run/events_935.root,42602,4,h100;h3;h1;h50
OK,/exp/uboone/data/users/jburridg/Nuance/NUANCE/NUANCE_event_files/output/root/PoT_Nuance_event_files/7th_test_run/events_1352.root,42540,4,h100;h3;h1;h50
OK,/exp/uboone/data/users/jburridg/Nuance/NUANCE/NUANCE_event_files/output/root/PoT_Nuance_event_files/7th_test_run/events_905.root,40390,4,h100;h3;h1;h50
OK,/exp/uboone/data/users/jburridg/Nuance/NUANCE/NUANCE_event_files/output/root/PoT_Nuance_event_files/7th_test_run/events_1009.root,41406,4,h100;h3;h1;h50
OK,/exp/uboone/data/users/jburridg/Nuance/NUANCE/NUANCE_event_files/output/root/PoT_Nuance_event_files/7th_test_run/events_826.root,45188,4,h100;h3;h1;h50
OK,/exp/uboone/data/users/jburridg/Nuance/NUANCE/NUANCE_event_files/output/root/PoT_Nuance_event_files/7th_test_run/events_574.root,43076,4,h100;h3;h1;h50
OK,/exp/uboone/data/users/jburridg/Nuance/NUANCE/NUANCE_event_files/output/root/PoT_Nuance_event_files/7th_test_run/events_1271.root,45123,4,h100;h3;h1;h50
OK,/exp/uboone/data/users/jburridg/Nuance/NUANCE/NUANCE_event_files/output/root/PoT_Nuance_event_files/7th_test_run/events_584.root,42478,4,h100;h3;h1;h50
OK,/exp/uboone/data/users/jburridg/Nuance/NUANCE/NUANCE_event_files/output/root/PoT_Nuance_event_files/7th_test_run/events_656.root,44514,4,h100;h3;h1;h50
OK,/exp/uboone/data/users/jburridg/Nuance/NUANCE/NUANCE_event_files/output/root/PoT_Nuance_event_files/7th_test_run/events_678.root,44394,4,h100;h3;h1;h50
OK,/exp/uboone/data/users/jburridg/Nuance/NUANCE/NUANCE_event_files/output/root/PoT_Nuance_event_files/7th_test_run/events_620.root,43631,4,h100;h3;h1;h50
OK,/exp/uboone/data/users/jburridg/Nuance/NUANCE/NUANCE_event_files/output/root/PoT_Nuance_event_files/7th_test_run/events_1078.root,41749,4,h100;h3;h1;h50
OK,/exp/uboone/data/users/jburridg/Nuance/NUANCE/NUANCE_event_files/output/root/PoT_Nuance_event_files/7th_test_run/events_1079.root,44257,4,h100;h3;h1;h50
OK,/exp/uboone/data/users/jburridg/Nuance/NUANCE/NUANCE_event_files/output/root/PoT_Nuance_event_files/7th_test_run/events_1160.root,41492,4,h100;h3;h1;h50
OK,/exp/uboone/data/users/jburridg/Nuance/NUANCE/NUANCE_event_files/output/root/PoT_Nuance_event_files/7th_test_run/events_867.root,41715,4,h100;h3;h1;h50
OK,/exp/uboone/data/users/jburridg/Nuance/NUANCE/NUANCE_event_files/output/root/PoT_Nuance_event_files/7th_test_run/events_1074.root,41458,4,h100;h3;h1;h50
OK,/exp/uboone/data/users/jburridg/Nuance/NUANCE/NUANCE_event_files/output/root/PoT_Nuance_event_files/7th_test_run/events_841.root,42989,4,h100;h3;h1;h50
OK,/exp/uboone/data/users/jburridg/Nuance/NUANCE/NUANCE_event_files/output/root/PoT_Nuance_event_files/7th_test_run/events_1329.root,42200,4,h100;h3;h1;h50
OK,/exp/uboone/data/users/jburridg/Nuance/NUANCE/NUANCE_event_files/output/root/PoT_Nuance_event_files/7th_test_run/events_1397.root,43120,4,h100;h3;h1;h50
OK,/exp/uboone/data/users/jburridg/Nuance/NUANCE/NUANCE_event_files/output/root/PoT_Nuance_event_files/7th_test_run/events_786.root,41609,4,h100;h3;h1;h50
OK,/exp/uboone/data/users/jburridg/Nuance/NUANCE/NUANCE_event_files/output/root/PoT_Nuance_event_files/7th_test_run/events_725.root,43575,4,h100;h3;h1;h50
OK,/exp/uboone/data/users/jburridg/Nuance/NUANCE/NUANCE_event_files/output/root/PoT_Nuance_event_files/7th_test_run/events_800.root,43405,4,h100;h3;h1;h50
OK,/exp/uboone/data/users/jburridg/Nuance/NUANCE/NUANCE_event_files/output/root/PoT_Nuance_event_files/7th_test_run/events_586.root,40761,4,h100;h3;h1;h50
OK,/exp/uboone/data/users/jburridg/Nuance/NUANCE/NUANCE_event_files/output/root/PoT_Nuance_event_files/7th_test_run/events_1132.root,41574,4,h100;h3;h1;h50
OK,/exp/uboone/data/users/jburridg/Nuance/NUANCE/NUANCE_event_files/output/root/PoT_Nuance_event_files/7th_test_run/events_544.root,43294,4,h100;h3;h1;h50
OK,/exp/uboone/data/users/jburridg/Nuance/NUANCE/NUANCE_event_files/output/root/PoT_Nuance_event_files/7th_test_run/events_652.root,44228,4,h100;h3;h1;h50
OK,/exp/uboone/data/users/jburridg/Nuance/NUANCE/NUANCE_event_files/output/root/PoT_Nuance_event_files/7th_test_run/events_1347.root,40476,4,h100;h3;h1;h50
OK,/exp/uboone/data/users/jburridg/Nuance/NUANCE/NUANCE_event_files/output/root/PoT_Nuance_event_files/7th_test_run/events_1383.root,43794,4,h100;h3;h1;h50
OK,/exp/uboone/data/users/jburridg/Nuance/NUANCE/NUANCE_event_files/output/root/PoT_Nuance_event_files/7th_test_run/events_1122.root,42586,4,h100;h3;h1;h50
OK,/exp/uboone/data/users/jburridg/Nuance/NUANCE/NUANCE_event_files/output/root/PoT_Nuance_event_files/7th_test_run/events_1261.root,42736,4,h100;h3;h1;h50
OK,/exp/uboone/data/users/jburridg/Nuance/NUANCE/NUANCE_event_files/output/root/PoT_Nuance_event_files/7th_test_run/events_733.root,42455,4,h100;h3;h1;h50
OK,/exp/uboone/data/users/jburridg/Nuance/NUANCE/NUANCE_event_files/output/root/PoT_Nuance_event_files/7th_test_run/events_1420.root,43730,4,h100;h3;h1;h50
OK,/exp/uboone/data/users/jburridg/Nuance/NUANCE/NUANCE_event_files/output/root/PoT_Nuance_event_files/7th_test_run/events_1259.root,41792,4,h100;h3;h1;h50
OK,/exp/uboone/data/users/jburridg/Nuance/NUANCE/NUANCE_event_files/output/root/PoT_Nuance_event_files/7th_test_run/events_1137.root,44599,4,h100;h3;h1;h50
OK,/exp/uboone/data/users/jburridg/Nuance/NUANCE/NUANCE_event_files/output/root/PoT_Nuance_event_files/7th_test_run/events_736.root,43356,4,h100;h3;h1;h50
OK,/exp/uboone/data/users/jburridg/Nuance/NUANCE/NUANCE_event_files/output/root/PoT_Nuance_event_files/7th_test_run/events_1119.root,42784,4,h100;h3;h1;h50
OK,/exp/uboone/data/users/jburridg/Nuance/NUANCE/NUANCE_event_files/output/root/PoT_Nuance_event_files/7th_test_run/events_555.root,40846,4,h100;h3;h1;h50
OK,/exp/uboone/data/users/jburridg/Nuance/NUANCE/NUANCE_event_files/output/root/PoT_Nuance_event_files/7th_test_run/events_1303.root,43328,4,h100;h3;h1;h50
OK,/exp/uboone/data/users/jburridg/Nuance/NUANCE/NUANCE_event_files/output/root/PoT_Nuance_event_files/7th_test_run/events_522.root,43556,4,h100;h3;h1;h50
OK,/exp/uboone/data/users/jburridg/Nuance/NUANCE/NUANCE_event_files/output/root/PoT_Nuance_event_files/7th_test_run/events_850.root,43654,4,h100;h3;h1;h50
OK,/exp/uboone/data/users/jburridg/Nuance/NUANCE/NUANCE_event_files/output/root/PoT_Nuance_event_files/7th_test_run/events_782.root,39862,4,h100;h3;h1;h50
OK,/exp/uboone/data/users/jburridg/Nuance/NUANCE/NUANCE_event_files/output/root/PoT_Nuance_event_files/7th_test_run/events_1015.root,42110,4,h100;h3;h1;h50
OK,/exp/uboone/data/users/jburridg/Nuance/NUANCE/NUANCE_event_files/output/root/PoT_Nuance_event_files/7th_test_run/events_1050.root,40667,4,h100;h3;h1;h50
OK,/exp/uboone/data/users/jburridg/Nuance/NUANCE/NUANCE_event_files/output/root/PoT_Nuance_event_files/7th_test_run/events_665.root,43214,4,h100;h3;h1;h50
OK,/exp/uboone/data/users/jburridg/Nuance/NUANCE/NUANCE_event_files/output/root/PoT_Nuance_event_files/7th_test_run/events_1447.root,42387,4,h100;h3;h1;h50
OK,/exp/uboone/data/users/jburridg/Nuance/NUANCE/NUANCE_event_files/output/root/PoT_Nuance_event_files/7th_test_run/events_1169.root,44643,4,h100;h3;h1;h50
OK,/exp/uboone/data/users/jburridg/Nuance/NUANCE/NUANCE_event_files/output/root/PoT_Nuance_event_files/7th_test_run/events_1006.root,41349,4,h100;h3;h1;h50
OK,/exp/uboone/data/users/jburridg/Nuance/NUANCE/NUANCE_event_files/output/root/PoT_Nuance_event_files/7th_test_run/events_1404.root,43723,4,h100;h3;h1;h50
OK,/exp/uboone/data/users/jburridg/Nuance/NUANCE/NUANCE_event_files/output/root/PoT_Nuance_event_files/7th_test_run/events_691.root,45328,4,h100;h3;h1;h50
OK,/exp/uboone/data/users/jburridg/Nuance/NUANCE/NUANCE_event_files/output/root/PoT_Nuance_event_files/7th_test_run/events_640.root,42435,4,h100;h3;h1;h50
OK,/exp/uboone/data/users/jburridg/Nuance/NUANCE/NUANCE_event_files/output/root/PoT_Nuance_event_files/7th_test_run/events_1327.root,43596,4,h100;h3;h1;h50
OK,/exp/uboone/data/users/jburridg/Nuance/NUANCE/NUANCE_event_files/output/root/PoT_Nuance_event_files/7th_test_run/events_1018.root,41118,4,h100;h3;h1;h50
OK,/exp/uboone/data/users/jburridg/Nuance/NUANCE/NUANCE_event_files/output/root/PoT_Nuance_event_files/7th_test_run/events_616.root,41681,4,h100;h3;h1;h50
OK,/exp/uboone/data/users/jburridg/Nuance/NUANCE/NUANCE_event_files/output/root/PoT_Nuance_event_files/7th_test_run/events_1077.root,41639,4,h100;h3;h1;h50
OK,/exp/uboone/data/users/jburridg/Nuance/NUANCE/NUANCE_event_files/output/root/PoT_Nuance_event_files/7th_test_run/events_1066.root,43456,4,h100;h3;h1;h50
OK,/exp/uboone/data/users/jburridg/Nuance/NUANCE/NUANCE_event_files/output/root/PoT_Nuance_event_files/7th_test_run/events_765.root,44746,4,h100;h3;h1;h50
OK,/exp/uboone/data/users/jburridg/Nuance/NUANCE/NUANCE_event_files/output/root/PoT_Nuance_event_files/7th_test_run/events_1112.root,45141,4,h100;h3;h1;h50
OK,/exp/uboone/data/users/jburridg/Nuance/NUANCE/NUANCE_event_files/output/root/PoT_Nuance_event_files/7th_test_run/events_579.root,41951,4,h100;h3;h1;h50
OK,/exp/uboone/data/users/jburridg/Nuance/NUANCE/NUANCE_event_files/output/root/PoT_Nuance_event_files/7th_test_run/events_1277.root,41193,4,h100;h3;h1;h50
OK,/exp/uboone/data/users/jburridg/Nuance/NUANCE/NUANCE_event_files/output/root/PoT_Nuance_event_files/7th_test_run/events_1183.root,42421,4,h100;h3;h1;h50
OK,/exp/uboone/data/users/jburridg/Nuance/NUANCE/NUANCE_event_files/output/root/PoT_Nuance_event_files/7th_test_run/events_1089.root,40291,4,h100;h3;h1;h50
OK,/exp/uboone/data/users/jburridg/Nuance/NUANCE/NUANCE_event_files/output/root/PoT_Nuance_event_files/7th_test_run/events_1109.root,42480,4,h100;h3;h1;h50
OK,/exp/uboone/data/users/jburridg/Nuance/NUANCE/NUANCE_event_files/output/root/PoT_Nuance_event_files/7th_test_run/events_1304.root,40633,4,h100;h3;h1;h50
OK,/exp/uboone/data/users/jburridg/Nuance/NUANCE/NUANCE_event_files/output/root/PoT_Nuance_event_files/7th_test_run/events_533.root,43715,4,h100;h3;h1;h50
OK,/exp/uboone/data/users/jburridg/Nuance/NUANCE/NUANCE_event_files/output/root/PoT_Nuance_event_files/7th_test_run/events_1333.root,43131,4,h100;h3;h1;h50
OK,/exp/uboone/data/users/jburridg/Nuance/NUANCE/NUANCE_event_files/output/root/PoT_Nuance_event_files/7th_test_run/events_926.root,40689,4,h100;h3;h1;h50
OK,/exp/uboone/data/users/jburridg/Nuance/NUANCE/NUANCE_event_files/output/root/PoT_Nuance_event_files/7th_test_run/events_1395.root,43618,4,h100;h3;h1;h50
OK,/exp/uboone/data/users/jburridg/Nuance/NUANCE/NUANCE_event_files/output/root/PoT_Nuance_event_files/7th_test_run/events_1063.root,41902,4,h100;h3;h1;h50
OK,/exp/uboone/data/users/jburridg/Nuance/NUANCE/NUANCE_event_files/output/root/PoT_Nuance_event_files/7th_test_run/events_681.root,41780,4,h100;h3;h1;h50
OK,/exp/uboone/data/users/jburridg/Nuance/NUANCE/NUANCE_event_files/output/root/PoT_Nuance_event_files/7th_test_run/events_1199.root,40954,4,h100;h3;h1;h50
OK,/exp/uboone/data/users/jburridg/Nuance/NUANCE/NUANCE_event_files/output/root/PoT_Nuance_event_files/7th_test_run/events_1373.root,43448,4,h100;h3;h1;h50
OK,/exp/uboone/data/users/jburridg/Nuance/NUANCE/NUANCE_event_files/output/root/PoT_Nuance_event_files/7th_test_run/events_916.root,45756,4,h100;h3;h1;h50
OK,/exp/uboone/data/users/jburridg/Nuance/NUANCE/NUANCE_event_files/output/root/PoT_Nuance_event_files/7th_test_run/events_812.root,43034,4,h100;h3;h1;h50
OK,/exp/uboone/data/users/jburridg/Nuance/NUANCE/NUANCE_event_files/output/root/PoT_Nuance_event_files/7th_test_run/events_679.root,41008,4,h100;h3;h1;h50
OK,/exp/uboone/data/users/jburridg/Nuance/NUANCE/NUANCE_event_files/output/root/PoT_Nuance_event_files/7th_test_run/events_1190.root,43925,4,h100;h3;h1;h50
OK,/exp/uboone/data/users/jburridg/Nuance/NUANCE/NUANCE_event_files/output/root/PoT_Nuance_event_files/7th_test_run/events_934.root,43192,4,h100;h3;h1;h50
OK,/exp/uboone/data/users/jburridg/Nuance/NUANCE/NUANCE_event_files/output/root/PoT_Nuance_event_files/7th_test_run/events_666.root,42571,4,h100;h3;h1;h50
OK,/exp/uboone/data/users/jburridg/Nuance/NUANCE/NUANCE_event_files/output/root/PoT_Nuance_event_files/7th_test_run/events_873.root,44646,4,h100;h3;h1;h50
OK,/exp/uboone/data/users/jburridg/Nuance/NUANCE/NUANCE_event_files/output/root/PoT_Nuance_event_files/7th_test_run/events_763.root,43783,4,h100;h3;h1;h50
OK,/exp/uboone/data/users/jburridg/Nuance/NUANCE/NUANCE_event_files/output/root/PoT_Nuance_event_files/7th_test_run/events_1270.root,43966,4,h100;h3;h1;h50
OK,/exp/uboone/data/users/jburridg/Nuance/NUANCE/NUANCE_event_files/output/root/PoT_Nuance_event_files/7th_test_run/events_988.root,42880,4,h100;h3;h1;h50
OK,/exp/uboone/data/users/jburridg/Nuance/NUANCE/NUANCE_event_files/output/root/PoT_Nuance_event_files/7th_test_run/events_518.root,43809,4,h100;h3;h1;h50
OK,/exp/uboone/data/users/jburridg/Nuance/NUANCE/NUANCE_event_files/output/root/PoT_Nuance_event_files/7th_test_run/events_715.root,44506,4,h100;h3;h1;h50
OK,/exp/uboone/data/users/jburridg/Nuance/NUANCE/NUANCE_event_files/output/root/PoT_Nuance_event_files/7th_test_run/events_849.root,44557,4,h100;h3;h1;h50
OK,/exp/uboone/data/users/jburridg/Nuance/NUANCE/NUANCE_event_files/output/root/PoT_Nuance_event_files/7th_test_run/events_1256.root,43501,4,h100;h3;h1;h50
OK,/exp/uboone/data/users/jburridg/Nuance/NUANCE/NUANCE_event_files/output/root/PoT_Nuance_event_files/7th_test_run/events_709.root,44786,4,h100;h3;h1;h50
OK,/exp/uboone/data/users/jburridg/Nuance/NUANCE/NUANCE_event_files/output/root/PoT_Nuance_event_files/7th_test_run/events_1090.root,44624,4,h100;h3;h1;h50
OK,/exp/uboone/data/users/jburridg/Nuance/NUANCE/NUANCE_event_files/output/root/PoT_Nuance_event_files/7th_test_run/events_1288.root,41572,4,h100;h3;h1;h50
OK,/exp/uboone/data/users/jburridg/Nuance/NUANCE/NUANCE_event_files/output/root/PoT_Nuance_event_files/7th_test_run/events_1320.root,44361,4,h100;h3;h1;h50
OK,/exp/uboone/data/users/jburridg/Nuance/NUANCE/NUANCE_event_files/output/root/PoT_Nuance_event_files/7th_test_run/events_1072.root,44852,4,h100;h3;h1;h50
OK,/exp/uboone/data/users/jburridg/Nuance/NUANCE/NUANCE_event_files/output/root/PoT_Nuance_event_files/7th_test_run/events_1279.root,41168,4,h100;h3;h1;h50
OK,/exp/uboone/data/users/jburridg/Nuance/NUANCE/NUANCE_event_files/output/root/PoT_Nuance_event_files/7th_test_run/events_1242.root,45946,4,h100;h3;h1;h50
OK,/exp/uboone/data/users/jburridg/Nuance/NUANCE/NUANCE_event_files/output/root/PoT_Nuance_event_files/7th_test_run/events_671.root,43498,4,h100;h3;h1;h50
OK,/exp/uboone/data/users/jburridg/Nuance/NUANCE/NUANCE_event_files/output/root/PoT_Nuance_event_files/7th_test_run/events_1206.root,42778,4,h100;h3;h1;h50
OK,/exp/uboone/data/users/jburridg/Nuance/NUANCE/NUANCE_event_files/output/root/PoT_Nuance_event_files/7th_test_run/events_1433.root,43710,4,h100;h3;h1;h50
OK,/exp/uboone/data/users/jburridg/Nuance/NUANCE/NUANCE_event_files/output/root/PoT_Nuance_event_files/7th_test_run/events_631.root,46010,4,h100;h3;h1;h50
OK,/exp/uboone/data/users/jburridg/Nuance/NUANCE/NUANCE_event_files/output/root/PoT_Nuance_event_files/7th_test_run/events_613.root,41679,4,h100;h3;h1;h50
OK,/exp/uboone/data/users/jburridg/Nuance/NUANCE/NUANCE_event_files/output/root/PoT_Nuance_event_files/7th_test_run/events_965.root,44368,4,h100;h3;h1;h50
OK,/exp/uboone/data/users/jburridg/Nuance/NUANCE/NUANCE_event_files/output/root/PoT_Nuance_event_files/7th_test_run/events_969.root,45359,4,h100;h3;h1;h50
OK,/exp/uboone/data/users/jburridg/Nuance/NUANCE/NUANCE_event_files/output/root/PoT_Nuance_event_files/7th_test_run/events_1299.root,42539,4,h100;h3;h1;h50
OK,/exp/uboone/data/users/jburridg/Nuance/NUANCE/NUANCE_event_files/output/root/PoT_Nuance_event_files/7th_test_run/events_549.root,42247,4,h100;h3;h1;h50
OK,/exp/uboone/data/users/jburridg/Nuance/NUANCE/NUANCE_event_files/output/root/PoT_Nuance_event_files/7th_test_run/events_977.root,43648,4,h100;h3;h1;h50
OK,/exp/uboone/data/users/jburridg/Nuance/NUANCE/NUANCE_event_files/output/root/PoT_Nuance_event_files/7th_test_run/events_1164.root,44790,4,h100;h3;h1;h50
OK,/exp/uboone/data/users/jburridg/Nuance/NUANCE/NUANCE_event_files/output/root/PoT_Nuance_event_files/7th_test_run/events_1219.root,43248,4,h100;h3;h1;h50
OK,/exp/uboone/data/users/jburridg/Nuance/NUANCE/NUANCE_event_files/output/root/PoT_Nuance_event_files/7th_test_run/events_1434.root,42328,4,h100;h3;h1;h50
OK,/exp/uboone/data/users/jburridg/Nuance/NUANCE/NUANCE_event_files/output/root/PoT_Nuance_event_files/7th_test_run/events_1088.root,39537,4,h100;h3;h1;h50
OK,/exp/uboone/data/users/jburridg/Nuance/NUANCE/NUANCE_event_files/output/root/PoT_Nuance_event_files/7th_test_run/events_821.root,43381,4,h100;h3;h1;h50
OK,/exp/uboone/data/users/jburridg/Nuance/NUANCE/NUANCE_event_files/output/root/PoT_Nuance_event_files/7th_test_run/events_729.root,42726,4,h100;h3;h1;h50
OK,/exp/uboone/data/users/jburridg/Nuance/NUANCE/NUANCE_event_files/output/root/PoT_Nuance_event_files/7th_test_run/events_866.root,43716,4,h100;h3;h1;h50
OK,/exp/uboone/data/users/jburridg/Nuance/NUANCE/NUANCE_event_files/output/root/PoT_Nuance_event_files/7th_test_run/events_892.root,42978,4,h100;h3;h1;h50
OK,/exp/uboone/data/users/jburridg/Nuance/NUANCE/NUANCE_event_files/output/root/PoT_Nuance_event_files/7th_test_run/events_1099.root,41981,4,h100;h3;h1;h50
OK,/exp/uboone/data/users/jburridg/Nuance/NUANCE/NUANCE_event_files/output/root/PoT_Nuance_event_files/7th_test_run/events_1163.root,43091,4,h100;h3;h1;h50
OK,/exp/uboone/data/users/jburridg/Nuance/NUANCE/NUANCE_event_files/output/root/PoT_Nuance_event_files/7th_test_run/events_930.root,45047,4,h100;h3;h1;h50
OK,/exp/uboone/data/users/jburridg/Nuance/NUANCE/NUANCE_event_files/output/root/PoT_Nuance_event_files/7th_test_run/events_573.root,43763,4,h100;h3;h1;h50
OK,/exp/uboone/data/users/jburridg/Nuance/NUANCE/NUANCE_event_files/output/root/PoT_Nuance_event_files/7th_test_run/events_1449.root,42947,4,h100;h3;h1;h50
OK,/exp/uboone/data/users/jburridg/Nuance/NUANCE/NUANCE_event_files/output/root/PoT_Nuance_event_files/7th_test_run/events_552.root,43613,4,h100;h3;h1;h50
OK,/exp/uboone/data/users/jburridg/Nuance/NUANCE/NUANCE_event_files/output/root/PoT_Nuance_event_files/7th_test_run/events_1417.root,43422,4,h100;h3;h1;h50
OK,/exp/uboone/data/users/jburridg/Nuance/NUANCE/NUANCE_event_files/output/root/PoT_Nuance_event_files/7th_test_run/events_677.root,42932,4,h100;h3;h1;h50
OK,/exp/uboone/data/users/jburridg/Nuance/NUANCE/NUANCE_event_files/output/root/PoT_Nuance_event_files/7th_test_run/events_1229.root,45588,4,h100;h3;h1;h50
OK,/exp/uboone/data/users/jburridg/Nuance/NUANCE/NUANCE_event_files/output/root/PoT_Nuance_event_files/7th_test_run/events_855.root,42558,4,h100;h3;h1;h50
OK,/exp/uboone/data/users/jburridg/Nuance/NUANCE/NUANCE_event_files/output/root/PoT_Nuance_event_files/7th_test_run/events_1260.root,42649,4,h100;h3;h1;h50
OK,/exp/uboone/data/users/jburridg/Nuance/NUANCE/NUANCE_event_files/output/root/PoT_Nuance_event_files/7th_test_run/events_690.root,40791,4,h100;h3;h1;h50
OK,/exp/uboone/data/users/jburridg/Nuance/NUANCE/NUANCE_event_files/output/root/PoT_Nuance_event_files/7th_test_run/events_1154.root,42289,4,h100;h3;h1;h50
OK,/exp/uboone/data/users/jburridg/Nuance/NUANCE/NUANCE_event_files/output/root/PoT_Nuance_event_files/7th_test_run/events_1017.root,44434,4,h100;h3;h1;h50
OK,/exp/uboone/data/users/jburridg/Nuance/NUANCE/NUANCE_event_files/output/root/PoT_Nuance_event_files/7th_test_run/events_783.root,42897,4,h100;h3;h1;h50
OK,/exp/uboone/data/users/jburridg/Nuance/NUANCE/NUANCE_event_files/output/root/PoT_Nuance_event_files/7th_test_run/events_1151.root,40847,4,h100;h3;h1;h50
OK,/exp/uboone/data/users/jburridg/Nuance/NUANCE/NUANCE_event_files/output/root/PoT_Nuance_event_files/7th_test_run/events_815.root,42898,4,h100;h3;h1;h50
OK,/exp/uboone/data/users/jburridg/Nuance/NUANCE/NUANCE_event_files/output/root/PoT_Nuance_event_files/7th_test_run/events_1292.root,41508,4,h100;h3;h1;h50
OK,/exp/uboone/data/users/jburridg/Nuance/NUANCE/NUANCE_event_files/output/root/PoT_Nuance_event_files/7th_test_run/events_1191.root,42766,4,h100;h3;h1;h50
OK,/exp/uboone/data/users/jburridg/Nuance/NUANCE/NUANCE_event_files/output/root/PoT_Nuance_event_files/7th_test_run/events_1139.root,44782,4,h100;h3;h1;h50
OK,/exp/uboone/data/users/jburridg/Nuance/NUANCE/NUANCE_event_files/output/root/PoT_Nuance_event_files/7th_test_run/events_1378.root,42277,4,h100;h3;h1;h50
OK,/exp/uboone/data/users/jburridg/Nuance/NUANCE/NUANCE_event_files/output/root/PoT_Nuance_event_files/7th_test_run/events_797.root,41563,4,h100;h3;h1;h50
OK,/exp/uboone/data/users/jburridg/Nuance/NUANCE/NUANCE_event_files/output/root/PoT_Nuance_event_files/7th_test_run/events_1365.root,43745,4,h100;h3;h1;h50
OK,/exp/uboone/data/users/jburridg/Nuance/NUANCE/NUANCE_event_files/output/root/PoT_Nuance_event_files/7th_test_run/events_875.root,43568,4,h100;h3;h1;h50
OK,/exp/uboone/data/users/jburridg/Nuance/NUANCE/NUANCE_event_files/output/root/PoT_Nuance_event_files/7th_test_run/events_795.root,44980,4,h100;h3;h1;h50
OK,/exp/uboone/data/users/jburridg/Nuance/NUANCE/NUANCE_event_files/output/root/PoT_Nuance_event_files/7th_test_run/events_921.root,43989,4,h100;h3;h1;h50
OK,/exp/uboone/data/users/jburridg/Nuance/NUANCE/NUANCE_event_files/output/root/PoT_Nuance_event_files/7th_test_run/events_1377.root,43419,4,h100;h3;h1;h50
OK,/exp/uboone/data/users/jburridg/Nuance/NUANCE/NUANCE_event_files/output/root/PoT_Nuance_event_files/7th_test_run/events_1308.root,41427,4,h100;h3;h1;h50
OK,/exp/uboone/data/users/jburridg/Nuance/NUANCE/NUANCE_event_files/output/root/PoT_Nuance_event_files/7th_test_run/events_1069.root,43881,4,h100;h3;h1;h50
OK,/exp/uboone/data/users/jburridg/Nuance/NUANCE/NUANCE_event_files/output/root/PoT_Nuance_event_files/7th_test_run/events_1445.root,43606,4,h100;h3;h1;h50
OK,/exp/uboone/data/users/jburridg/Nuance/NUANCE/NUANCE_event_files/output/root/PoT_Nuance_event_files/7th_test_run/events_1294.root,44057,4,h100;h3;h1;h50
OK,/exp/uboone/data/users/jburridg/Nuance/NUANCE/NUANCE_event_files/output/root/PoT_Nuance_event_files/7th_test_run/events_1104.root,41506,4,h100;h3;h1;h50
OK,/exp/uboone/data/users/jburridg/Nuance/NUANCE/NUANCE_event_files/output/root/PoT_Nuance_event_files/7th_test_run/events_861.root,42069,4,h100;h3;h1;h50
OK,/exp/uboone/data/users/jburridg/Nuance/NUANCE/NUANCE_event_files/output/root/PoT_Nuance_event_files/7th_test_run/events_612.root,42300,4,h100;h3;h1;h50
OK,/exp/uboone/data/users/jburridg/Nuance/NUANCE/NUANCE_event_files/output/root/PoT_Nuance_event_files/7th_test_run/events_791.root,43730,4,h100;h3;h1;h50
OK,/exp/uboone/data/users/jburridg/Nuance/NUANCE/NUANCE_event_files/output/root/PoT_Nuance_event_files/7th_test_run/events_630.root,45274,4,h100;h3;h1;h50
OK,/exp/uboone/data/users/jburridg/Nuance/NUANCE/NUANCE_event_files/output/root/PoT_Nuance_event_files/7th_test_run/events_748.root,43248,4,h100;h3;h1;h50
OK,/exp/uboone/data/users/jburridg/Nuance/NUANCE/NUANCE_event_files/output/root/PoT_Nuance_event_files/7th_test_run/events_1170.root,43972,4,h100;h3;h1;h50
OK,/exp/uboone/data/users/jburridg/Nuance/NUANCE/NUANCE_event_files/output/root/PoT_Nuance_event_files/7th_test_run/events_731.root,41672,4,h100;h3;h1;h50
OK,/exp/uboone/data/users/jburridg/Nuance/NUANCE/NUANCE_event_files/output/root/PoT_Nuance_event_files/7th_test_run/events_517.root,42809,4,h100;h3;h1;h50
OK,/exp/uboone/data/users/jburridg/Nuance/NUANCE/NUANCE_event_files/output/root/PoT_Nuance_event_files/7th_test_run/events_504.root,45873,4,h100;h3;h1;h50
OK,/exp/uboone/data/users/jburridg/Nuance/NUANCE/NUANCE_event_files/output/root/PoT_Nuance_event_files/7th_test_run/events_594.root,42946,4,h100;h3;h1;h50
OK,/exp/uboone/data/users/jburridg/Nuance/NUANCE/NUANCE_event_files/output/root/PoT_Nuance_event_files/7th_test_run/events_1110.root,39773,4,h100;h3;h1;h50
OK,/exp/uboone/data/users/jburridg/Nuance/NUANCE/NUANCE_event_files/output/root/PoT_Nuance_event_files/7th_test_run/events_561.root,42785,4,h100;h3;h1;h50
OK,/exp/uboone/data/users/jburridg/Nuance/NUANCE/NUANCE_event_files/output/root/PoT_Nuance_event_files/7th_test_run/events_1189.root,42303,4,h100;h3;h1;h50
OK,/exp/uboone/data/users/jburridg/Nuance/NUANCE/NUANCE_event_files/output/root/PoT_Nuance_event_files/7th_test_run/events_692.root,45397,4,h100;h3;h1;h50
OK,/exp/uboone/data/users/jburridg/Nuance/NUANCE/NUANCE_event_files/output/root/PoT_Nuance_event_files/7th_test_run/events_1027.root,44008,4,h100;h3;h1;h50
OK,/exp/uboone/data/users/jburridg/Nuance/NUANCE/NUANCE_event_files/output/root/PoT_Nuance_event_files/7th_test_run/events_1128.root,42783,4,h100;h3;h1;h50
OK,/exp/uboone/data/users/jburridg/Nuance/NUANCE/NUANCE_event_files/output/root/PoT_Nuance_event_files/7th_test_run/events_1141.root,42282,4,h100;h3;h1;h50
OK,/exp/uboone/data/users/jburridg/Nuance/NUANCE/NUANCE_event_files/output/root/PoT_Nuance_event_files/7th_test_run/events_1319.root,44138,4,h100;h3;h1;h50
OK,/exp/uboone/data/users/jburridg/Nuance/NUANCE/NUANCE_event_files/output/root/PoT_Nuance_event_files/7th_test_run/events_1415.root,43104,4,h100;h3;h1;h50
OK,/exp/uboone/data/users/jburridg/Nuance/NUANCE/NUANCE_event_files/output/root/PoT_Nuance_event_files/7th_test_run/events_1469.root,42019,4,h100;h3;h1;h50
OK,/exp/uboone/data/users/jburridg/Nuance/NUANCE/NUANCE_event_files/output/root/PoT_Nuance_event_files/7th_test_run/events_1380.root,39485,4,h100;h3;h1;h50
OK,/exp/uboone/data/users/jburridg/Nuance/NUANCE/NUANCE_event_files/output/root/PoT_Nuance_event_files/7th_test_run/events_954.root,43498,4,h100;h3;h1;h50
OK,/exp/uboone/data/users/jburridg/Nuance/NUANCE/NUANCE_event_files/output/root/PoT_Nuance_event_files/7th_test_run/events_503.root,43992,4,h100;h3;h1;h50
OK,/exp/uboone/data/users/jburridg/Nuance/NUANCE/NUANCE_event_files/output/root/PoT_Nuance_event_files/7th_test_run/events_557.root,43552,4,h100;h3;h1;h50
OK,/exp/uboone/data/users/jburridg/Nuance/NUANCE/NUANCE_event_files/output/root/PoT_Nuance_event_files/7th_test_run/events_1243.root,44996,4,h100;h3;h1;h50
OK,/exp/uboone/data/users/jburridg/Nuance/NUANCE/NUANCE_event_files/output/root/PoT_Nuance_event_files/7th_test_run/events_801.root,42533,4,h100;h3;h1;h50
OK,/exp/uboone/data/users/jburridg/Nuance/NUANCE/NUANCE_event_files/output/root/PoT_Nuance_event_files/7th_test_run/events_816.root,42825,4,h100;h3;h1;h50
OK,/exp/uboone/data/users/jburridg/Nuance/NUANCE/NUANCE_event_files/output/root/PoT_Nuance_event_files/7th_test_run/events_1011.root,43484,4,h100;h3;h1;h50
OK,/exp/uboone/data/users/jburridg/Nuance/NUANCE/NUANCE_event_files/output/root/PoT_Nuance_event_files/7th_test_run/events_796.root,43667,4,h100;h3;h1;h50
OK,/exp/uboone/data/users/jburridg/Nuance/NUANCE/NUANCE_event_files/output/root/PoT_Nuance_event_files/7th_test_run/events_641.root,43474,4,h100;h3;h1;h50
OK,/exp/uboone/data/users/jburridg/Nuance/NUANCE/NUANCE_event_files/output/root/PoT_Nuance_event_files/7th_test_run/events_1272.root,42459,4,h100;h3;h1;h50
OK,/exp/uboone/data/users/jburridg/Nuance/NUANCE/NUANCE_event_files/output/root/PoT_Nuance_event_files/7th_test_run/events_734.root,44894,4,h100;h3;h1;h50
OK,/exp/uboone/data/users/jburridg/Nuance/NUANCE/NUANCE_event_files/output/root/PoT_Nuance_event_files/7th_test_run/events_1258.root,42182,4,h100;h3;h1;h50
OK,/exp/uboone/data/users/jburridg/Nuance/NUANCE/NUANCE_event_files/output/root/PoT_Nuance_event_files/7th_test_run/events_728.root,42665,4,h100;h3;h1;h50
OK,/exp/uboone/data/users/jburridg/Nuance/NUANCE/NUANCE_event_files/output/root/PoT_Nuance_event_files/7th_test_run/events_835.root,45304,4,h100;h3;h1;h50
OK,/exp/uboone/data/users/jburridg/Nuance/NUANCE/NUANCE_event_files/output/root/PoT_Nuance_event_files/7th_test_run/events_588.root,42909,4,h100;h3;h1;h50
OK,/exp/uboone/data/users/jburridg/Nuance/NUANCE/NUANCE_event_files/output/root/PoT_Nuance_event_files/7th_test_run/events_1231.root,41189,4,h100;h3;h1;h50
OK,/exp/uboone/data/users/jburridg/Nuance/NUANCE/NUANCE_event_files/output/root/PoT_Nuance_event_files/7th_test_run/events_1398.root,42274,4,h100;h3;h1;h50
OK,/exp/uboone/data/users/jburridg/Nuance/NUANCE/NUANCE_event_files/output/root/PoT_Nuance_event_files/7th_test_run/events_1416.root,45718,4,h100;h3;h1;h50
OK,/exp/uboone/data/users/jburridg/Nuance/NUANCE/NUANCE_event_files/output/root/PoT_Nuance_event_files/7th_test_run/events_1411.root,43571,4,h100;h3;h1;h50
OK,/exp/uboone/data/users/jburridg/Nuance/NUANCE/NUANCE_event_files/output/root/PoT_Nuance_event_files/7th_test_run/events_888.root,43751,4,h100;h3;h1;h50
OK,/exp/uboone/data/users/jburridg/Nuance/NUANCE/NUANCE_event_files/output/root/PoT_Nuance_event_files/7th_test_run/events_597.root,43549,4,h100;h3;h1;h50
OK,/exp/uboone/data/users/jburridg/Nuance/NUANCE/NUANCE_event_files/output/root/PoT_Nuance_event_files/7th_test_run/events_1237.root,41716,4,h100;h3;h1;h50
OK,/exp/uboone/data/users/jburridg/Nuance/NUANCE/NUANCE_event_files/output/root/PoT_Nuance_event_files/7th_test_run/events_737.root,41639,4,h100;h3;h1;h50
OK,/exp/uboone/data/users/jburridg/Nuance/NUANCE/NUANCE_event_files/output/root/PoT_Nuance_event_files/7th_test_run/events_854.root,46243,4,h100;h3;h1;h50
OK,/exp/uboone/data/users/jburridg/Nuance/NUANCE/NUANCE_event_files/output/root/PoT_Nuance_event_files/7th_test_run/events_1474.root,41741,4,h100;h3;h1;h50
OK,/exp/uboone/data/users/jburridg/Nuance/NUANCE/NUANCE_event_files/output/root/PoT_Nuance_event_files/7th_test_run/events_1381.root,39969,4,h100;h3;h1;h50
OK,/exp/uboone/data/users/jburridg/Nuance/NUANCE/NUANCE_event_files/output/root/PoT_Nuance_event_files/7th_test_run/events_836.root,41291,4,h100;h3;h1;h50
OK,/exp/uboone/data/users/jburridg/Nuance/NUANCE/NUANCE_event_files/output/root/PoT_Nuance_event_files/7th_test_run/events_618.root,43952,4,h100;h3;h1;h50
OK,/exp/uboone/data/users/jburridg/Nuance/NUANCE/NUANCE_event_files/output/root/PoT_Nuance_event_files/7th_test_run/events_1045.root,41507,4,h100;h3;h1;h50
OK,/exp/uboone/data/users/jburridg/Nuance/NUANCE/NUANCE_event_files/output/root/PoT_Nuance_event_files/7th_test_run/events_1224.root,43132,4,h100;h3;h1;h50
OK,/exp/uboone/data/users/jburridg/Nuance/NUANCE/NUANCE_event_files/output/root/PoT_Nuance_event_files/7th_test_run/events_1453.root,40971,4,h100;h3;h1;h50
OK,/exp/uboone/data/users/jburridg/Nuance/NUANCE/NUANCE_event_files/output/root/PoT_Nuance_event_files/7th_test_run/events_991.root,44758,4,h100;h3;h1;h50
OK,/exp/uboone/data/users/jburridg/Nuance/NUANCE/NUANCE_event_files/output/root/PoT_Nuance_event_files/7th_test_run/events_1371.root,43348,4,h100;h3;h1;h50
OK,/exp/uboone/data/users/jburridg/Nuance/NUANCE/NUANCE_event_files/output/root/PoT_Nuance_event_files/7th_test_run/events_739.root,41698,4,h100;h3;h1;h50
OK,/exp/uboone/data/users/jburridg/Nuance/NUANCE/NUANCE_event_files/output/root/PoT_Nuance_event_files/7th_test_run/events_590.root,42153,4,h100;h3;h1;h50
OK,/exp/uboone/data/users/jburridg/Nuance/NUANCE/NUANCE_event_files/output/root/PoT_Nuance_event_files/7th_test_run/events_1372.root,39766,4,h100;h3;h1;h50
OK,/exp/uboone/data/users/jburridg/Nuance/NUANCE/NUANCE_event_files/output/root/PoT_Nuance_event_files/7th_test_run/events_1166.root,43009,4,h100;h3;h1;h50
OK,/exp/uboone/data/users/jburridg/Nuance/NUANCE/NUANCE_event_files/output/root/PoT_Nuance_event_files/7th_test_run/events_564.root,42897,4,h100;h3;h1;h50
OK,/exp/uboone/data/users/jburridg/Nuance/NUANCE/NUANCE_event_files/output/root/PoT_Nuance_event_files/7th_test_run/events_721.root,40135,4,h100;h3;h1;h50
OK,/exp/uboone/data/users/jburridg/Nuance/NUANCE/NUANCE_event_files/output/root/PoT_Nuance_event_files/7th_test_run/events_769.root,41994,4,h100;h3;h1;h50
OK,/exp/uboone/data/users/jburridg/Nuance/NUANCE/NUANCE_event_files/output/root/PoT_Nuance_event_files/7th_test_run/events_909.root,42002,4,h100;h3;h1;h50
OK,/exp/uboone/data/users/jburridg/Nuance/NUANCE/NUANCE_event_files/output/root/PoT_Nuance_event_files/7th_test_run/events_708.root,41392,4,h100;h3;h1;h50
OK,/exp/uboone/data/users/jburridg/Nuance/NUANCE/NUANCE_event_files/output/root/PoT_Nuance_event_files/7th_test_run/events_1419.root,42948,4,h100;h3;h1;h50
OK,/exp/uboone/data/users/jburridg/Nuance/NUANCE/NUANCE_event_files/output/root/PoT_Nuance_event_files/7th_test_run/events_781.root,44152,4,h100;h3;h1;h50
OK,/exp/uboone/data/users/jburridg/Nuance/NUANCE/NUANCE_event_files/output/root/PoT_Nuance_event_files/7th_test_run/events_1408.root,40609,4,h100;h3;h1;h50
OK,/exp/uboone/data/users/jburridg/Nuance/NUANCE/NUANCE_event_files/output/root/PoT_Nuance_event_files/7th_test_run/events_705.root,43297,4,h100;h3;h1;h50
OK,/exp/uboone/data/users/jburridg/Nuance/NUANCE/NUANCE_event_files/output/root/PoT_Nuance_event_files/7th_test_run/events_704.root,42265,4,h100;h3;h1;h50
OK,/exp/uboone/data/users/jburridg/Nuance/NUANCE/NUANCE_event_files/output/root/PoT_Nuance_event_files/7th_test_run/events_1167.root,43980,4,h100;h3;h1;h50
OK,/exp/uboone/data/users/jburridg/Nuance/NUANCE/NUANCE_event_files/output/root/PoT_Nuance_event_files/7th_test_run/events_1362.root,41065,4,h100;h3;h1;h50
NO_TREE,/exp/uboone/data/users/jburridg/Nuance/NUANCE/NUANCE_event_files/output/root/PoT_Nuance_event_files/7th_test_run/events_1133.root,631,0,
OK,/exp/uboone/data/users/jburridg/Nuance/NUANCE/NUANCE_event_files/output/root/PoT_Nuance_event_files/7th_test_run/events_761.root,43563,4,h100;h3;h1;h50
OK,/exp/uboone/data/users/jburridg/Nuance/NUANCE/NUANCE_event_files/output/root/PoT_Nuance_event_files/7th_test_run/events_1355.root,40883,4,h100;h3;h1;h50
OK,/exp/uboone/data/users/jburridg/Nuance/NUANCE/NUANCE_event_files/output/root/PoT_Nuance_event_files/7th_test_run/events_1418.root,44456,4,h100;h3;h1;h50
OK,/exp/uboone/data/users/jburridg/Nuance/NUANCE/NUANCE_event_files/output/root/PoT_Nuance_event_files/7th_test_run/events_1248.root,45158,4,h100;h3;h1;h50
OK,/exp/uboone/data/users/jburridg/Nuance/NUANCE/NUANCE_event_files/output/root/PoT_Nuance_event_files/7th_test_run/events_1055.root,41069,4,h100;h3;h1;h50
OK,/exp/uboone/data/users/jburridg/Nuance/NUANCE/NUANCE_event_files/output/root/PoT_Nuance_event_files/7th_test_run/events_899.root,44563,4,h100;h3;h1;h50
OK,/exp/uboone/data/users/jburridg/Nuance/NUANCE/NUANCE_event_files/output/root/PoT_Nuance_event_files/7th_test_run/events_1357.root,43046,4,h100;h3;h1;h50
OK,/exp/uboone/data/users/jburridg/Nuance/NUANCE/NUANCE_event_files/output/root/PoT_Nuance_event_files/7th_test_run/events_1180.root,40375,4,h100;h3;h1;h50
OK,/exp/uboone/data/users/jburridg/Nuance/NUANCE/NUANCE_event_files/output/root/PoT_Nuance_event_files/7th_test_run/events_745.root,44039,4,h100;h3;h1;h50
OK,/exp/uboone/data/users/jburridg/Nuance/NUANCE/NUANCE_event_files/output/root/PoT_Nuance_event_files/7th_test_run/events_511.root,45888,4,h100;h3;h1;h50
OK,/exp/uboone/data/users/jburridg/Nuance/NUANCE/NUANCE_event_files/output/root/PoT_Nuance_event_files/7th_test_run/events_838.root,41006,4,h100;h3;h1;h50
OK,/exp/uboone/data/users/jburridg/Nuance/NUANCE/NUANCE_event_files/output/root/PoT_Nuance_event_files/7th_test_run/events_860.root,43665,4,h100;h3;h1;h50
OK,/exp/uboone/data/users/jburridg/Nuance/NUANCE/NUANCE_event_files/output/root/PoT_Nuance_event_files/7th_test_run/events_1044.root,41160,4,h100;h3;h1;h50
OK,/exp/uboone/data/users/jburridg/Nuance/NUANCE/NUANCE_event_files/output/root/PoT_Nuance_event_files/7th_test_run/events_514.root,42521,4,h100;h3;h1;h50
OK,/exp/uboone/data/users/jburridg/Nuance/NUANCE/NUANCE_event_files/output/root/PoT_Nuance_event_files/7th_test_run/events_1448.root,42692,4,h100;h3;h1;h50
OK,/exp/uboone/data/users/jburridg/Nuance/NUANCE/NUANCE_event_files/output/root/PoT_Nuance_event_files/7th_test_run/events_1262.root,43745,4,h100;h3;h1;h50
OK,/exp/uboone/data/users/jburridg/Nuance/NUANCE/NUANCE_event_files/output/root/PoT_Nuance_event_files/7th_test_run/events_1344.root,40820,4,h100;h3;h1;h50
OK,/exp/uboone/data/users/jburridg/Nuance/NUANCE/NUANCE_event_files/output/root/PoT_Nuance_event_files/7th_test_run/events_846.root,44999,4,h100;h3;h1;h50
OK,/exp/uboone/data/users/jburridg/Nuance/NUANCE/NUANCE_event_files/output/root/PoT_Nuance_event_files/7th_test_run/events_1013.root,45639,4,h100;h3;h1;h50
OK,/exp/uboone/data/users/jburridg/Nuance/NUANCE/NUANCE_event_files/output/root/PoT_Nuance_event_files/7th_test_run/events_886.root,44791,4,h100;h3;h1;h50
OK,/exp/uboone/data/users/jburridg/Nuance/NUANCE/NUANCE_event_files/output/root/PoT_Nuance_event_files/7th_test_run/events_650.root,44117,4,h100;h3;h1;h50
OK,/exp/uboone/data/users/jburridg/Nuance/NUANCE/NUANCE_event_files/output/root/PoT_Nuance_event_files/7th_test_run/events_1156.root,42051,4,h100;h3;h1;h50
OK,/exp/uboone/data/users/jburridg/Nuance/NUANCE/NUANCE_event_files/output/root/PoT_Nuance_event_files/7th_test_run/events_1466.root,43850,4,h100;h3;h1;h50
OK,/exp/uboone/data/users/jburridg/Nuance/NUANCE/NUANCE_event_files/output/root/PoT_Nuance_event_files/7th_test_run/events_1037.root,42836,4,h100;h3;h1;h50
OK,/exp/uboone/data/users/jburridg/Nuance/NUANCE/NUANCE_event_files/output/root/PoT_Nuance_event_files/7th_test_run/events_950.root,40297,4,h100;h3;h1;h50
OK,/exp/uboone/data/users/jburridg/Nuance/NUANCE/NUANCE_event_files/output/root/PoT_Nuance_event_files/7th_test_run/events_918.root,41899,4,h100;h3;h1;h50
OK,/exp/uboone/data/users/jburridg/Nuance/NUANCE/NUANCE_event_files/output/root/PoT_Nuance_event_files/7th_test_run/events_1444.root,44709,4,h100;h3;h1;h50
OK,/exp/uboone/data/users/jburridg/Nuance/NUANCE/NUANCE_event_files/output/root/PoT_Nuance_event_files/7th_test_run/events_1208.root,41969,4,h100;h3;h1;h50
OK,/exp/uboone/data/users/jburridg/Nuance/NUANCE/NUANCE_event_files/output/root/PoT_Nuance_event_files/7th_test_run/events_685.root,44822,4,h100;h3;h1;h50
OK,/exp/uboone/data/users/jburridg/Nuance/NUANCE/NUANCE_event_files/output/root/PoT_Nuance_event_files/7th_test_run/events_975.root,42173,4,h100;h3;h1;h50
OK,/exp/uboone/data/users/jburridg/Nuance/NUANCE/NUANCE_event_files/output/root/PoT_Nuance_event_files/7th_test_run/events_820.root,39532,4,h100;h3;h1;h50
OK,/exp/uboone/data/users/jburridg/Nuance/NUANCE/NUANCE_event_files/output/root/PoT_Nuance_event_files/7th_test_run/events_1351.root,41299,4,h100;h3;h1;h50
OK,/exp/uboone/data/users/jburridg/Nuance/NUANCE/NUANCE_event_files/output/root/PoT_Nuance_event_files/7th_test_run/events_726.root,40375,4,h100;h3;h1;h50
OK,/exp/uboone/data/users/jburridg/Nuance/NUANCE/NUANCE_event_files/output/root/PoT_Nuance_event_files/7th_test_run/events_868.root,43590,4,h100;h3;h1;h50
OK,/exp/uboone/data/users/jburridg/Nuance/NUANCE/NUANCE_event_files/output/root/PoT_Nuance_event_files/7th_test_run/events_1465.root,44403,4,h100;h3;h1;h50
OK,/exp/uboone/data/users/jburridg/Nuance/NUANCE/NUANCE_event_files/output/root/PoT_Nuance_event_files/7th_test_run/events_1220.root,42856,4,h100;h3;h1;h50
OK,/exp/uboone/data/users/jburridg/Nuance/NUANCE/NUANCE_event_files/output/root/PoT_Nuance_event_files/7th_test_run/events_1255.root,44345,4,h100;h3;h1;h50
OK,/exp/uboone/data/users/jburridg/Nuance/NUANCE/NUANCE_event_files/output/root/PoT_Nuance_event_files/7th_test_run/events_1326.root,43916,4,h100;h3;h1;h50
OK,/exp/uboone/data/users/jburridg/Nuance/NUANCE/NUANCE_event_files/output/root/PoT_Nuance_event_files/7th_test_run/events_1211.root,41866,4,h100;h3;h1;h50
OK,/exp/uboone/data/users/jburridg/Nuance/NUANCE/NUANCE_event_files/output/root/PoT_Nuance_event_files/7th_test_run/events_772.root,44226,4,h100;h3;h1;h50
OK,/exp/uboone/data/users/jburridg/Nuance/NUANCE/NUANCE_event_files/output/root/PoT_Nuance_event_files/7th_test_run/events_706.root,44585,4,h100;h3;h1;h50
OK,/exp/uboone/data/users/jburridg/Nuance/NUANCE/NUANCE_event_files/output/root/PoT_Nuance_event_files/7th_test_run/events_1230.root,43293,4,h100;h3;h1;h50
OK,/exp/uboone/data/users/jburridg/Nuance/NUANCE/NUANCE_event_files/output/root/PoT_Nuance_event_files/7th_test_run/events_1458.root,43548,4,h100;h3;h1;h50
OK,/exp/uboone/data/users/jburridg/Nuance/NUANCE/NUANCE_event_files/output/root/PoT_Nuance_event_files/7th_test_run/events_1359.root,43433,4,h100;h3;h1;h50
OK,/exp/uboone/data/users/jburridg/Nuance/NUANCE/NUANCE_event_files/output/root/PoT_Nuance_event_files/7th_test_run/events_932.root,46575,4,h100;h3;h1;h50
OK,/exp/uboone/data/users/jburridg/Nuance/NUANCE/NUANCE_event_files/output/root/PoT_Nuance_event_files/7th_test_run/events_672.root,42145,4,h100;h3;h1;h50
OK,/exp/uboone/data/users/jburridg/Nuance/NUANCE/NUANCE_event_files/output/root/PoT_Nuance_event_files/7th_test_run/events_516.root,43806,4,h100;h3;h1;h50
OK,/exp/uboone/data/users/jburridg/Nuance/NUANCE/NUANCE_event_files/output/root/PoT_Nuance_event_files/7th_test_run/events_832.root,45363,4,h100;h3;h1;h50
OK,/exp/uboone/data/users/jburridg/Nuance/NUANCE/NUANCE_event_files/output/root/PoT_Nuance_event_files/7th_test_run/events_768.root,43194,4,h100;h3;h1;h50
OK,/exp/uboone/data/users/jburridg/Nuance/NUANCE/NUANCE_event_files/output/root/PoT_Nuance_event_files/7th_test_run/events_948.root,42104,4,h100;h3;h1;h50
OK,/exp/uboone/data/users/jburridg/Nuance/NUANCE/NUANCE_event_files/output/root/PoT_Nuance_event_files/7th_test_run/events_1287.root,43447,4,h100;h3;h1;h50
OK,/exp/uboone/data/users/jburridg/Nuance/NUANCE/NUANCE_event_files/output/root/PoT_Nuance_event_files/7th_test_run/events_1276.root,42822,4,h100;h3;h1;h50
OK,/exp/uboone/data/users/jburridg/Nuance/NUANCE/NUANCE_event_files/output/root/PoT_Nuance_event_files/7th_test_run/events_925.root,42747,4,h100;h3;h1;h50
OK,/exp/uboone/data/users/jburridg/Nuance/NUANCE/NUANCE_event_files/output/root/PoT_Nuance_event_files/7th_test_run/events_1147.root,42383,4,h100;h3;h1;h50
OK,/exp/uboone/data/users/jburridg/Nuance/NUANCE/NUANCE_event_files/output/root/PoT_Nuance_event_files/7th_test_run/events_1225.root,41633,4,h100;h3;h1;h50
OK,/exp/uboone/data/users/jburridg/Nuance/NUANCE/NUANCE_event_files/output/root/PoT_Nuance_event_files/7th_test_run/events_1061.root,44646,4,h100;h3;h1;h50
OK,/exp/uboone/data/users/jburridg/Nuance/NUANCE/NUANCE_event_files/output/root/PoT_Nuance_event_files/7th_test_run/events_990.root,41627,4,h100;h3;h1;h50
OK,/exp/uboone/data/users/jburridg/Nuance/NUANCE/NUANCE_event_files/output/root/PoT_Nuance_event_files/7th_test_run/events_1004.root,41506,4,h100;h3;h1;h50
OK,/exp/uboone/data/users/jburridg/Nuance/NUANCE/NUANCE_event_files/output/root/PoT_Nuance_event_files/7th_test_run/events_1228.root,42667,4,h100;h3;h1;h50
OK,/exp/uboone/data/users/jburridg/Nuance/NUANCE/NUANCE_event_files/output/root/PoT_Nuance_event_files/7th_test_run/events_553.root,44053,4,h100;h3;h1;h50
OK,/exp/uboone/data/users/jburridg/Nuance/NUANCE/NUANCE_event_files/output/root/PoT_Nuance_event_files/7th_test_run/events_915.root,44974,4,h100;h3;h1;h50
OK,/exp/uboone/data/users/jburridg/Nuance/NUANCE/NUANCE_event_files/output/root/PoT_Nuance_event_files/7th_test_run/events_1084.root,41327,4,h100;h3;h1;h50
OK,/exp/uboone/data/users/jburridg/Nuance/NUANCE/NUANCE_event_files/output/root/PoT_Nuance_event_files/7th_test_run/events_1046.root,44384,4,h100;h3;h1;h50
OK,/exp/uboone/data/users/jburridg/Nuance/NUANCE/NUANCE_event_files/output/root/PoT_Nuance_event_files/7th_test_run/events_955.root,43051,4,h100;h3;h1;h50
OK,/exp/uboone/data/users/jburridg/Nuance/NUANCE/NUANCE_event_files/output/root/PoT_Nuance_event_files/7th_test_run/events_778.root,41311,4,h100;h3;h1;h50
OK,/exp/uboone/data/users/jburridg/Nuance/NUANCE/NUANCE_event_files/output/root/PoT_Nuance_event_files/7th_test_run/events_946.root,45173,4,h100;h3;h1;h50
OK,/exp/uboone/data/users/jburridg/Nuance/NUANCE/NUANCE_event_files/output/root/PoT_Nuance_event_files/7th_test_run/events_643.root,42132,4,h100;h3;h1;h50
OK,/exp/uboone/data/users/jburridg/Nuance/NUANCE/NUANCE_event_files/output/root/PoT_Nuance_event_files/7th_test_run/events_806.root,43070,4,h100;h3;h1;h50
OK,/exp/uboone/data/users/jburridg/Nuance/NUANCE/NUANCE_event_files/output/root/PoT_Nuance_event_files/7th_test_run/events_957.root,43050,4,h100;h3;h1;h50
OK,/exp/uboone/data/users/jburridg/Nuance/NUANCE/NUANCE_event_files/output/root/PoT_Nuance_event_files/7th_test_run/events_1031.root,42629,4,h100;h3;h1;h50
OK,/exp/uboone/data/users/jburridg/Nuance/NUANCE/NUANCE_event_files/output/root/PoT_Nuance_event_files/7th_test_run/events_673.root,42503,4,h100;h3;h1;h50
OK,/exp/uboone/data/users/jburridg/Nuance/NUANCE/NUANCE_event_files/output/root/PoT_Nuance_event_files/7th_test_run/events_1247.root,45083,4,h100;h3;h1;h50
OK,/exp/uboone/data/users/jburridg/Nuance/NUANCE/NUANCE_event_files/output/root/PoT_Nuance_event_files/7th_test_run/events_658.root,43118,4,h100;h3;h1;h50
OK,/exp/uboone/data/users/jburridg/Nuance/NUANCE/NUANCE_event_files/output/root/PoT_Nuance_event_files/7th_test_run/events_547.root,41324,4,h100;h3;h1;h50
